Started GET "/" for 172.21.0.1 at 2026-09-06 19:12:31 +0000
  [1m[35m (4.7ms)[0m  [1m[35mCREATE TABLE "schema_migrations" ("version" varchar NOT NULL PRIMARY KEY)[0m
  [1m[35m (0.2ms)[0m  [1m[35mCREATE TABLE "ar_internal_metadata" ("key" varchar NOT NULL PRIMARY KEY, "value" varchar, "created_at" datetime(6) NOT NULL, "updated_at" datetime(6) NOT NULL)[0m
  [1m[36mActiveRecord::SchemaMigration Load (0.1ms)[0m  [1m[34mSELECT "schema_migrations"."version" FROM "schema_migrations" ORDER BY "schema_migrations"."version" ASC[0m
Processing by Rails::WelcomeController#index as HTML
  Rendering /usr/local/bundle/gems/railties-7.2.3.2/lib/rails/templates/rails/welcome/index.html.erb
  Rendered /usr/local/bundle/gems/railties-7.2.3.2/lib/rails/templates/rails/welcome/index.html.erb (Duration: 1.5ms | GC: 0.0ms)
Completed 200 OK in 43ms (Views: 12.0ms | ActiveRecord: 0.0ms (0 queries, 0 cached) | GC: 0.0ms)


Started GET "/icon.png" for 172.21.0.1 at 2026-09-06 19:12:31 +0000
  
ActionController::RoutingError (No route matches [GET] "/icon.png"):
  
Started GET "/" for 172.21.0.1 at 2026-09-06 19:56:12 +0000
  [1m[36mActiveRecord::SchemaMigration Load (1.0ms)[0m  [1m[34mSELECT "schema_migrations"."version" FROM "schema_migrations" ORDER BY "schema_migrations"."version" ASC[0m
Processing by Rails::WelcomeController#index as HTML
  Rendering /usr/local/bundle/gems/railties-7.2.3.2/lib/rails/templates/rails/welcome/index.html.erb
  Rendered /usr/local/bundle/gems/railties-7.2.3.2/lib/rails/templates/rails/welcome/index.html.erb (Duration: 1.1ms | GC: 0.0ms)
Completed 200 OK in 15ms (Views: 5.4ms | ActiveRecord: 0.0ms (0 queries, 0 cached) | GC: 0.0ms)


Started GET "/icon.png" for 172.21.0.1 at 2026-09-06 19:56:12 +0000
  
ActionController::RoutingError (No route matches [GET] "/icon.png"):
  
Started GET "/" for 172.21.0.1 at 2026-09-06 20:17:45 +0000
Processing by Rails::WelcomeController#index as HTML
  Rendering /usr/local/bundle/gems/railties-7.2.3.2/lib/rails/templates/rails/welcome/index.html.erb
  Rendered /usr/local/bundle/gems/railties-7.2.3.2/lib/rails/templates/rails/welcome/index.html.erb (Duration: 0.2ms | GC: 0.0ms)
Completed 200 OK in 2ms (Views: 1.8ms | ActiveRecord: 0.0ms (0 queries, 0 cached) | GC: 0.0ms)


Started GET "/appointment_types" for 172.21.0.1 at 2026-09-06 20:37:03 +0000
  [1m[36mActiveRecord::SchemaMigration Load (0.1ms)[0m  [1m[34mSELECT "schema_migrations"."version" FROM "schema_migrations" ORDER BY "schema_migrations"."version" ASC[0m
  
ActiveRecord::PendingMigrationError (

Migrations are pending. To resolve this issue, run:

        bin/rails db:migrate

You have 1 pending migration:

db/migrate/20260906203622_create_appointment_types.rb


):
  
activerecord (7.2.3.2) lib/active_record/migration.rb:756:in `check_pending_migrations'
activerecord (7.2.3.2) lib/active_record/migration.rb:663:in `block (2 levels) in call'
activesupport (7.2.3.2) lib/active_support/file_update_checker.rb:85:in `execute'
activesupport (7.2.3.2) lib/active_support/file_update_checker.rb:95:in `execute_if_updated'
activerecord (7.2.3.2) lib/active_record/migration.rb:670:in `block in call'
activerecord (7.2.3.2) lib/active_record/migration.rb:660:in `synchronize'
activerecord (7.2.3.2) lib/active_record/migration.rb:660:in `call'
actionpack (7.2.3.2) lib/action_dispatch/middleware/callbacks.rb:31:in `block in call'
activesupport (7.2.3.2) lib/active_support/callbacks.rb:101:in `run_callbacks'
actionpack (7.2.3.2) lib/action_dispatch/middleware/callbacks.rb:30:in `call'
actionpack (7.2.3.2) lib/action_dispatch/middleware/executor.rb:16:in `call'
actionpack (7.2.3.2) lib/action_dispatch/middleware/actionable_exceptions.rb:18:in `call'
actionpack (7.2.3.2) lib/action_dispatch/middleware/debug_exceptions.rb:31:in `call'
actionpack (7.2.3.2) lib/action_dispatch/middleware/show_exceptions.rb:32:in `call'
railties (7.2.3.2) lib/rails/rack/logger.rb:41:in `call_app'
railties (7.2.3.2) lib/rails/rack/logger.rb:29:in `call'
actionpack (7.2.3.2) lib/action_dispatch/middleware/remote_ip.rb:96:in `call'
actionpack (7.2.3.2) lib/action_dispatch/middleware/request_id.rb:33:in `call'
rack (3.2.7) lib/rack/runtime.rb:24:in `call'
activesupport (7.2.3.2) lib/active_support/cache/strategy/local_cache_middleware.rb:29:in `call'
actionpack (7.2.3.2) lib/action_dispatch/middleware/server_timing.rb:61:in `block in call'
actionpack (7.2.3.2) lib/action_dispatch/middleware/server_timing.rb:26:in `collect_events'
actionpack (7.2.3.2) lib/action_dispatch/middleware/server_timing.rb:60:in `call'
actionpack (7.2.3.2) lib/action_dispatch/middleware/executor.rb:16:in `call'
actionpack (7.2.3.2) lib/action_dispatch/middleware/static.rb:27:in `call'
rack (3.2.7) lib/rack/sendfile.rb:131:in `call'
actionpack (7.2.3.2) lib/action_dispatch/middleware/host_authorization.rb:143:in `call'
railties (7.2.3.2) lib/rails/engine.rb:535:in `call'
puma (8.0.2) lib/puma/configuration.rb:305:in `call'
puma (8.0.2) lib/puma/response.rb:79:in `block in handle_request'
puma (8.0.2) lib/puma/thread_pool.rb:434:in `with_force_shutdown'
puma (8.0.2) lib/puma/response.rb:78:in `handle_request'
puma (8.0.2) lib/puma/server.rb:508:in `process_client'
puma (8.0.2) lib/puma/server.rb:263:in `block in run'
puma (8.0.2) lib/puma/thread_pool.rb:246:in `block in spawn_thread'
Started GET "/favicon.ico" for 172.21.0.1 at 2026-09-06 20:37:03 +0000
  [1m[36mActiveRecord::SchemaMigration Load (2.7ms)[0m  [1m[34mSELECT "schema_migrations"."version" FROM "schema_migrations" ORDER BY "schema_migrations"."version" ASC[0m
  
ActiveRecord::PendingMigrationError (

Migrations are pending. To resolve this issue, run:

        bin/rails db:migrate

You have 1 pending migration:

db/migrate/20260906203622_create_appointment_types.rb


):
  
activerecord (7.2.3.2) lib/active_record/migration.rb:756:in `check_pending_migrations'
activerecord (7.2.3.2) lib/active_record/migration.rb:663:in `block (2 levels) in call'
activesupport (7.2.3.2) lib/active_support/file_update_checker.rb:85:in `execute'
activerecord (7.2.3.2) lib/active_record/migration.rb:668:in `block in call'
activerecord (7.2.3.2) lib/active_record/migration.rb:660:in `synchronize'
activerecord (7.2.3.2) lib/active_record/migration.rb:660:in `call'
actionpack (7.2.3.2) lib/action_dispatch/middleware/callbacks.rb:31:in `block in call'
activesupport (7.2.3.2) lib/active_support/callbacks.rb:101:in `run_callbacks'
actionpack (7.2.3.2) lib/action_dispatch/middleware/callbacks.rb:30:in `call'
actionpack (7.2.3.2) lib/action_dispatch/middleware/executor.rb:16:in `call'
actionpack (7.2.3.2) lib/action_dispatch/middleware/actionable_exceptions.rb:18:in `call'
actionpack (7.2.3.2) lib/action_dispatch/middleware/debug_exceptions.rb:31:in `call'
actionpack (7.2.3.2) lib/action_dispatch/middleware/show_exceptions.rb:32:in `call'
railties (7.2.3.2) lib/rails/rack/logger.rb:41:in `call_app'
railties (7.2.3.2) lib/rails/rack/logger.rb:29:in `call'
actionpack (7.2.3.2) lib/action_dispatch/middleware/remote_ip.rb:96:in `call'
actionpack (7.2.3.2) lib/action_dispatch/middleware/request_id.rb:33:in `call'
rack (3.2.7) lib/rack/runtime.rb:24:in `call'
activesupport (7.2.3.2) lib/active_support/cache/strategy/local_cache_middleware.rb:29:in `call'
actionpack (7.2.3.2) lib/action_dispatch/middleware/server_timing.rb:61:in `block in call'
actionpack (7.2.3.2) lib/action_dispatch/middleware/server_timing.rb:26:in `collect_events'
actionpack (7.2.3.2) lib/action_dispatch/middleware/server_timing.rb:60:in `call'
actionpack (7.2.3.2) lib/action_dispatch/middleware/executor.rb:16:in `call'
actionpack (7.2.3.2) lib/action_dispatch/middleware/static.rb:27:in `call'
rack (3.2.7) lib/rack/sendfile.rb:131:in `call'
actionpack (7.2.3.2) lib/action_dispatch/middleware/host_authorization.rb:143:in `call'
railties (7.2.3.2) lib/rails/engine.rb:535:in `call'
puma (8.0.2) lib/puma/configuration.rb:305:in `call'
puma (8.0.2) lib/puma/response.rb:79:in `block in handle_request'
puma (8.0.2) lib/puma/thread_pool.rb:434:in `with_force_shutdown'
puma (8.0.2) lib/puma/response.rb:78:in `handle_request'
puma (8.0.2) lib/puma/server.rb:508:in `process_client'
puma (8.0.2) lib/puma/server.rb:263:in `block in run'
puma (8.0.2) lib/puma/thread_pool.rb:246:in `block in spawn_thread'
  [1m[36mActiveRecord::InternalMetadata Load (1.3ms)[0m  [1m[34mSELECT * FROM "ar_internal_metadata" WHERE "ar_internal_metadata"."key" = ? ORDER BY "ar_internal_metadata"."key" ASC LIMIT 1[0m  [[nil, "environment"]]
  [1m[36mActiveRecord::InternalMetadata Create (3.6ms)[0m  [1m[32mINSERT INTO "ar_internal_metadata" ("key", "value", "created_at", "updated_at") VALUES ('environment', 'development', '2026-09-06 20:37:20.070720', '2026-09-06 20:37:20.070725') RETURNING "key"[0m
  [1m[36mActiveRecord::SchemaMigration Load (0.1ms)[0m  [1m[34mSELECT "schema_migrations"."version" FROM "schema_migrations" ORDER BY "schema_migrations"."version" ASC[0m
Migrating to CreateAppointmentTypes (20260906203622)
  [1m[36mTRANSACTION (0.1ms)[0m  [1m[36mbegin transaction[0m
  [1m[35m (2.5ms)[0m  [1m[35mCREATE TABLE "appointment_types" ("id" integer PRIMARY KEY AUTOINCREMENT NOT NULL, "name" varchar, "created_at" datetime(6) NOT NULL, "updated_at" datetime(6) NOT NULL)[0m
  [1m[36mActiveRecord::SchemaMigration Create (0.1ms)[0m  [1m[32mINSERT INTO "schema_migrations" ("version") VALUES ('20260906203622') RETURNING "version"[0m
  [1m[36mTRANSACTION (0.1ms)[0m  [1m[36mcommit transaction[0m
  [1m[36mActiveRecord::SchemaMigration Load (15.8ms)[0m  [1m[34mSELECT "schema_migrations"."version" FROM "schema_migrations" ORDER BY "schema_migrations"."version" ASC[0m
Started GET "/appointment_types" for 172.21.0.1 at 2026-09-06 20:37:23 +0000
  [1m[36mActiveRecord::SchemaMigration Load (0.1ms)[0m  [1m[34mSELECT "schema_migrations"."version" FROM "schema_migrations" ORDER BY "schema_migrations"."version" ASC[0m
Processing by AppointmentTypesController#index as HTML
  [1m[36mAppointmentType Load (2.6ms)[0m  [1m[34mSELECT "appointment_types".* FROM "appointment_types"[0m
  ↳ app/controllers/appointment_types_controller.rb:8:in `index'
Completed 200 OK in 44ms (Views: 15.9ms | ActiveRecord: 3.1ms (1 query, 0 cached) | GC: 0.0ms)


Started GET "/favicon.ico" for 172.21.0.1 at 2026-09-06 20:37:23 +0000
  
ActionController::RoutingError (No route matches [GET] "/favicon.ico"):
  
Started GET "/appointment_types" for 172.21.0.1 at 2026-09-06 20:37:24 +0000
Processing by AppointmentTypesController#index as HTML
  [1m[36mAppointmentType Load (0.8ms)[0m  [1m[34mSELECT "appointment_types".* FROM "appointment_types"[0m
  ↳ app/controllers/appointment_types_controller.rb:8:in `index'
Completed 200 OK in 28ms (Views: 18.3ms | ActiveRecord: 0.8ms (1 query, 0 cached) | GC: 0.0ms)


Started GET "/favicon.ico" for 172.21.0.1 at 2026-09-06 20:37:24 +0000
  
ActionController::RoutingError (No route matches [GET] "/favicon.ico"):
  
  [1m[36mAppointmentType Load (0.2ms)[0m  [1m[34mSELECT "appointment_types".* FROM "appointment_types" ORDER BY "appointment_types"."id" DESC LIMIT ?[0m  [["LIMIT", 1]]
  [1m[36mTRANSACTION (0.4ms)[0m  [1m[36mbegin transaction[0m
  [1m[36mAppointmentType Create (2.8ms)[0m  [1m[32mINSERT INTO "appointment_types" ("name", "created_at", "updated_at") VALUES (?, ?, ?) RETURNING "id"[0m  [["name", "Default"], ["created_at", "2026-09-06 20:38:05.319114"], ["updated_at", "2026-09-06 20:38:05.319114"]]
  [1m[36mTRANSACTION (4.9ms)[0m  [1m[36mcommit transaction[0m
Started GET "/appointment_types" for 172.21.0.1 at 2026-09-06 20:38:06 +0000
Processing by AppointmentTypesController#index as HTML
  [1m[36mAppointmentType Load (1.9ms)[0m  [1m[34mSELECT "appointment_types".* FROM "appointment_types"[0m
  ↳ app/controllers/appointment_types_controller.rb:8:in `index'
Completed 200 OK in 63ms (Views: 58.1ms | ActiveRecord: 3.1ms (1 query, 0 cached) | GC: 0.5ms)


Started GET "/favicon.ico" for 172.21.0.1 at 2026-09-06 20:38:07 +0000
  
ActionController::RoutingError (No route matches [GET] "/favicon.ico"):
  
  [1m[36mActiveRecord::InternalMetadata Load (1.1ms)[0m  [1m[34mSELECT * FROM "ar_internal_metadata" WHERE "ar_internal_metadata"."key" = ? ORDER BY "ar_internal_metadata"."key" ASC LIMIT 1[0m  [[nil, "environment"]]
  [1m[36mActiveRecord::SchemaMigration Load (0.1ms)[0m  [1m[34mSELECT "schema_migrations"."version" FROM "schema_migrations" ORDER BY "schema_migrations"."version" ASC[0m
Migrating to CreateAppointments (20260906203907)
  [1m[36mTRANSACTION (0.1ms)[0m  [1m[36mbegin transaction[0m
  [1m[35m (2.3ms)[0m  [1m[35mCREATE TABLE "appointments" ("id" integer PRIMARY KEY AUTOINCREMENT NOT NULL, "description" varchar, "notes" text, "appointment_type_id" integer NOT NULL, "starts_at" datetime(6), "ends_at" datetime(6), "created_at" datetime(6) NOT NULL, "updated_at" datetime(6) NOT NULL, CONSTRAINT "fk_rails_607e40aa41"
FOREIGN KEY ("appointment_type_id")
  REFERENCES "appointment_types" ("id")
)[0m
  [1m[35m (0.1ms)[0m  [1m[35mCREATE INDEX "index_appointments_on_appointment_type_id" ON "appointments" ("appointment_type_id")[0m
  [1m[36mActiveRecord::SchemaMigration Create (0.1ms)[0m  [1m[32mINSERT INTO "schema_migrations" ("version") VALUES ('20260906203907') RETURNING "version"[0m
  [1m[36mTRANSACTION (0.1ms)[0m  [1m[36mcommit transaction[0m
  [1m[36mActiveRecord::SchemaMigration Load (0.2ms)[0m  [1m[34mSELECT "schema_migrations"."version" FROM "schema_migrations" ORDER BY "schema_migrations"."version" ASC[0m
  [1m[36mTRANSACTION (0.6ms)[0m  [1m[36mbegin transaction[0m
  [1m[36mAppointmentType Create (13.7ms)[0m  [1m[32mINSERT INTO "appointment_types" ("name", "created_at", "updated_at") VALUES (?, ?, ?) RETURNING "id"[0m  [["name", "Default"], ["created_at", "2026-09-06 20:39:41.578609"], ["updated_at", "2026-09-06 20:39:41.578609"]]
  [1m[36mTRANSACTION (0.2ms)[0m  [1m[36mcommit transaction[0m
  [1m[36mAppointmentType Load (2.0ms)[0m  [1m[34mSELECT "appointment_types".* FROM "appointment_types" ORDER BY "appointment_types"."id" DESC LIMIT ?[0m  [["LIMIT", 1]]
  [1m[36mTRANSACTION (0.3ms)[0m  [1m[36mbegin transaction[0m
  [1m[36mAppointmentType Destroy (1.4ms)[0m  [1m[31mDELETE FROM "appointment_types" WHERE "appointment_types"."id" = ?[0m  [["id", 2]]
  [1m[36mTRANSACTION (9.0ms)[0m  [1m[36mcommit transaction[0m
  [1m[36mAppointmentType Load (3.7ms)[0m  [1m[34mSELECT "appointment_types".* FROM "appointment_types" ORDER BY "appointment_types"."id" DESC LIMIT ?[0m  [["LIMIT", 1]]
  [1m[36mTRANSACTION (2.2ms)[0m  [1m[36mbegin transaction[0m
  [1m[36mAppointment Create (8.5ms)[0m  [1m[32mINSERT INTO "appointments" ("description", "notes", "appointment_type_id", "starts_at", "ends_at", "created_at", "updated_at") VALUES (?, ?, ?, ?, ?, ?, ?) RETURNING "id"[0m  [["description", "Cita médica"], ["notes", nil], ["appointment_type_id", 1], ["starts_at", nil], ["ends_at", nil], ["created_at", "2026-09-06 20:40:21.655619"], ["updated_at", "2026-09-06 20:40:21.655619"]]
  [1m[36mTRANSACTION (0.9ms)[0m  [1m[36mcommit transaction[0m
Started GET "/appointments" for 172.21.0.1 at 2026-09-06 20:40:27 +0000
  [1m[36mActiveRecord::SchemaMigration Load (1.3ms)[0m  [1m[34mSELECT "schema_migrations"."version" FROM "schema_migrations" ORDER BY "schema_migrations"."version" ASC[0m
Processing by AppointmentsController#index as HTML
  [1m[36mAppointment Load (3.0ms)[0m  [1m[34mSELECT "appointments".* FROM "appointments"[0m
  ↳ app/controllers/appointments_controller.rb:8:in `index'
Completed 200 OK in 54ms (Views: 43.1ms | ActiveRecord: 1.9ms (1 query, 0 cached) | GC: 1.0ms)


Started GET "/favicon.ico" for 172.21.0.1 at 2026-09-06 20:40:27 +0000
  
ActionController::RoutingError (No route matches [GET] "/favicon.ico"):
  
  [1m[36mAppointment Load (2.8ms)[0m  [1m[34mSELECT "appointments".* FROM "appointments"[0m
  [1m[36mTRANSACTION (0.4ms)[0m  [1m[36mbegin transaction[0m
  [1m[36mAppointment Destroy (4.4ms)[0m  [1m[31mDELETE FROM "appointments" WHERE "appointments"."id" = ?[0m  [["id", 1]]
  [1m[36mTRANSACTION (0.3ms)[0m  [1m[36mcommit transaction[0m
  [1m[36mActiveRecord::InternalMetadata Load (0.4ms)[0m  [1m[34mSELECT * FROM "ar_internal_metadata" WHERE "ar_internal_metadata"."key" = ? ORDER BY "ar_internal_metadata"."key" ASC LIMIT 1[0m  [[nil, "environment"]]
  [1m[36mActiveRecord::SchemaMigration Load (0.0ms)[0m  [1m[34mSELECT "schema_migrations"."version" FROM "schema_migrations" ORDER BY "schema_migrations"."version" ASC[0m
Migrating to AddColorToAppointmentTypes (20260912201947)
  [1m[36mTRANSACTION (0.0ms)[0m  [1m[36mbegin transaction[0m
  [1m[35m (1.3ms)[0m  [1m[35mALTER TABLE "appointment_types" ADD "color" varchar[0m
  [1m[36mActiveRecord::SchemaMigration Create (0.1ms)[0m  [1m[32mINSERT INTO "schema_migrations" ("version") VALUES ('20260912201947') RETURNING "version"[0m
  [1m[36mTRANSACTION (0.6ms)[0m  [1m[36mcommit transaction[0m
  [1m[36mActiveRecord::SchemaMigration Load (0.0ms)[0m  [1m[34mSELECT "schema_migrations"."version" FROM "schema_migrations" ORDER BY "schema_migrations"."version" ASC[0m
Started GET "/" for 192.168.65.1 at 2026-09-12 21:14:23 +0000
  [1m[36mActiveRecord::SchemaMigration Load (0.4ms)[0m  [1m[34mSELECT "schema_migrations"."version" FROM "schema_migrations" ORDER BY "schema_migrations"."version" ASC[0m
Processing by Rails::WelcomeController#index as HTML
  Rendering /usr/local/bundle/gems/railties-7.2.3.2/lib/rails/templates/rails/welcome/index.html.erb
  Rendered /usr/local/bundle/gems/railties-7.2.3.2/lib/rails/templates/rails/welcome/index.html.erb (Duration: 1.9ms | GC: 1.2ms)
Completed 200 OK in 18ms (Views: 7.1ms | ActiveRecord: 0.0ms (0 queries, 0 cached) | GC: 8.0ms)


Started GET "/appointment_types" for 192.168.65.1 at 2026-09-12 21:14:27 +0000
Processing by AppointmentTypesController#index as HTML
  [1m[36mAppointmentType Load (1.8ms)[0m  [1m[34mSELECT "appointment_types".* FROM "appointment_types"[0m
  ↳ app/controllers/appointment_types_controller.rb:8:in `index'
Completed 200 OK in 30ms (Views: 11.9ms | ActiveRecord: 3.7ms (1 query, 0 cached) | GC: 0.9ms)


Started GET "/appointment_types" for 192.168.65.1 at 2026-09-12 21:14:41 +0000
Processing by AppointmentTypesController#index as HTML
  Parameters: {"appointment_type"=>{}}
  [1m[36mAppointmentType Load (3.7ms)[0m  [1m[34mSELECT "appointment_types".* FROM "appointment_types"[0m
  ↳ app/controllers/appointment_types_controller.rb:8:in `index'
Completed 200 OK in 10ms (Views: 5.8ms | ActiveRecord: 3.6ms (1 query, 0 cached) | GC: 0.0ms)


Started OPTIONS "/appointment_types" for 192.168.65.1 at 2026-09-12 21:14:50 +0000
  
ActionController::RoutingError (No route matches [OPTIONS] "/appointment_types"):
  
Started GET "/appointment_types" for 192.168.65.1 at 2026-09-12 21:15:52 +0000
Processing by AppointmentTypesController#index as HTML
  Parameters: {"appointment_type"=>{}}
  [1m[36mAppointmentType Load (0.4ms)[0m  [1m[34mSELECT "appointment_types".* FROM "appointment_types"[0m
  ↳ app/controllers/appointment_types_controller.rb:8:in `index'
Completed 200 OK in 20ms (Views: 19.0ms | ActiveRecord: 0.3ms (1 query, 0 cached) | GC: 0.0ms)


Started GET "/appointment_types" for 192.168.65.1 at 2026-09-12 21:16:12 +0000
Processing by AppointmentTypesController#index as HTML
  Parameters: {"appointment_type"=>{}}
  [1m[36mAppointmentType Load (0.1ms)[0m  [1m[34mSELECT "appointment_types".* FROM "appointment_types"[0m
  ↳ app/controllers/appointment_types_controller.rb:8:in `index'
Completed 200 OK in 2ms (Views: 1.6ms | ActiveRecord: 0.1ms (1 query, 0 cached) | GC: 0.0ms)


Started GET "/appointment_types" for 192.168.65.1 at 2026-09-12 21:16:24 +0000
Processing by AppointmentTypesController#index as HTML
  Parameters: {"appointment_type"=>{}}
  [1m[36mAppointmentType Load (0.3ms)[0m  [1m[34mSELECT "appointment_types".* FROM "appointment_types"[0m
  ↳ app/controllers/appointment_types_controller.rb:8:in `index'
Completed 200 OK in 3ms (Views: 2.0ms | ActiveRecord: 0.3ms (1 query, 0 cached) | GC: 0.0ms)


Started GET "/appointment_types" for 192.168.65.1 at 2026-09-12 21:16:57 +0000
Processing by AppointmentTypesController#index as HTML
  Parameters: {"appointment_type"=>{}}
  [1m[36mAppointmentType Load (0.1ms)[0m  [1m[34mSELECT "appointment_types".* FROM "appointment_types"[0m
  ↳ app/controllers/appointment_types_controller.rb:8:in `index'
Completed 200 OK in 5ms (Views: 4.6ms | ActiveRecord: 0.1ms (1 query, 0 cached) | GC: 0.0ms)


Started GET "/appointment_types" for 192.168.65.1 at 2026-09-12 21:17:04 +0000
Processing by AppointmentTypesController#index as HTML
  Parameters: {"appointment_type"=>{}}
  [1m[36mAppointmentType Load (0.1ms)[0m  [1m[34mSELECT "appointment_types".* FROM "appointment_types"[0m
  ↳ app/controllers/appointment_types_controller.rb:8:in `index'
Completed 200 OK in 8ms (Views: 6.7ms | ActiveRecord: 0.1ms (1 query, 0 cached) | GC: 0.0ms)


Started GET "/appointment_types" for 192.168.65.1 at 2026-09-12 21:17:17 +0000
Processing by AppointmentTypesController#index as HTML
  Parameters: {"appointment_type"=>{}}
  [1m[36mAppointmentType Load (0.1ms)[0m  [1m[34mSELECT "appointment_types".* FROM "appointment_types"[0m
  ↳ app/controllers/appointment_types_controller.rb:8:in `index'
Completed 200 OK in 1ms (Views: 1.0ms | ActiveRecord: 0.1ms (1 query, 0 cached) | GC: 0.0ms)


Started GET "/appointment_types" for 192.168.65.1 at 2026-09-12 21:17:26 +0000
Processing by AppointmentTypesController#index as HTML
  Parameters: {"appointment_type"=>{}}
  [1m[36mAppointmentType Load (0.1ms)[0m  [1m[34mSELECT "appointment_types".* FROM "appointment_types"[0m
  ↳ app/controllers/appointment_types_controller.rb:8:in `index'
Completed 200 OK in 2ms (Views: 1.8ms | ActiveRecord: 0.1ms (1 query, 0 cached) | GC: 0.0ms)


Started GET "/appointment_types" for 192.168.65.1 at 2026-09-12 21:17:44 +0000
Processing by AppointmentTypesController#index as HTML
  Parameters: {"appointment_type"=>{}}
  [1m[36mAppointmentType Load (0.1ms)[0m  [1m[34mSELECT "appointment_types".* FROM "appointment_types"[0m
  ↳ app/controllers/appointment_types_controller.rb:8:in `index'
Completed 200 OK in 3ms (Views: 2.0ms | ActiveRecord: 0.1ms (1 query, 0 cached) | GC: 0.0ms)


Started OPTIONS "/appointment_types" for 192.168.65.1 at 2026-09-12 21:17:55 +0000
  
ActionController::RoutingError (No route matches [OPTIONS] "/appointment_types"):
  
Started GET "/appointment_types" for 192.168.65.1 at 2026-09-12 21:23:15 +0000
  [1m[36mActiveRecord::SchemaMigration Load (0.5ms)[0m  [1m[34mSELECT "schema_migrations"."version" FROM "schema_migrations" ORDER BY "schema_migrations"."version" ASC[0m
Processing by AppointmentTypesController#index as HTML
  [1m[36mAppointmentType Load (1.2ms)[0m  [1m[34mSELECT "appointment_types".* FROM "appointment_types"[0m
  ↳ app/controllers/appointment_types_controller.rb:8:in `index'
Completed 200 OK in 38ms (Views: 22.5ms | ActiveRecord: 2.4ms (1 query, 0 cached) | GC: 13.5ms)


Started POST "/appointment_types" for 192.168.65.1 at 2026-09-12 21:23:28 +0000
Processing by AppointmentTypesController#create as HTML
  Parameters: {"appointment_type"=>{"name"=>"Meeting", "color"=>"#3B82F6"}}
  [1m[36mTRANSACTION (3.4ms)[0m  [1m[36mbegin transaction[0m
  ↳ app/controllers/appointment_types_controller.rb:20:in `create'
  [1m[36mAppointmentType Create (7.7ms)[0m  [1m[32mINSERT INTO "appointment_types" ("name", "created_at", "updated_at", "color") VALUES (?, ?, ?, ?) RETURNING "id"[0m  [["name", "Meeting"], ["created_at", "2026-09-12 21:23:28.461998"], ["updated_at", "2026-09-12 21:23:28.461998"], ["color", "#3B82F6"]]
  ↳ app/controllers/appointment_types_controller.rb:20:in `create'
  [1m[36mTRANSACTION (1.0ms)[0m  [1m[36mcommit transaction[0m
  ↳ app/controllers/appointment_types_controller.rb:20:in `create'
Completed 201 Created in 33ms (Views: 1.8ms | ActiveRecord: 12.0ms (1 query, 0 cached) | GC: 0.0ms)


Started GET "/appointment_types" for 192.168.65.1 at 2026-09-12 21:28:37 +0000
Processing by AppointmentTypesController#index as HTML
  Parameters: {"appointment_type"=>{}}
  [1m[36mAppointmentType Load (1.2ms)[0m  [1m[34mSELECT "appointment_types".* FROM "appointment_types"[0m
  ↳ app/controllers/appointment_types_controller.rb:8:in `index'
Completed 200 OK in 8ms (Views: 5.9ms | ActiveRecord: 1.2ms (1 query, 0 cached) | GC: 0.4ms)


Started GET "/appointment_types" for 192.168.65.1 at 2026-09-12 21:28:59 +0000
Processing by AppointmentTypesController#index as HTML
  Parameters: {"appointment_type"=>{}}
  [1m[36mAppointmentType Load (0.2ms)[0m  [1m[34mSELECT "appointment_types".* FROM "appointment_types"[0m
  ↳ app/controllers/appointment_types_controller.rb:8:in `index'
Completed 200 OK in 7ms (Views: 6.3ms | ActiveRecord: 0.1ms (1 query, 0 cached) | GC: 0.3ms)


Started GET "/appointment_types" for 192.168.65.1 at 2026-09-12 21:29:20 +0000
Processing by AppointmentTypesController#index as HTML
  Parameters: {"appointment_type"=>{}}
  [1m[36mAppointmentType Load (0.4ms)[0m  [1m[34mSELECT "appointment_types".* FROM "appointment_types"[0m
  ↳ app/controllers/appointment_types_controller.rb:8:in `index'
Completed 200 OK in 13ms (Views: 12.2ms | ActiveRecord: 0.4ms (1 query, 0 cached) | GC: 0.0ms)


Started DELETE "/appointment_types/1" for 192.168.65.1 at 2026-09-12 21:29:33 +0000
Processing by AppointmentTypesController#destroy as HTML
  Parameters: {"id"=>"1"}
  [1m[36mAppointmentType Load (0.6ms)[0m  [1m[34mSELECT "appointment_types".* FROM "appointment_types" WHERE "appointment_types"."id" = ? LIMIT ?[0m  [["id", 1], ["LIMIT", 1]]
  ↳ app/controllers/appointment_types_controller.rb:44:in `set_appointment_type'
  [1m[36mTRANSACTION (0.1ms)[0m  [1m[36mbegin transaction[0m
  ↳ app/controllers/appointment_types_controller.rb:38:in `destroy'
  [1m[36mAppointmentType Destroy (1.4ms)[0m  [1m[31mDELETE FROM "appointment_types" WHERE "appointment_types"."id" = ?[0m  [["id", 1]]
  ↳ app/controllers/appointment_types_controller.rb:38:in `destroy'
  [1m[36mTRANSACTION (0.9ms)[0m  [1m[36mcommit transaction[0m
  ↳ app/controllers/appointment_types_controller.rb:38:in `destroy'
Completed 204 No Content in 33ms (ActiveRecord: 3.0ms (2 queries, 0 cached) | GC: 0.0ms)


Started GET "/appointment_types" for 192.168.65.1 at 2026-09-12 21:29:38 +0000
Processing by AppointmentTypesController#index as HTML
  Parameters: {"appointment_type"=>{}}
  [1m[36mAppointmentType Load (0.1ms)[0m  [1m[34mSELECT "appointment_types".* FROM "appointment_types"[0m
  ↳ app/controllers/appointment_types_controller.rb:8:in `index'
Completed 200 OK in 4ms (Views: 3.5ms | ActiveRecord: 0.1ms (1 query, 0 cached) | GC: 0.0ms)


Started GET "/appointment_types" for 192.168.65.1 at 2026-09-12 21:31:37 +0000
Processing by AppointmentTypesController#index as HTML
  Parameters: {"appointment_type"=>{}}
  [1m[36mAppointmentType Load (0.0ms)[0m  [1m[34mSELECT "appointment_types".* FROM "appointment_types"[0m
  ↳ app/controllers/appointment_types_controller.rb:8:in `index'
Completed 200 OK in 3ms (Views: 1.2ms | ActiveRecord: 0.0ms (1 query, 0 cached) | GC: 0.0ms)


Started GET "/appointment_types" for 192.168.65.1 at 2026-09-12 21:32:00 +0000
Processing by AppointmentTypesController#index as HTML
  Parameters: {"appointment_type"=>{}}
  [1m[36mAppointmentType Load (0.1ms)[0m  [1m[34mSELECT "appointment_types".* FROM "appointment_types"[0m
  ↳ app/controllers/appointment_types_controller.rb:8:in `index'
Completed 200 OK in 3ms (Views: 2.8ms | ActiveRecord: 0.1ms (1 query, 0 cached) | GC: 0.0ms)


Started GET "/appointment_types" for 192.168.65.1 at 2026-09-12 21:32:10 +0000
Processing by AppointmentTypesController#index as HTML
  Parameters: {"appointment_type"=>{}}
  [1m[36mAppointmentType Load (0.1ms)[0m  [1m[34mSELECT "appointment_types".* FROM "appointment_types"[0m
  ↳ app/controllers/appointment_types_controller.rb:8:in `index'
Completed 200 OK in 3ms (Views: 1.6ms | ActiveRecord: 0.1ms (1 query, 0 cached) | GC: 0.0ms)


Started GET "/appointment_types" for 192.168.65.1 at 2026-09-12 21:32:25 +0000
Processing by AppointmentTypesController#index as HTML
  Parameters: {"appointment_type"=>{}}
  [1m[36mAppointmentType Load (0.0ms)[0m  [1m[34mSELECT "appointment_types".* FROM "appointment_types"[0m
  ↳ app/controllers/appointment_types_controller.rb:8:in `index'
Completed 200 OK in 2ms (Views: 1.5ms | ActiveRecord: 0.0ms (1 query, 0 cached) | GC: 0.0ms)


Started GET "/appointment_types" for 192.168.65.1 at 2026-09-12 21:32:44 +0000
Processing by AppointmentTypesController#index as HTML
  Parameters: {"appointment_type"=>{}}
  [1m[36mAppointmentType Load (0.1ms)[0m  [1m[34mSELECT "appointment_types".* FROM "appointment_types"[0m
  ↳ app/controllers/appointment_types_controller.rb:8:in `index'
Completed 200 OK in 2ms (Views: 1.9ms | ActiveRecord: 0.0ms (1 query, 0 cached) | GC: 0.0ms)


Started GET "/appointment_types" for 192.168.65.1 at 2026-09-12 21:33:24 +0000
Processing by AppointmentTypesController#index as HTML
  Parameters: {"appointment_type"=>{}}
  [1m[36mAppointmentType Load (0.1ms)[0m  [1m[34mSELECT "appointment_types".* FROM "appointment_types"[0m
  ↳ app/controllers/appointment_types_controller.rb:8:in `index'
Completed 200 OK in 2ms (Views: 1.6ms | ActiveRecord: 0.0ms (1 query, 0 cached) | GC: 0.0ms)


Started GET "/appointment_types" for 192.168.65.1 at 2026-09-12 21:33:47 +0000
Processing by AppointmentTypesController#index as HTML
  Parameters: {"appointment_type"=>{}}
  [1m[36mAppointmentType Load (0.0ms)[0m  [1m[34mSELECT "appointment_types".* FROM "appointment_types"[0m
  ↳ app/controllers/appointment_types_controller.rb:8:in `index'
Completed 200 OK in 3ms (Views: 1.5ms | ActiveRecord: 0.0ms (1 query, 0 cached) | GC: 0.0ms)


Started GET "/appointment_types" for 192.168.65.1 at 2026-09-12 21:33:54 +0000
Processing by AppointmentTypesController#index as HTML
  Parameters: {"appointment_type"=>{}}
  [1m[36mAppointmentType Load (0.6ms)[0m  [1m[34mSELECT "appointment_types".* FROM "appointment_types"[0m
  ↳ app/controllers/appointment_types_controller.rb:8:in `index'
Completed 200 OK in 4ms (Views: 3.9ms | ActiveRecord: 0.1ms (1 query, 0 cached) | GC: 0.0ms)


Started GET "/appointment_types" for 192.168.65.1 at 2026-09-12 21:34:02 +0000
Processing by AppointmentTypesController#index as HTML
  Parameters: {"appointment_type"=>{}}
  [1m[36mAppointmentType Load (0.0ms)[0m  [1m[34mSELECT "appointment_types".* FROM "appointment_types"[0m
  ↳ app/controllers/appointment_types_controller.rb:8:in `index'
Completed 200 OK in 2ms (Views: 1.1ms | ActiveRecord: 0.0ms (1 query, 0 cached) | GC: 0.0ms)


Started GET "/appointment_types" for 192.168.65.1 at 2026-09-12 21:34:09 +0000
Processing by AppointmentTypesController#index as HTML
  Parameters: {"appointment_type"=>{}}
  [1m[36mAppointmentType Load (0.1ms)[0m  [1m[34mSELECT "appointment_types".* FROM "appointment_types"[0m
  ↳ app/controllers/appointment_types_controller.rb:8:in `index'
Completed 200 OK in 2ms (Views: 1.2ms | ActiveRecord: 0.1ms (1 query, 0 cached) | GC: 0.0ms)


Started GET "/appointment_types" for 192.168.65.1 at 2026-09-12 21:34:19 +0000
Processing by AppointmentTypesController#index as HTML
  Parameters: {"appointment_type"=>{}}
  [1m[36mAppointmentType Load (0.6ms)[0m  [1m[34mSELECT "appointment_types".* FROM "appointment_types"[0m
  ↳ app/controllers/appointment_types_controller.rb:8:in `index'
Completed 200 OK in 3ms (Views: 2.2ms | ActiveRecord: 0.6ms (1 query, 0 cached) | GC: 0.0ms)


Started GET "/appointment_types" for 192.168.65.1 at 2026-09-12 21:35:43 +0000
Processing by AppointmentTypesController#index as HTML
  Parameters: {"appointment_type"=>{}}
  [1m[36mAppointmentType Load (0.2ms)[0m  [1m[34mSELECT "appointment_types".* FROM "appointment_types"[0m
  ↳ app/controllers/appointment_types_controller.rb:8:in `index'
Completed 200 OK in 3ms (Views: 2.7ms | ActiveRecord: 0.2ms (1 query, 0 cached) | GC: 0.0ms)


Started GET "/appointment_types" for 192.168.65.1 at 2026-09-12 21:35:45 +0000
Processing by AppointmentTypesController#index as HTML
  Parameters: {"appointment_type"=>{}}
  [1m[36mAppointmentType Load (0.1ms)[0m  [1m[34mSELECT "appointment_types".* FROM "appointment_types"[0m
  ↳ app/controllers/appointment_types_controller.rb:8:in `index'
Completed 200 OK in 2ms (Views: 2.0ms | ActiveRecord: 0.1ms (1 query, 0 cached) | GC: 0.0ms)


Started GET "/appointment_types" for 192.168.65.1 at 2026-09-12 21:36:25 +0000
Processing by AppointmentTypesController#index as HTML
  Parameters: {"appointment_type"=>{}}
  [1m[36mAppointmentType Load (0.0ms)[0m  [1m[34mSELECT "appointment_types".* FROM "appointment_types"[0m
  ↳ app/controllers/appointment_types_controller.rb:8:in `index'
Completed 200 OK in 1ms (Views: 1.1ms | ActiveRecord: 0.0ms (1 query, 0 cached) | GC: 0.0ms)


Started GET "/appointment_types" for 192.168.65.1 at 2026-09-12 21:36:35 +0000
Processing by AppointmentTypesController#index as HTML
  Parameters: {"appointment_type"=>{}}
  [1m[36mAppointmentType Load (0.1ms)[0m  [1m[34mSELECT "appointment_types".* FROM "appointment_types"[0m
  ↳ app/controllers/appointment_types_controller.rb:8:in `index'
Completed 200 OK in 3ms (Views: 2.8ms | ActiveRecord: 0.1ms (1 query, 0 cached) | GC: 0.0ms)


Started GET "/appointment_types" for 192.168.65.1 at 2026-09-12 21:36:53 +0000
Processing by AppointmentTypesController#index as HTML
  Parameters: {"appointment_type"=>{}}
  [1m[36mAppointmentType Load (0.0ms)[0m  [1m[34mSELECT "appointment_types".* FROM "appointment_types"[0m
  ↳ app/controllers/appointment_types_controller.rb:8:in `index'
Completed 200 OK in 2ms (Views: 1.5ms | ActiveRecord: 0.0ms (1 query, 0 cached) | GC: 0.0ms)


Started GET "/appointment_types" for 192.168.65.1 at 2026-09-12 21:37:12 +0000
Processing by AppointmentTypesController#index as HTML
  Parameters: {"appointment_type"=>{}}
  [1m[36mAppointmentType Load (0.1ms)[0m  [1m[34mSELECT "appointment_types".* FROM "appointment_types"[0m
  ↳ app/controllers/appointment_types_controller.rb:8:in `index'
Completed 200 OK in 2ms (Views: 1.4ms | ActiveRecord: 0.1ms (1 query, 0 cached) | GC: 0.0ms)


Started GET "/appointment_types" for 192.168.65.1 at 2026-09-12 21:37:56 +0000
Processing by AppointmentTypesController#index as HTML
  Parameters: {"appointment_type"=>{}}
  [1m[36mAppointmentType Load (0.2ms)[0m  [1m[34mSELECT "appointment_types".* FROM "appointment_types"[0m
  ↳ app/controllers/appointment_types_controller.rb:8:in `index'
Completed 200 OK in 3ms (Views: 2.5ms | ActiveRecord: 0.2ms (1 query, 0 cached) | GC: 0.4ms)


Started GET "/appointment_types" for 192.168.65.1 at 2026-09-12 21:38:01 +0000
Processing by AppointmentTypesController#index as HTML
  Parameters: {"appointment_type"=>{}}
  [1m[36mAppointmentType Load (0.0ms)[0m  [1m[34mSELECT "appointment_types".* FROM "appointment_types"[0m
  ↳ app/controllers/appointment_types_controller.rb:8:in `index'
Completed 200 OK in 2ms (Views: 1.5ms | ActiveRecord: 0.0ms (1 query, 0 cached) | GC: 0.0ms)


Started GET "/appointment_types" for 192.168.65.1 at 2026-09-12 21:38:06 +0000
Processing by AppointmentTypesController#index as HTML
  Parameters: {"appointment_type"=>{}}
  [1m[36mAppointmentType Load (0.0ms)[0m  [1m[34mSELECT "appointment_types".* FROM "appointment_types"[0m
  ↳ app/controllers/appointment_types_controller.rb:8:in `index'
Completed 200 OK in 3ms (Views: 2.9ms | ActiveRecord: 0.0ms (1 query, 0 cached) | GC: 0.0ms)


Started GET "/appointment_types" for 192.168.65.1 at 2026-09-12 21:38:31 +0000
Processing by AppointmentTypesController#index as HTML
  Parameters: {"appointment_type"=>{}}
  [1m[36mAppointmentType Load (0.0ms)[0m  [1m[34mSELECT "appointment_types".* FROM "appointment_types"[0m
  ↳ app/controllers/appointment_types_controller.rb:8:in `index'
Completed 200 OK in 4ms (Views: 3.8ms | ActiveRecord: 0.0ms (1 query, 0 cached) | GC: 0.0ms)


Started GET "/appointment_types" for 192.168.65.1 at 2026-09-12 21:39:26 +0000
Processing by AppointmentTypesController#index as HTML
  Parameters: {"appointment_type"=>{}}
  [1m[36mAppointmentType Load (0.0ms)[0m  [1m[34mSELECT "appointment_types".* FROM "appointment_types"[0m
  ↳ app/controllers/appointment_types_controller.rb:8:in `index'
Completed 200 OK in 2ms (Views: 1.1ms | ActiveRecord: 0.0ms (1 query, 0 cached) | GC: 0.0ms)


Started GET "/appointment_types" for 192.168.65.1 at 2026-09-12 21:39:47 +0000
Processing by AppointmentTypesController#index as HTML
  Parameters: {"appointment_type"=>{}}
  [1m[36mAppointmentType Load (0.0ms)[0m  [1m[34mSELECT "appointment_types".* FROM "appointment_types"[0m
  ↳ app/controllers/appointment_types_controller.rb:8:in `index'
Completed 200 OK in 8ms (Views: 5.0ms | ActiveRecord: 0.0ms (1 query, 0 cached) | GC: 0.0ms)


Started GET "/appointment_types" for 192.168.65.1 at 2026-09-12 21:39:53 +0000
Processing by AppointmentTypesController#index as HTML
  Parameters: {"appointment_type"=>{}}
  [1m[36mAppointmentType Load (0.1ms)[0m  [1m[34mSELECT "appointment_types".* FROM "appointment_types"[0m
  ↳ app/controllers/appointment_types_controller.rb:8:in `index'
Completed 200 OK in 14ms (Views: 11.0ms | ActiveRecord: 0.0ms (1 query, 0 cached) | GC: 0.0ms)


Started GET "/appointment_types" for 192.168.65.1 at 2026-09-12 21:40:18 +0000
Processing by AppointmentTypesController#index as HTML
  Parameters: {"appointment_type"=>{}}
  [1m[36mAppointmentType Load (0.0ms)[0m  [1m[34mSELECT "appointment_types".* FROM "appointment_types"[0m
  ↳ app/controllers/appointment_types_controller.rb:8:in `index'
Completed 200 OK in 2ms (Views: 0.9ms | ActiveRecord: 0.0ms (1 query, 0 cached) | GC: 0.0ms)


Started GET "/appointment_types" for 192.168.65.1 at 2026-09-12 21:40:23 +0000
Processing by AppointmentTypesController#index as HTML
  Parameters: {"appointment_type"=>{}}
  [1m[36mAppointmentType Load (0.1ms)[0m  [1m[34mSELECT "appointment_types".* FROM "appointment_types"[0m
  ↳ app/controllers/appointment_types_controller.rb:8:in `index'
Completed 200 OK in 1ms (Views: 1.2ms | ActiveRecord: 0.1ms (1 query, 0 cached) | GC: 0.0ms)


Started GET "/appointment_types" for 192.168.65.1 at 2026-09-12 21:40:34 +0000
Processing by AppointmentTypesController#index as HTML
  Parameters: {"appointment_type"=>{}}
  [1m[36mAppointmentType Load (0.1ms)[0m  [1m[34mSELECT "appointment_types".* FROM "appointment_types"[0m
  ↳ app/controllers/appointment_types_controller.rb:8:in `index'
Completed 200 OK in 1ms (Views: 1.1ms | ActiveRecord: 0.1ms (1 query, 0 cached) | GC: 0.0ms)


Started GET "/appointment_types" for 192.168.65.1 at 2026-09-12 21:40:43 +0000
Processing by AppointmentTypesController#index as HTML
  Parameters: {"appointment_type"=>{}}
  [1m[36mAppointmentType Load (0.1ms)[0m  [1m[34mSELECT "appointment_types".* FROM "appointment_types"[0m
  ↳ app/controllers/appointment_types_controller.rb:8:in `index'
Completed 200 OK in 4ms (Views: 3.4ms | ActiveRecord: 0.1ms (1 query, 0 cached) | GC: 0.0ms)


Started GET "/appointment_types" for 192.168.65.1 at 2026-09-12 21:40:48 +0000
Processing by AppointmentTypesController#index as HTML
  Parameters: {"appointment_type"=>{}}
  [1m[36mAppointmentType Load (0.1ms)[0m  [1m[34mSELECT "appointment_types".* FROM "appointment_types"[0m
  ↳ app/controllers/appointment_types_controller.rb:8:in `index'
Completed 200 OK in 1ms (Views: 0.9ms | ActiveRecord: 0.1ms (1 query, 0 cached) | GC: 0.0ms)


Started POST "/appointment_types" for 192.168.65.1 at 2026-09-12 21:41:09 +0000
Processing by AppointmentTypesController#create as HTML
  Parameters: {"appointment_type"=>{"name"=>"testing 1", "color"=>"#fff700"}}
  [1m[36mTRANSACTION (0.1ms)[0m  [1m[36mbegin transaction[0m
  ↳ app/controllers/appointment_types_controller.rb:20:in `create'
  [1m[36mAppointmentType Create (2.7ms)[0m  [1m[32mINSERT INTO "appointment_types" ("name", "created_at", "updated_at", "color") VALUES (?, ?, ?, ?) RETURNING "id"[0m  [["name", "testing 1"], ["created_at", "2026-09-12 21:41:09.574722"], ["updated_at", "2026-09-12 21:41:09.574722"], ["color", "#fff700"]]
  ↳ app/controllers/appointment_types_controller.rb:20:in `create'
  [1m[36mTRANSACTION (0.7ms)[0m  [1m[36mcommit transaction[0m
  ↳ app/controllers/appointment_types_controller.rb:20:in `create'
Completed 201 Created in 15ms (Views: 2.5ms | ActiveRecord: 3.5ms (1 query, 0 cached) | GC: 0.0ms)


  [1m[36mActiveRecord::InternalMetadata Load (0.4ms)[0m  [1m[34mSELECT * FROM "ar_internal_metadata" WHERE "ar_internal_metadata"."key" = ? ORDER BY "ar_internal_metadata"."key" ASC LIMIT 1[0m  [[nil, "environment"]]
  [1m[36mActiveRecord::SchemaMigration Load (0.0ms)[0m  [1m[34mSELECT "schema_migrations"."version" FROM "schema_migrations" ORDER BY "schema_migrations"."version" ASC[0m
Migrating to AddTitleAndLocationToAppointments (20260912214548)
  [1m[36mTRANSACTION (0.0ms)[0m  [1m[36mbegin transaction[0m
  [1m[35m (1.0ms)[0m  [1m[35mALTER TABLE "appointments" ADD "title" varchar[0m
  [1m[35m (0.1ms)[0m  [1m[35mALTER TABLE "appointments" ADD "location" varchar[0m
  [1m[36mActiveRecord::SchemaMigration Create (0.0ms)[0m  [1m[32mINSERT INTO "schema_migrations" ("version") VALUES ('20260912214548') RETURNING "version"[0m
  [1m[36mTRANSACTION (0.3ms)[0m  [1m[36mcommit transaction[0m
  [1m[36mActiveRecord::SchemaMigration Load (0.1ms)[0m  [1m[34mSELECT "schema_migrations"."version" FROM "schema_migrations" ORDER BY "schema_migrations"."version" ASC[0m
  [1m[36mActiveRecord::InternalMetadata Load (0.4ms)[0m  [1m[34mSELECT * FROM "ar_internal_metadata" WHERE "ar_internal_metadata"."key" = ? ORDER BY "ar_internal_metadata"."key" ASC LIMIT 1[0m  [[nil, "environment"]]
  [1m[36mActiveRecord::SchemaMigration Load (0.1ms)[0m  [1m[34mSELECT "schema_migrations"."version" FROM "schema_migrations" ORDER BY "schema_migrations"."version" ASC[0m
Migrating to AddPeopleOfInterestToAppointments (20260912214608)
  [1m[36mTRANSACTION (0.0ms)[0m  [1m[36mbegin transaction[0m
  [1m[35m (1.1ms)[0m  [1m[35mALTER TABLE "appointments" ADD "people_of_interest" text[0m
  [1m[36mActiveRecord::SchemaMigration Create (0.1ms)[0m  [1m[32mINSERT INTO "schema_migrations" ("version") VALUES ('20260912214608') RETURNING "version"[0m
  [1m[36mTRANSACTION (0.6ms)[0m  [1m[36mcommit transaction[0m
  [1m[36mActiveRecord::SchemaMigration Load (0.0ms)[0m  [1m[34mSELECT "schema_migrations"."version" FROM "schema_migrations" ORDER BY "schema_migrations"."version" ASC[0m
Started GET "/appointments" for 192.168.65.1 at 2026-09-12 21:48:45 +0000
  [1m[36mActiveRecord::SchemaMigration Load (0.3ms)[0m  [1m[34mSELECT "schema_migrations"."version" FROM "schema_migrations" ORDER BY "schema_migrations"."version" ASC[0m
Processing by AppointmentsController#index as HTML
  [1m[36mAppointment Load (1.0ms)[0m  [1m[34mSELECT "appointments".* FROM "appointments"[0m
  ↳ app/controllers/appointments_controller.rb:8:in `index'
Completed 200 OK in 18ms (Views: 0.9ms | ActiveRecord: 1.7ms (1 query, 0 cached) | GC: 0.5ms)


  [1m[36mActiveRecord::SchemaMigration Load (0.7ms)[0m  [1m[34mSELECT "schema_migrations"."version" FROM "schema_migrations" ORDER BY "schema_migrations"."version" ASC[0m
  [1m[36mActiveRecord::InternalMetadata Load (0.5ms)[0m  [1m[34mSELECT * FROM "ar_internal_metadata" WHERE "ar_internal_metadata"."key" = ? ORDER BY "ar_internal_metadata"."key" ASC LIMIT 1[0m  [[nil, "environment"]]
  [1m[36mActiveRecord::SchemaMigration Load (0.0ms)[0m  [1m[34mSELECT "schema_migrations"."version" FROM "schema_migrations" ORDER BY "schema_migrations"."version" ASC[0m
  [1m[36mActiveRecord::SchemaMigration Load (0.0ms)[0m  [1m[34mSELECT "schema_migrations"."version" FROM "schema_migrations" ORDER BY "schema_migrations"."version" ASC[0m
Started GET "/appointments" for 192.168.65.1 at 2026-09-12 21:52:31 +0000
Processing by AppointmentsController#index as HTML
  [1m[36mAppointment Load (2.7ms)[0m  [1m[34mSELECT "appointments".* FROM "appointments" ORDER BY "appointments"."starts_at" ASC[0m
  ↳ app/controllers/appointments_controller.rb:8:in `index'
Completed 200 OK in 17ms (Views: 5.9ms | ActiveRecord: 4.2ms (1 query, 0 cached) | GC: 0.2ms)


Started GET "/appointments" for 192.168.65.1 at 2026-09-12 21:52:32 +0000
Processing by AppointmentsController#index as HTML
  [1m[36mAppointment Load (0.4ms)[0m  [1m[34mSELECT "appointments".* FROM "appointments" ORDER BY "appointments"."starts_at" ASC[0m
  ↳ app/controllers/appointments_controller.rb:8:in `index'
Completed 200 OK in 8ms (Views: 6.0ms | ActiveRecord: 0.4ms (1 query, 0 cached) | GC: 0.0ms)


Started GET "/appointment_types" for 192.168.65.1 at 2026-09-12 21:59:44 +0000
Processing by AppointmentTypesController#index as HTML
  Parameters: {"appointment_type"=>{}}
  [1m[36mAppointmentType Load (0.2ms)[0m  [1m[34mSELECT "appointment_types".* FROM "appointment_types"[0m
  ↳ app/controllers/appointment_types_controller.rb:8:in `index'
Completed 200 OK in 11ms (Views: 10.1ms | ActiveRecord: 3.7ms (1 query, 0 cached) | GC: 0.0ms)


Started GET "/appointments" for 192.168.65.1 at 2026-09-12 22:10:56 +0000
Started GET "/appointment_types" for 192.168.65.1 at 2026-09-12 22:10:56 +0000
Processing by AppointmentTypesController#index as HTML
  Parameters: {"appointment_type"=>{}}
Processing by AppointmentsController#index as HTML
  [1m[36mAppointmentType Load (2.3ms)[0m  [1m[34mSELECT "appointment_types".* FROM "appointment_types"[0m
  Parameters: {"appointment"=>{}}
  ↳ app/controllers/appointment_types_controller.rb:8:in `index'
Completed 200 OK in 8ms (Views: 5.6ms | ActiveRecord: 2.3ms (1 query, 0 cached) | GC: 0.0ms)


  [1m[36mAppointment Load (0.8ms)[0m  [1m[34mSELECT "appointments".* FROM "appointments" ORDER BY "appointments"."starts_at" ASC[0m
  ↳ app/controllers/appointments_controller.rb:8:in `index'
Completed 200 OK in 6ms (Views: 5.2ms | ActiveRecord: 0.8ms (1 query, 0 cached) | GC: 0.0ms)


Started GET "/appointments" for 192.168.65.1 at 2026-09-12 22:12:08 +0000
Started GET "/appointment_types" for 192.168.65.1 at 2026-09-12 22:12:08 +0000
Processing by AppointmentTypesController#index as HTML
  Parameters: {"appointment_type"=>{}}
  [1m[36mAppointmentType Load (0.9ms)[0m  [1m[34mSELECT "appointment_types".* FROM "appointment_types"[0m
Processing by AppointmentsController#index as HTML
  ↳ app/controllers/appointment_types_controller.rb:8:in `index'
  Parameters: {"appointment"=>{}}
Completed 200 OK in 13ms (Views: 12.0ms | ActiveRecord: 0.9ms (1 query, 0 cached) | GC: 0.0ms)


  [1m[36mAppointment Load (0.0ms)[0m  [1m[34mSELECT "appointments".* FROM "appointments" ORDER BY "appointments"."starts_at" ASC[0m
  ↳ app/controllers/appointments_controller.rb:8:in `index'
Completed 200 OK in 6ms (Views: 4.8ms | ActiveRecord: 0.0ms (1 query, 0 cached) | GC: 0.0ms)


Started GET "/appointment_types" for 192.168.65.1 at 2026-09-12 22:12:29 +0000
Started GET "/appointments" for 192.168.65.1 at 2026-09-12 22:12:29 +0000
Processing by AppointmentsController#index as HTML
  Parameters: {"appointment"=>{}}
  [1m[36mAppointment Load (0.1ms)[0m  [1m[34mSELECT "appointments".* FROM "appointments" ORDER BY "appointments"."starts_at" ASC[0m
Processing by AppointmentTypesController#index as HTML
  ↳ app/controllers/appointments_controller.rb:8:in `index'
  Parameters: {"appointment_type"=>{}}
Completed 200 OK in 3ms (Views: 2.3ms | ActiveRecord: 0.1ms (1 query, 0 cached) | GC: 0.0ms)


  [1m[36mAppointmentType Load (0.2ms)[0m  [1m[34mSELECT "appointment_types".* FROM "appointment_types"[0m
  ↳ app/controllers/appointment_types_controller.rb:8:in `index'
Completed 200 OK in 8ms (Views: 7.5ms | ActiveRecord: 0.0ms (1 query, 0 cached) | GC: 0.0ms)


Started GET "/appointment_types" for 192.168.65.1 at 2026-09-12 22:12:36 +0000
Started GET "/appointments" for 192.168.65.1 at 2026-09-12 22:12:36 +0000
Processing by AppointmentTypesController#index as HTML
  Parameters: {"appointment_type"=>{}}
Processing by AppointmentsController#index as HTML
  [1m[36mAppointmentType Load (0.1ms)[0m  [1m[34mSELECT "appointment_types".* FROM "appointment_types"[0m
  Parameters: {"appointment"=>{}}
  ↳ app/controllers/appointment_types_controller.rb:8:in `index'
  [1m[36mAppointment Load (0.1ms)[0m  [1m[34mSELECT "appointments".* FROM "appointments" ORDER BY "appointments"."starts_at" ASC[0m
Completed 200 OK in 3ms (Views: 2.9ms | ActiveRecord: 0.1ms (1 query, 0 cached) | GC: 0.0ms)


  ↳ app/controllers/appointments_controller.rb:8:in `index'
Completed 200 OK in 3ms (Views: 3.0ms | ActiveRecord: 0.1ms (1 query, 0 cached) | GC: 0.0ms)


Started GET "/appointment_types" for 192.168.65.1 at 2026-09-12 22:15:12 +0000
Started GET "/appointments" for 192.168.65.1 at 2026-09-12 22:15:12 +0000
Processing by AppointmentTypesController#index as HTML
  Parameters: {"appointment_type"=>{}}
Processing by AppointmentsController#index as HTML
  [1m[36mAppointmentType Load (0.1ms)[0m  [1m[34mSELECT "appointment_types".* FROM "appointment_types"[0m
  Parameters: {"appointment"=>{}}
  ↳ app/controllers/appointment_types_controller.rb:8:in `index'
  [1m[36mAppointment Load (0.0ms)[0m  [1m[34mSELECT "appointments".* FROM "appointments" ORDER BY "appointments"."starts_at" ASC[0m
Completed 200 OK in 7ms (Views: 6.4ms | ActiveRecord: 0.1ms (1 query, 0 cached) | GC: 0.0ms)


  ↳ app/controllers/appointments_controller.rb:8:in `index'
Completed 200 OK in 7ms (Views: 6.8ms | ActiveRecord: 0.0ms (1 query, 0 cached) | GC: 0.0ms)


Started GET "/appointments" for 192.168.65.1 at 2026-09-12 22:15:16 +0000
Started GET "/appointment_types" for 192.168.65.1 at 2026-09-12 22:15:16 +0000
Processing by AppointmentsController#index as HTML
  Parameters: {"appointment"=>{}}
Processing by AppointmentTypesController#index as HTML
  [1m[36mAppointment Load (0.1ms)[0m  [1m[34mSELECT "appointments".* FROM "appointments" ORDER BY "appointments"."starts_at" ASC[0m
  Parameters: {"appointment_type"=>{}}
  ↳ app/controllers/appointments_controller.rb:8:in `index'
  [1m[36mAppointmentType Load (0.2ms)[0m  [1m[34mSELECT "appointment_types".* FROM "appointment_types"[0m
Completed 200 OK in 6ms (Views: 4.5ms | ActiveRecord: 0.1ms (1 query, 0 cached) | GC: 0.0ms)


  ↳ app/controllers/appointment_types_controller.rb:8:in `index'
Completed 200 OK in 13ms (Views: 12.1ms | ActiveRecord: 0.2ms (1 query, 0 cached) | GC: 8.5ms)


Started GET "/appointments" for 192.168.65.1 at 2026-09-12 22:15:40 +0000
Started GET "/appointment_types" for 192.168.65.1 at 2026-09-12 22:15:40 +0000
Processing by AppointmentsController#index as HTML
  Parameters: {"appointment"=>{}}
Processing by AppointmentTypesController#index as HTML
  [1m[36mAppointment Load (0.4ms)[0m  [1m[34mSELECT "appointments".* FROM "appointments" ORDER BY "appointments"."starts_at" ASC[0m
  Parameters: {"appointment_type"=>{}}
  ↳ app/controllers/appointments_controller.rb:8:in `index'
  [1m[36mAppointmentType Load (0.8ms)[0m  [1m[34mSELECT "appointment_types".* FROM "appointment_types"[0m
Completed 200 OK in 4ms (Views: 3.5ms | ActiveRecord: 0.3ms (1 query, 0 cached) | GC: 0.0ms)


  ↳ app/controllers/appointment_types_controller.rb:8:in `index'
Completed 200 OK in 5ms (Views: 4.6ms | ActiveRecord: 0.3ms (1 query, 0 cached) | GC: 0.0ms)


Started GET "/appointments" for 192.168.65.1 at 2026-09-12 22:15:47 +0000
Started GET "/appointment_types" for 192.168.65.1 at 2026-09-12 22:15:47 +0000
Processing by AppointmentsController#index as HTML
  Parameters: {"appointment"=>{}}
Processing by AppointmentTypesController#index as HTML
  [1m[36mAppointment Load (0.1ms)[0m  [1m[34mSELECT "appointments".* FROM "appointments" ORDER BY "appointments"."starts_at" ASC[0m
  Parameters: {"appointment_type"=>{}}
  ↳ app/controllers/appointments_controller.rb:8:in `index'
  [1m[36mAppointmentType Load (0.0ms)[0m  [1m[34mSELECT "appointment_types".* FROM "appointment_types"[0m
Completed 200 OK in 2ms (Views: 1.9ms | ActiveRecord: 0.1ms (1 query, 0 cached) | GC: 0.0ms)


  ↳ app/controllers/appointment_types_controller.rb:8:in `index'
Completed 200 OK in 3ms (Views: 2.9ms | ActiveRecord: 0.0ms (1 query, 0 cached) | GC: 0.0ms)


Started GET "/appointment_types" for 192.168.65.1 at 2026-09-12 22:16:03 +0000
Started GET "/appointments" for 192.168.65.1 at 2026-09-12 22:16:03 +0000
Processing by AppointmentTypesController#index as HTML
  Parameters: {"appointment_type"=>{}}
  [1m[36mAppointmentType Load (0.1ms)[0m  [1m[34mSELECT "appointment_types".* FROM "appointment_types"[0m
Processing by AppointmentsController#index as HTML
  ↳ app/controllers/appointment_types_controller.rb:8:in `index'
  Parameters: {"appointment"=>{}}
Completed 200 OK in 2ms (Views: 1.5ms | ActiveRecord: 0.1ms (1 query, 0 cached) | GC: 0.0ms)


  [1m[36mAppointment Load (0.0ms)[0m  [1m[34mSELECT "appointments".* FROM "appointments" ORDER BY "appointments"."starts_at" ASC[0m
  ↳ app/controllers/appointments_controller.rb:8:in `index'
Completed 200 OK in 2ms (Views: 1.5ms | ActiveRecord: 0.0ms (1 query, 0 cached) | GC: 0.0ms)


Started GET "/appointments" for 192.168.65.1 at 2026-09-12 22:16:10 +0000
Started GET "/appointment_types" for 192.168.65.1 at 2026-09-12 22:16:10 +0000
Processing by AppointmentsController#index as HTML
  Parameters: {"appointment"=>{}}
Processing by AppointmentTypesController#index as HTML
  [1m[36mAppointment Load (0.1ms)[0m  [1m[34mSELECT "appointments".* FROM "appointments" ORDER BY "appointments"."starts_at" ASC[0m
  Parameters: {"appointment_type"=>{}}
  ↳ app/controllers/appointments_controller.rb:8:in `index'
  [1m[36mAppointmentType Load (0.0ms)[0m  [1m[34mSELECT "appointment_types".* FROM "appointment_types"[0m
Completed 200 OK in 2ms (Views: 1.5ms | ActiveRecord: 0.1ms (1 query, 0 cached) | GC: 0.2ms)


  ↳ app/controllers/appointment_types_controller.rb:8:in `index'
Completed 200 OK in 2ms (Views: 1.6ms | ActiveRecord: 0.0ms (1 query, 0 cached) | GC: 0.2ms)


Started GET "/appointment_types" for 192.168.65.1 at 2026-09-12 22:16:27 +0000
Started GET "/appointments" for 192.168.65.1 at 2026-09-12 22:16:27 +0000
Processing by AppointmentTypesController#index as HTML
  Parameters: {"appointment_type"=>{}}
Processing by AppointmentsController#index as HTML
  [1m[36mAppointmentType Load (0.1ms)[0m  [1m[34mSELECT "appointment_types".* FROM "appointment_types"[0m
  Parameters: {"appointment"=>{}}
  ↳ app/controllers/appointment_types_controller.rb:8:in `index'
  [1m[36mAppointment Load (0.0ms)[0m  [1m[34mSELECT "appointments".* FROM "appointments" ORDER BY "appointments"."starts_at" ASC[0m
Completed 200 OK in 2ms (Views: 1.6ms | ActiveRecord: 0.1ms (1 query, 0 cached) | GC: 0.0ms)


  ↳ app/controllers/appointments_controller.rb:8:in `index'
Completed 200 OK in 2ms (Views: 1.6ms | ActiveRecord: 0.0ms (1 query, 0 cached) | GC: 0.0ms)


Started GET "/appointments" for 192.168.65.1 at 2026-09-12 22:16:37 +0000
Started GET "/appointment_types" for 192.168.65.1 at 2026-09-12 22:16:37 +0000
Processing by AppointmentsController#index as HTML
  Parameters: {"appointment"=>{}}
  [1m[36mAppointment Load (0.1ms)[0m  [1m[34mSELECT "appointments".* FROM "appointments" ORDER BY "appointments"."starts_at" ASC[0m
  ↳ app/controllers/appointments_controller.rb:8:in `index'
Completed 200 OK in 2ms (Views: 1.3ms | ActiveRecord: 0.1ms (1 query, 0 cached) | GC: 0.0ms)


Processing by AppointmentTypesController#index as HTML
  Parameters: {"appointment_type"=>{}}
  [1m[36mAppointmentType Load (0.0ms)[0m  [1m[34mSELECT "appointment_types".* FROM "appointment_types"[0m
  ↳ app/controllers/appointment_types_controller.rb:8:in `index'
Completed 200 OK in 1ms (Views: 1.2ms | ActiveRecord: 0.0ms (1 query, 0 cached) | GC: 0.0ms)


Started GET "/appointments" for 192.168.65.1 at 2026-09-12 22:16:47 +0000
Started GET "/appointment_types" for 192.168.65.1 at 2026-09-12 22:16:47 +0000
Processing by AppointmentsController#index as HTML
  Parameters: {"appointment"=>{}}
  [1m[36mAppointment Load (0.1ms)[0m  [1m[34mSELECT "appointments".* FROM "appointments" ORDER BY "appointments"."starts_at" ASC[0m
Processing by AppointmentTypesController#index as HTML
  ↳ app/controllers/appointments_controller.rb:8:in `index'
  Parameters: {"appointment_type"=>{}}
Completed 200 OK in 20ms (Views: 18.5ms | ActiveRecord: 0.1ms (1 query, 0 cached) | GC: 0.0ms)


  [1m[36mAppointmentType Load (0.0ms)[0m  [1m[34mSELECT "appointment_types".* FROM "appointment_types"[0m
  ↳ app/controllers/appointment_types_controller.rb:8:in `index'
Completed 200 OK in 13ms (Views: 7.1ms | ActiveRecord: 0.0ms (1 query, 0 cached) | GC: 0.0ms)


Started GET "/appointments" for 192.168.65.1 at 2026-09-12 22:17:53 +0000
Started GET "/appointment_types" for 192.168.65.1 at 2026-09-12 22:17:53 +0000
Processing by AppointmentsController#index as HTML
  Parameters: {"appointment"=>{}}
Processing by AppointmentTypesController#index as HTML
  [1m[36mAppointment Load (0.1ms)[0m  [1m[34mSELECT "appointments".* FROM "appointments" ORDER BY "appointments"."starts_at" ASC[0m
  Parameters: {"appointment_type"=>{}}
  ↳ app/controllers/appointments_controller.rb:8:in `index'
  [1m[36mAppointmentType Load (0.0ms)[0m  [1m[34mSELECT "appointment_types".* FROM "appointment_types"[0m
Completed 200 OK in 4ms (Views: 2.5ms | ActiveRecord: 0.1ms (1 query, 0 cached) | GC: 0.0ms)


  ↳ app/controllers/appointment_types_controller.rb:8:in `index'
Completed 200 OK in 8ms (Views: 7.9ms | ActiveRecord: 0.0ms (1 query, 0 cached) | GC: 0.0ms)


Started GET "/appointments" for 192.168.65.1 at 2026-09-12 22:18:25 +0000
Started GET "/appointment_types" for 192.168.65.1 at 2026-09-12 22:18:25 +0000
Processing by AppointmentsController#index as HTML
  Parameters: {"appointment"=>{}}
Processing by AppointmentTypesController#index as HTML
  [1m[36mAppointment Load (0.1ms)[0m  [1m[34mSELECT "appointments".* FROM "appointments" ORDER BY "appointments"."starts_at" ASC[0m
  Parameters: {"appointment_type"=>{}}
  ↳ app/controllers/appointments_controller.rb:8:in `index'
  [1m[36mAppointmentType Load (0.1ms)[0m  [1m[34mSELECT "appointment_types".* FROM "appointment_types"[0m
Completed 200 OK in 11ms (Views: 10.5ms | ActiveRecord: 0.1ms (1 query, 0 cached) | GC: 8.7ms)


  ↳ app/controllers/appointment_types_controller.rb:8:in `index'
Completed 200 OK in 3ms (Views: 2.5ms | ActiveRecord: 0.1ms (1 query, 0 cached) | GC: 0.0ms)


Started GET "/appointment_types" for 192.168.65.1 at 2026-09-12 22:18:52 +0000
Started GET "/appointments" for 192.168.65.1 at 2026-09-12 22:18:52 +0000
Processing by AppointmentsController#index as HTML
  Parameters: {"appointment"=>{}}
Processing by AppointmentTypesController#index as HTML
  [1m[36mAppointment Load (0.1ms)[0m  [1m[34mSELECT "appointments".* FROM "appointments" ORDER BY "appointments"."starts_at" ASC[0m
  Parameters: {"appointment_type"=>{}}
  ↳ app/controllers/appointments_controller.rb:8:in `index'
  [1m[36mAppointmentType Load (0.0ms)[0m  [1m[34mSELECT "appointment_types".* FROM "appointment_types"[0m
Completed 200 OK in 2ms (Views: 1.3ms | ActiveRecord: 0.1ms (1 query, 0 cached) | GC: 0.0ms)


  ↳ app/controllers/appointment_types_controller.rb:8:in `index'
Completed 200 OK in 2ms (Views: 1.9ms | ActiveRecord: 0.0ms (1 query, 0 cached) | GC: 0.4ms)


Started GET "/appointments" for 192.168.65.1 at 2026-09-12 22:18:58 +0000
Started GET "/appointment_types" for 192.168.65.1 at 2026-09-12 22:18:58 +0000
Processing by AppointmentsController#index as HTML
  Parameters: {"appointment"=>{}}
Processing by AppointmentTypesController#index as HTML
  [1m[36mAppointment Load (0.1ms)[0m  [1m[34mSELECT "appointments".* FROM "appointments" ORDER BY "appointments"."starts_at" ASC[0m
  Parameters: {"appointment_type"=>{}}
  ↳ app/controllers/appointments_controller.rb:8:in `index'
  [1m[36mAppointmentType Load (0.1ms)[0m  [1m[34mSELECT "appointment_types".* FROM "appointment_types"[0m
Completed 200 OK in 2ms (Views: 1.4ms | ActiveRecord: 0.1ms (1 query, 0 cached) | GC: 0.0ms)


  ↳ app/controllers/appointment_types_controller.rb:8:in `index'
Completed 200 OK in 1ms (Views: 1.4ms | ActiveRecord: 0.1ms (1 query, 0 cached) | GC: 0.0ms)


Started GET "/appointments" for 192.168.65.1 at 2026-09-12 22:19:01 +0000
Started GET "/appointment_types" for 192.168.65.1 at 2026-09-12 22:19:01 +0000
Processing by AppointmentTypesController#index as HTML
  Parameters: {"appointment_type"=>{}}
  [1m[36mAppointmentType Load (0.1ms)[0m  [1m[34mSELECT "appointment_types".* FROM "appointment_types"[0m
Processing by AppointmentsController#index as HTML
  ↳ app/controllers/appointment_types_controller.rb:8:in `index'
  Parameters: {"appointment"=>{}}
Completed 200 OK in 5ms (Views: 4.4ms | ActiveRecord: 0.1ms (1 query, 0 cached) | GC: 0.0ms)


  [1m[36mAppointment Load (0.1ms)[0m  [1m[34mSELECT "appointments".* FROM "appointments" ORDER BY "appointments"."starts_at" ASC[0m
  ↳ app/controllers/appointments_controller.rb:8:in `index'
Completed 200 OK in 5ms (Views: 5.3ms | ActiveRecord: 0.1ms (1 query, 0 cached) | GC: 0.0ms)


Started GET "/appointments" for 192.168.65.1 at 2026-09-12 22:19:22 +0000
Started GET "/appointment_types" for 192.168.65.1 at 2026-09-12 22:19:22 +0000
Processing by AppointmentsController#index as HTML
  Parameters: {"appointment"=>{}}
  [1m[36mAppointment Load (0.1ms)[0m  [1m[34mSELECT "appointments".* FROM "appointments" ORDER BY "appointments"."starts_at" ASC[0m
Processing by AppointmentTypesController#index as HTML
  ↳ app/controllers/appointments_controller.rb:8:in `index'
  Parameters: {"appointment_type"=>{}}
Completed 200 OK in 2ms (Views: 1.5ms | ActiveRecord: 0.1ms (1 query, 0 cached) | GC: 0.1ms)


  [1m[36mAppointmentType Load (0.1ms)[0m  [1m[34mSELECT "appointment_types".* FROM "appointment_types"[0m
  ↳ app/controllers/appointment_types_controller.rb:8:in `index'
Completed 200 OK in 1ms (Views: 1.2ms | ActiveRecord: 0.0ms (1 query, 0 cached) | GC: 0.0ms)


Started GET "/appointments" for 192.168.65.1 at 2026-09-12 22:19:29 +0000
Started GET "/appointment_types" for 192.168.65.1 at 2026-09-12 22:19:29 +0000
Processing by AppointmentTypesController#index as HTML
  Parameters: {"appointment_type"=>{}}
Processing by AppointmentsController#index as HTML
  [1m[36mAppointmentType Load (0.2ms)[0m  [1m[34mSELECT "appointment_types".* FROM "appointment_types"[0m
  Parameters: {"appointment"=>{}}
  ↳ app/controllers/appointment_types_controller.rb:8:in `index'
  [1m[36mAppointment Load (0.0ms)[0m  [1m[34mSELECT "appointments".* FROM "appointments" ORDER BY "appointments"."starts_at" ASC[0m
Completed 200 OK in 2ms (Views: 1.7ms | ActiveRecord: 0.2ms (1 query, 0 cached) | GC: 0.0ms)


  ↳ app/controllers/appointments_controller.rb:8:in `index'
Completed 200 OK in 2ms (Views: 1.7ms | ActiveRecord: 0.0ms (1 query, 0 cached) | GC: 0.2ms)


Started GET "/appointments" for 192.168.65.1 at 2026-09-12 22:19:43 +0000
Started GET "/appointment_types" for 192.168.65.1 at 2026-09-12 22:19:43 +0000
Processing by AppointmentTypesController#index as HTML
  Parameters: {"appointment_type"=>{}}
  [1m[36mAppointmentType Load (0.1ms)[0m  [1m[34mSELECT "appointment_types".* FROM "appointment_types"[0m
Processing by AppointmentsController#index as HTML
  ↳ app/controllers/appointment_types_controller.rb:8:in `index'
  Parameters: {"appointment"=>{}}
Completed 200 OK in 2ms (Views: 1.4ms | ActiveRecord: 0.1ms (1 query, 0 cached) | GC: 0.0ms)


  [1m[36mAppointment Load (0.0ms)[0m  [1m[34mSELECT "appointments".* FROM "appointments" ORDER BY "appointments"."starts_at" ASC[0m
  ↳ app/controllers/appointments_controller.rb:8:in `index'
Completed 200 OK in 2ms (Views: 1.3ms | ActiveRecord: 0.0ms (1 query, 0 cached) | GC: 0.0ms)


Started GET "/appointments" for 192.168.65.1 at 2026-09-12 22:20:01 +0000
Started GET "/appointment_types" for 192.168.65.1 at 2026-09-12 22:20:01 +0000
Processing by AppointmentsController#index as HTML
  Parameters: {"appointment"=>{}}
Processing by AppointmentTypesController#index as HTML
  [1m[36mAppointment Load (0.1ms)[0m  [1m[34mSELECT "appointments".* FROM "appointments" ORDER BY "appointments"."starts_at" ASC[0m
  Parameters: {"appointment_type"=>{}}
  ↳ app/controllers/appointments_controller.rb:8:in `index'
  [1m[36mAppointmentType Load (0.0ms)[0m  [1m[34mSELECT "appointment_types".* FROM "appointment_types"[0m
Completed 200 OK in 2ms (Views: 1.4ms | ActiveRecord: 0.1ms (1 query, 0 cached) | GC: 0.0ms)


  ↳ app/controllers/appointment_types_controller.rb:8:in `index'
Completed 200 OK in 2ms (Views: 1.9ms | ActiveRecord: 0.0ms (1 query, 0 cached) | GC: 0.0ms)


Started GET "/appointment_types" for 192.168.65.1 at 2026-09-12 22:20:52 +0000
Started GET "/appointments" for 192.168.65.1 at 2026-09-12 22:20:52 +0000
Processing by AppointmentsController#index as HTML
  Parameters: {"appointment"=>{}}
  [1m[36mAppointment Load (2.5ms)[0m  [1m[34mSELECT "appointments".* FROM "appointments" ORDER BY "appointments"."starts_at" ASC[0m
Processing by AppointmentTypesController#index as HTML
  ↳ app/controllers/appointments_controller.rb:8:in `index'
  Parameters: {"appointment_type"=>{}}
Completed 200 OK in 6ms (Views: 3.3ms | ActiveRecord: 2.5ms (1 query, 0 cached) | GC: 0.0ms)


  [1m[36mAppointmentType Load (0.1ms)[0m  [1m[34mSELECT "appointment_types".* FROM "appointment_types"[0m
  ↳ app/controllers/appointment_types_controller.rb:8:in `index'
Completed 200 OK in 3ms (Views: 3.1ms | ActiveRecord: 0.1ms (1 query, 0 cached) | GC: 0.0ms)


Started GET "/appointment_types" for 192.168.65.1 at 2026-09-12 22:20:59 +0000
Started GET "/appointments" for 192.168.65.1 at 2026-09-12 22:20:59 +0000
Processing by AppointmentsController#index as HTML
  Parameters: {"appointment"=>{}}
  [1m[36mAppointment Load (0.1ms)[0m  [1m[34mSELECT "appointments".* FROM "appointments" ORDER BY "appointments"."starts_at" ASC[0m
Processing by AppointmentTypesController#index as HTML
  ↳ app/controllers/appointments_controller.rb:8:in `index'
  Parameters: {"appointment_type"=>{}}
Completed 200 OK in 2ms (Views: 1.1ms | ActiveRecord: 0.1ms (1 query, 0 cached) | GC: 0.0ms)


  [1m[36mAppointmentType Load (0.0ms)[0m  [1m[34mSELECT "appointment_types".* FROM "appointment_types"[0m
  ↳ app/controllers/appointment_types_controller.rb:8:in `index'
Completed 200 OK in 1ms (Views: 1.4ms | ActiveRecord: 0.0ms (1 query, 0 cached) | GC: 0.0ms)


Started GET "/appointments" for 192.168.65.1 at 2026-09-12 22:21:05 +0000
Started GET "/appointment_types" for 192.168.65.1 at 2026-09-12 22:21:05 +0000
Processing by AppointmentsController#index as HTML
  Parameters: {"appointment"=>{}}
Processing by AppointmentTypesController#index as HTML
  [1m[36mAppointment Load (0.6ms)[0m  [1m[34mSELECT "appointments".* FROM "appointments" ORDER BY "appointments"."starts_at" ASC[0m
  Parameters: {"appointment_type"=>{}}
  ↳ app/controllers/appointments_controller.rb:8:in `index'
  [1m[36mAppointmentType Load (0.0ms)[0m  [1m[34mSELECT "appointment_types".* FROM "appointment_types"[0m
Completed 200 OK in 4ms (Views: 3.0ms | ActiveRecord: 0.6ms (1 query, 0 cached) | GC: 0.8ms)


  ↳ app/controllers/appointment_types_controller.rb:8:in `index'
Completed 200 OK in 3ms (Views: 2.9ms | ActiveRecord: 0.0ms (1 query, 0 cached) | GC: 0.8ms)


Started GET "/appointment_types" for 192.168.65.1 at 2026-09-12 22:21:12 +0000
Started GET "/appointments" for 192.168.65.1 at 2026-09-12 22:21:12 +0000
Processing by AppointmentTypesController#index as HTML
  Parameters: {"appointment_type"=>{}}
Processing by AppointmentsController#index as HTML
  [1m[36mAppointmentType Load (0.1ms)[0m  [1m[34mSELECT "appointment_types".* FROM "appointment_types"[0m
  Parameters: {"appointment"=>{}}
  ↳ app/controllers/appointment_types_controller.rb:8:in `index'
  [1m[36mAppointment Load (0.0ms)[0m  [1m[34mSELECT "appointments".* FROM "appointments" ORDER BY "appointments"."starts_at" ASC[0m
Completed 200 OK in 2ms (Views: 1.4ms | ActiveRecord: 0.1ms (1 query, 0 cached) | GC: 0.0ms)


  ↳ app/controllers/appointments_controller.rb:8:in `index'
Completed 200 OK in 2ms (Views: 1.5ms | ActiveRecord: 0.0ms (1 query, 0 cached) | GC: 0.0ms)


Started GET "/appointments" for 192.168.65.1 at 2026-09-12 22:21:15 +0000
Started GET "/appointment_types" for 192.168.65.1 at 2026-09-12 22:21:15 +0000
Processing by AppointmentsController#index as HTML
  Parameters: {"appointment"=>{}}
Processing by AppointmentTypesController#index as HTML
  [1m[36mAppointment Load (0.1ms)[0m  [1m[34mSELECT "appointments".* FROM "appointments" ORDER BY "appointments"."starts_at" ASC[0m
  Parameters: {"appointment_type"=>{}}
  ↳ app/controllers/appointments_controller.rb:8:in `index'
  [1m[36mAppointmentType Load (0.1ms)[0m  [1m[34mSELECT "appointment_types".* FROM "appointment_types"[0m
Completed 200 OK in 3ms (Views: 2.0ms | ActiveRecord: 0.1ms (1 query, 0 cached) | GC: 0.0ms)


  ↳ app/controllers/appointment_types_controller.rb:8:in `index'
Completed 200 OK in 2ms (Views: 1.5ms | ActiveRecord: 0.1ms (1 query, 0 cached) | GC: 0.0ms)


Started GET "/appointments" for 192.168.65.1 at 2026-09-12 22:21:29 +0000
Started GET "/appointment_types" for 192.168.65.1 at 2026-09-12 22:21:29 +0000
Processing by AppointmentsController#index as HTML
  Parameters: {"appointment"=>{}}
Processing by AppointmentTypesController#index as HTML
  [1m[36mAppointment Load (0.2ms)[0m  [1m[34mSELECT "appointments".* FROM "appointments" ORDER BY "appointments"."starts_at" ASC[0m
  Parameters: {"appointment_type"=>{}}
  ↳ app/controllers/appointments_controller.rb:8:in `index'
  [1m[36mAppointmentType Load (0.1ms)[0m  [1m[34mSELECT "appointment_types".* FROM "appointment_types"[0m
Completed 200 OK in 11ms (Views: 6.6ms | ActiveRecord: 0.2ms (1 query, 0 cached) | GC: 0.0ms)


  ↳ app/controllers/appointment_types_controller.rb:8:in `index'
Completed 200 OK in 5ms (Views: 4.8ms | ActiveRecord: 0.1ms (1 query, 0 cached) | GC: 0.0ms)


Started GET "/appointment_types" for 192.168.65.1 at 2026-09-12 22:21:43 +0000
Started GET "/appointments" for 192.168.65.1 at 2026-09-12 22:21:43 +0000
Processing by AppointmentTypesController#index as HTML
  Parameters: {"appointment_type"=>{}}
Processing by AppointmentsController#index as HTML
  [1m[36mAppointmentType Load (0.1ms)[0m  [1m[34mSELECT "appointment_types".* FROM "appointment_types"[0m
  Parameters: {"appointment"=>{}}
  ↳ app/controllers/appointment_types_controller.rb:8:in `index'
  [1m[36mAppointment Load (0.1ms)[0m  [1m[34mSELECT "appointments".* FROM "appointments" ORDER BY "appointments"."starts_at" ASC[0m
Completed 200 OK in 2ms (Views: 1.7ms | ActiveRecord: 0.1ms (1 query, 0 cached) | GC: 0.2ms)


  ↳ app/controllers/appointments_controller.rb:8:in `index'
Completed 200 OK in 2ms (Views: 1.6ms | ActiveRecord: 0.1ms (1 query, 0 cached) | GC: 0.0ms)


Started GET "/appointment_types" for 192.168.65.1 at 2026-09-12 22:21:53 +0000
Started GET "/appointments" for 192.168.65.1 at 2026-09-12 22:21:53 +0000
Processing by AppointmentTypesController#index as HTML
  Parameters: {"appointment_type"=>{}}
Processing by AppointmentsController#index as HTML
  [1m[36mAppointmentType Load (0.1ms)[0m  [1m[34mSELECT "appointment_types".* FROM "appointment_types"[0m
  Parameters: {"appointment"=>{}}
  ↳ app/controllers/appointment_types_controller.rb:8:in `index'
  [1m[36mAppointment Load (0.0ms)[0m  [1m[34mSELECT "appointments".* FROM "appointments" ORDER BY "appointments"."starts_at" ASC[0m
Completed 200 OK in 2ms (Views: 1.4ms | ActiveRecord: 0.1ms (1 query, 0 cached) | GC: 0.0ms)


  ↳ app/controllers/appointments_controller.rb:8:in `index'
Completed 200 OK in 2ms (Views: 1.4ms | ActiveRecord: 0.0ms (1 query, 0 cached) | GC: 0.0ms)


Started GET "/appointment_types" for 192.168.65.1 at 2026-09-12 22:22:28 +0000
Started GET "/appointments" for 192.168.65.1 at 2026-09-12 22:22:28 +0000
Processing by AppointmentsController#index as HTML
  Parameters: {"appointment"=>{}}
Processing by AppointmentTypesController#index as HTML
  [1m[36mAppointment Load (0.1ms)[0m  [1m[34mSELECT "appointments".* FROM "appointments" ORDER BY "appointments"."starts_at" ASC[0m
  Parameters: {"appointment_type"=>{}}
  ↳ app/controllers/appointments_controller.rb:8:in `index'
  [1m[36mAppointmentType Load (0.1ms)[0m  [1m[34mSELECT "appointment_types".* FROM "appointment_types"[0m
Completed 200 OK in 1ms (Views: 1.2ms | ActiveRecord: 0.1ms (1 query, 0 cached) | GC: 0.0ms)


  ↳ app/controllers/appointment_types_controller.rb:8:in `index'
Completed 200 OK in 2ms (Views: 1.4ms | ActiveRecord: 0.1ms (1 query, 0 cached) | GC: 0.0ms)


Started GET "/appointment_types" for 192.168.65.1 at 2026-09-12 22:22:39 +0000
Started GET "/appointments" for 192.168.65.1 at 2026-09-12 22:22:39 +0000
Processing by AppointmentTypesController#index as HTML
  Parameters: {"appointment_type"=>{}}
Processing by AppointmentsController#index as HTML
  [1m[36mAppointmentType Load (0.2ms)[0m  [1m[34mSELECT "appointment_types".* FROM "appointment_types"[0m
  Parameters: {"appointment"=>{}}
  ↳ app/controllers/appointment_types_controller.rb:8:in `index'
  [1m[36mAppointment Load (0.2ms)[0m  [1m[34mSELECT "appointments".* FROM "appointments" ORDER BY "appointments"."starts_at" ASC[0m
Completed 200 OK in 2ms (Views: 1.6ms | ActiveRecord: 0.1ms (1 query, 0 cached) | GC: 0.0ms)


  ↳ app/controllers/appointments_controller.rb:8:in `index'
Completed 200 OK in 2ms (Views: 1.5ms | ActiveRecord: 0.2ms (1 query, 0 cached) | GC: 0.0ms)


Started GET "/appointments" for 192.168.65.1 at 2026-09-12 22:22:48 +0000
Started GET "/appointment_types" for 192.168.65.1 at 2026-09-12 22:22:48 +0000
Processing by AppointmentTypesController#index as HTML
  Parameters: {"appointment_type"=>{}}
  [1m[36mAppointmentType Load (0.2ms)[0m  [1m[34mSELECT "appointment_types".* FROM "appointment_types"[0m
Processing by AppointmentsController#index as HTML
  ↳ app/controllers/appointment_types_controller.rb:8:in `index'
  Parameters: {"appointment"=>{}}
Completed 200 OK in 2ms (Views: 1.6ms | ActiveRecord: 0.2ms (1 query, 0 cached) | GC: 0.0ms)


  [1m[36mAppointment Load (0.0ms)[0m  [1m[34mSELECT "appointments".* FROM "appointments" ORDER BY "appointments"."starts_at" ASC[0m
  ↳ app/controllers/appointments_controller.rb:8:in `index'
Completed 200 OK in 1ms (Views: 1.1ms | ActiveRecord: 0.0ms (1 query, 0 cached) | GC: 0.0ms)


Started GET "/appointment_types" for 192.168.65.1 at 2026-09-12 22:22:56 +0000
Started GET "/appointments" for 192.168.65.1 at 2026-09-12 22:22:56 +0000
Processing by AppointmentTypesController#index as HTML
  Parameters: {"appointment_type"=>{}}
Processing by AppointmentsController#index as HTML
  [1m[36mAppointmentType Load (0.2ms)[0m  [1m[34mSELECT "appointment_types".* FROM "appointment_types"[0m
  Parameters: {"appointment"=>{}}
  ↳ app/controllers/appointment_types_controller.rb:8:in `index'
  [1m[36mAppointment Load (0.1ms)[0m  [1m[34mSELECT "appointments".* FROM "appointments" ORDER BY "appointments"."starts_at" ASC[0m
Completed 200 OK in 2ms (Views: 1.4ms | ActiveRecord: 0.2ms (1 query, 0 cached) | GC: 0.0ms)


  ↳ app/controllers/appointments_controller.rb:8:in `index'
Completed 200 OK in 2ms (Views: 1.4ms | ActiveRecord: 0.1ms (1 query, 0 cached) | GC: 0.0ms)


Started GET "/appointment_types" for 192.168.65.1 at 2026-09-12 22:23:03 +0000
Started GET "/appointments" for 192.168.65.1 at 2026-09-12 22:23:03 +0000
Processing by AppointmentTypesController#index as HTML
  Parameters: {"appointment_type"=>{}}
  [1m[36mAppointmentType Load (0.2ms)[0m  [1m[34mSELECT "appointment_types".* FROM "appointment_types"[0m
  ↳ app/controllers/appointment_types_controller.rb:8:in `index'
Completed 200 OK in 1ms (Views: 1.1ms | ActiveRecord: 0.2ms (1 query, 0 cached) | GC: 0.0ms)


Processing by AppointmentsController#index as HTML
  Parameters: {"appointment"=>{}}
  [1m[36mAppointment Load (0.1ms)[0m  [1m[34mSELECT "appointments".* FROM "appointments" ORDER BY "appointments"."starts_at" ASC[0m
  ↳ app/controllers/appointments_controller.rb:8:in `index'
Completed 200 OK in 1ms (Views: 0.9ms | ActiveRecord: 0.1ms (1 query, 0 cached) | GC: 0.2ms)


Started GET "/appointment_types" for 192.168.65.1 at 2026-09-12 22:23:10 +0000
Started GET "/appointments" for 192.168.65.1 at 2026-09-12 22:23:10 +0000
Processing by AppointmentsController#index as HTML
  Parameters: {"appointment"=>{}}
Processing by AppointmentTypesController#index as HTML
  [1m[36mAppointment Load (0.1ms)[0m  [1m[34mSELECT "appointments".* FROM "appointments" ORDER BY "appointments"."starts_at" ASC[0m
  Parameters: {"appointment_type"=>{}}
  ↳ app/controllers/appointments_controller.rb:8:in `index'
  [1m[36mAppointmentType Load (0.0ms)[0m  [1m[34mSELECT "appointment_types".* FROM "appointment_types"[0m
Completed 200 OK in 2ms (Views: 1.6ms | ActiveRecord: 0.1ms (1 query, 0 cached) | GC: 0.0ms)


  ↳ app/controllers/appointment_types_controller.rb:8:in `index'
Completed 200 OK in 2ms (Views: 1.4ms | ActiveRecord: 0.0ms (1 query, 0 cached) | GC: 0.0ms)


Started GET "/appointments" for 192.168.65.1 at 2026-09-12 22:23:17 +0000
Started GET "/appointment_types" for 192.168.65.1 at 2026-09-12 22:23:17 +0000
Processing by AppointmentsController#index as HTML
  Parameters: {"appointment"=>{}}
Processing by AppointmentTypesController#index as HTML
  [1m[36mAppointment Load (0.2ms)[0m  [1m[34mSELECT "appointments".* FROM "appointments" ORDER BY "appointments"."starts_at" ASC[0m
  Parameters: {"appointment_type"=>{}}
  ↳ app/controllers/appointments_controller.rb:8:in `index'
  [1m[36mAppointmentType Load (0.0ms)[0m  [1m[34mSELECT "appointment_types".* FROM "appointment_types"[0m
Completed 200 OK in 2ms (Views: 1.7ms | ActiveRecord: 0.2ms (1 query, 0 cached) | GC: 0.0ms)


  ↳ app/controllers/appointment_types_controller.rb:8:in `index'
Completed 200 OK in 2ms (Views: 1.8ms | ActiveRecord: 0.0ms (1 query, 0 cached) | GC: 0.0ms)


Started GET "/appointments" for 192.168.65.1 at 2026-09-12 22:23:22 +0000
Started GET "/appointment_types" for 192.168.65.1 at 2026-09-12 22:23:22 +0000
Processing by AppointmentsController#index as HTML
  Parameters: {"appointment"=>{}}
Processing by AppointmentTypesController#index as HTML
  [1m[36mAppointment Load (0.1ms)[0m  [1m[34mSELECT "appointments".* FROM "appointments" ORDER BY "appointments"."starts_at" ASC[0m
  Parameters: {"appointment_type"=>{}}
  ↳ app/controllers/appointments_controller.rb:8:in `index'
  [1m[36mAppointmentType Load (0.0ms)[0m  [1m[34mSELECT "appointment_types".* FROM "appointment_types"[0m
Completed 200 OK in 2ms (Views: 1.3ms | ActiveRecord: 0.1ms (1 query, 0 cached) | GC: 0.0ms)


  ↳ app/controllers/appointment_types_controller.rb:8:in `index'
Completed 200 OK in 2ms (Views: 1.5ms | ActiveRecord: 0.0ms (1 query, 0 cached) | GC: 0.0ms)


Started GET "/appointments" for 192.168.65.1 at 2026-09-12 22:23:43 +0000
Started GET "/appointment_types" for 192.168.65.1 at 2026-09-12 22:23:43 +0000
Processing by AppointmentsController#index as HTML
  Parameters: {"appointment"=>{}}
Processing by AppointmentTypesController#index as HTML
  [1m[36mAppointment Load (0.1ms)[0m  [1m[34mSELECT "appointments".* FROM "appointments" ORDER BY "appointments"."starts_at" ASC[0m
  Parameters: {"appointment_type"=>{}}
  ↳ app/controllers/appointments_controller.rb:8:in `index'
  [1m[36mAppointmentType Load (0.0ms)[0m  [1m[34mSELECT "appointment_types".* FROM "appointment_types"[0m
Completed 200 OK in 2ms (Views: 1.6ms | ActiveRecord: 0.1ms (1 query, 0 cached) | GC: 0.0ms)


  ↳ app/controllers/appointment_types_controller.rb:8:in `index'
Completed 200 OK in 2ms (Views: 1.6ms | ActiveRecord: 0.0ms (1 query, 0 cached) | GC: 0.0ms)


Started GET "/appointment_types" for 192.168.65.1 at 2026-09-12 22:23:49 +0000
Started GET "/appointments" for 192.168.65.1 at 2026-09-12 22:23:49 +0000
Processing by AppointmentTypesController#index as HTML
  Parameters: {"appointment_type"=>{}}
Processing by AppointmentsController#index as HTML
  [1m[36mAppointmentType Load (0.2ms)[0m  [1m[34mSELECT "appointment_types".* FROM "appointment_types"[0m
  Parameters: {"appointment"=>{}}
  ↳ app/controllers/appointment_types_controller.rb:8:in `index'
  [1m[36mAppointment Load (0.0ms)[0m  [1m[34mSELECT "appointments".* FROM "appointments" ORDER BY "appointments"."starts_at" ASC[0m
Completed 200 OK in 2ms (Views: 1.9ms | ActiveRecord: 0.1ms (1 query, 0 cached) | GC: 0.0ms)


  ↳ app/controllers/appointments_controller.rb:8:in `index'
Completed 200 OK in 2ms (Views: 1.7ms | ActiveRecord: 0.0ms (1 query, 0 cached) | GC: 0.0ms)


Started GET "/appointments" for 192.168.65.1 at 2026-09-12 22:24:00 +0000
Started GET "/appointment_types" for 192.168.65.1 at 2026-09-12 22:24:00 +0000
Processing by AppointmentsController#index as HTML
  Parameters: {"appointment"=>{}}
Processing by AppointmentTypesController#index as HTML
  [1m[36mAppointment Load (0.3ms)[0m  [1m[34mSELECT "appointments".* FROM "appointments" ORDER BY "appointments"."starts_at" ASC[0m
  Parameters: {"appointment_type"=>{}}
  ↳ app/controllers/appointments_controller.rb:8:in `index'
  [1m[36mAppointmentType Load (0.0ms)[0m  [1m[34mSELECT "appointment_types".* FROM "appointment_types"[0m
Completed 200 OK in 2ms (Views: 2.1ms | ActiveRecord: 0.2ms (1 query, 0 cached) | GC: 0.0ms)


  ↳ app/controllers/appointment_types_controller.rb:8:in `index'
Completed 200 OK in 3ms (Views: 2.6ms | ActiveRecord: 0.0ms (1 query, 0 cached) | GC: 1.0ms)


Started GET "/appointments" for 192.168.65.1 at 2026-09-12 22:24:56 +0000
Started GET "/appointment_types" for 192.168.65.1 at 2026-09-12 22:24:56 +0000
Processing by AppointmentTypesController#index as HTML
  Parameters: {"appointment_type"=>{}}
  [1m[36mAppointmentType Load (0.1ms)[0m  [1m[34mSELECT "appointment_types".* FROM "appointment_types"[0m
Processing by AppointmentsController#index as HTML
  ↳ app/controllers/appointment_types_controller.rb:8:in `index'
  Parameters: {"appointment"=>{}}
Completed 200 OK in 2ms (Views: 1.4ms | ActiveRecord: 0.1ms (1 query, 0 cached) | GC: 0.0ms)


  [1m[36mAppointment Load (0.1ms)[0m  [1m[34mSELECT "appointments".* FROM "appointments" ORDER BY "appointments"."starts_at" ASC[0m
  ↳ app/controllers/appointments_controller.rb:8:in `index'
Completed 200 OK in 1ms (Views: 1.1ms | ActiveRecord: 0.1ms (1 query, 0 cached) | GC: 0.0ms)


Started GET "/appointment_types" for 192.168.65.1 at 2026-09-12 22:25:02 +0000
Started GET "/appointments" for 192.168.65.1 at 2026-09-12 22:25:02 +0000
Processing by AppointmentTypesController#index as HTML
  Parameters: {"appointment_type"=>{}}
  [1m[36mAppointmentType Load (0.2ms)[0m  [1m[34mSELECT "appointment_types".* FROM "appointment_types"[0m
Processing by AppointmentsController#index as HTML
  ↳ app/controllers/appointment_types_controller.rb:8:in `index'
  Parameters: {"appointment"=>{}}
Completed 200 OK in 2ms (Views: 1.4ms | ActiveRecord: 0.2ms (1 query, 0 cached) | GC: 0.0ms)


  [1m[36mAppointment Load (0.0ms)[0m  [1m[34mSELECT "appointments".* FROM "appointments" ORDER BY "appointments"."starts_at" ASC[0m
  ↳ app/controllers/appointments_controller.rb:8:in `index'
Completed 200 OK in 2ms (Views: 1.2ms | ActiveRecord: 0.0ms (1 query, 0 cached) | GC: 0.0ms)


Started GET "/appointments" for 192.168.65.1 at 2026-09-12 22:26:17 +0000
Started GET "/appointment_types" for 192.168.65.1 at 2026-09-12 22:26:17 +0000
Processing by AppointmentsController#index as HTML
  Parameters: {"appointment"=>{}}
  [1m[36mAppointment Load (0.4ms)[0m  [1m[34mSELECT "appointments".* FROM "appointments" ORDER BY "appointments"."starts_at" ASC[0m
  ↳ app/controllers/appointments_controller.rb:8:in `index'
Completed 200 OK in 2ms (Views: 1.3ms | ActiveRecord: 0.3ms (1 query, 0 cached) | GC: 0.0ms)


Processing by AppointmentTypesController#index as HTML
  Parameters: {"appointment_type"=>{}}
  [1m[36mAppointmentType Load (0.0ms)[0m  [1m[34mSELECT "appointment_types".* FROM "appointment_types"[0m
  ↳ app/controllers/appointment_types_controller.rb:8:in `index'
Completed 200 OK in 1ms (Views: 0.9ms | ActiveRecord: 0.0ms (1 query, 0 cached) | GC: 0.0ms)


Started POST "/appointments" for 192.168.65.1 at 2026-09-12 22:26:22 +0000
Processing by AppointmentsController#create as HTML
  Parameters: {"appointment"=>{"title"=>"Team meeting", "description"=>"First meeting", "notes"=>"First note", "appointment_type_id"=>3, "starts_at"=>"2026-09-12T15:25", "ends_at"=>"2026-09-12T17:25", "location"=>"Room A", "people_of_interest"=>"Ismael Lares, Tobias Lares"}}
  [1m[36mTRANSACTION (0.5ms)[0m  [1m[36mbegin transaction[0m
  ↳ app/controllers/appointments_controller.rb:20:in `create'
  [1m[36mAppointmentType Load (1.9ms)[0m  [1m[34mSELECT "appointment_types".* FROM "appointment_types" WHERE "appointment_types"."id" = ? LIMIT ?[0m  [["id", 3], ["LIMIT", 1]]
  ↳ app/controllers/appointments_controller.rb:20:in `create'
  [1m[36mAppointment Create (0.2ms)[0m  [1m[32mINSERT INTO "appointments" ("description", "notes", "appointment_type_id", "starts_at", "ends_at", "created_at", "updated_at", "title", "location", "people_of_interest") VALUES (?, ?, ?, ?, ?, ?, ?, ?, ?, ?) RETURNING "id"[0m  [["description", "First meeting"], ["notes", "First note"], ["appointment_type_id", 3], ["starts_at", "2026-09-12 15:25:00"], ["ends_at", "2026-09-12 17:25:00"], ["created_at", "2026-09-12 22:26:22.700764"], ["updated_at", "2026-09-12 22:26:22.700764"], ["title", "Team meeting"], ["location", "Room A"], ["people_of_interest", "Ismael Lares, Tobias Lares"]]
  ↳ app/controllers/appointments_controller.rb:20:in `create'
  [1m[36mTRANSACTION (0.9ms)[0m  [1m[36mcommit transaction[0m
  ↳ app/controllers/appointments_controller.rb:20:in `create'
Completed 201 Created in 59ms (Views: 2.8ms | ActiveRecord: 3.8ms (2 queries, 0 cached) | GC: 0.3ms)


Started GET "/appointment_types" for 192.168.65.1 at 2026-09-12 22:26:45 +0000
Started GET "/appointments" for 192.168.65.1 at 2026-09-12 22:26:45 +0000
Processing by AppointmentTypesController#index as HTML
  Parameters: {"appointment_type"=>{}}
Processing by AppointmentsController#index as HTML
  [1m[36mAppointmentType Load (0.1ms)[0m  [1m[34mSELECT "appointment_types".* FROM "appointment_types"[0m
  Parameters: {"appointment"=>{}}
  ↳ app/controllers/appointment_types_controller.rb:8:in `index'
  [1m[36mAppointment Load (0.1ms)[0m  [1m[34mSELECT "appointments".* FROM "appointments" ORDER BY "appointments"."starts_at" ASC[0m
Completed 200 OK in 2ms (Views: 1.4ms | ActiveRecord: 0.1ms (1 query, 0 cached) | GC: 0.0ms)


  ↳ app/controllers/appointments_controller.rb:8:in `index'
  [1m[36mAppointmentType Load (0.1ms)[0m  [1m[34mSELECT "appointment_types".* FROM "appointment_types" WHERE "appointment_types"."id" = ?[0m  [["id", 3]]
  ↳ app/controllers/appointments_controller.rb:8:in `index'
Completed 200 OK in 10ms (Views: 9.2ms | ActiveRecord: 0.2ms (2 queries, 0 cached) | GC: 0.0ms)


Started GET "/appointments" for 192.168.65.1 at 2026-09-12 22:26:53 +0000
Started GET "/appointment_types" for 192.168.65.1 at 2026-09-12 22:26:53 +0000
Processing by AppointmentsController#index as HTML
  Parameters: {"appointment"=>{}}
Processing by AppointmentTypesController#index as HTML
  [1m[36mAppointment Load (0.0ms)[0m  [1m[34mSELECT "appointments".* FROM "appointments" ORDER BY "appointments"."starts_at" ASC[0m
  Parameters: {"appointment_type"=>{}}
  ↳ app/controllers/appointments_controller.rb:8:in `index'
  [1m[36mAppointmentType Load (0.1ms)[0m  [1m[34mSELECT "appointment_types".* FROM "appointment_types"[0m
  [1m[36mAppointmentType Load (0.0ms)[0m  [1m[34mSELECT "appointment_types".* FROM "appointment_types" WHERE "appointment_types"."id" = ?[0m  [["id", 3]]
  ↳ app/controllers/appointment_types_controller.rb:8:in `index'
  ↳ app/controllers/appointments_controller.rb:8:in `index'
Completed 200 OK in 2ms (Views: 1.8ms | ActiveRecord: 0.1ms (1 query, 0 cached) | GC: 0.0ms)


Completed 200 OK in 3ms (Views: 3.0ms | ActiveRecord: 0.1ms (2 queries, 0 cached) | GC: 0.0ms)


Started GET "/appointment_types" for 192.168.65.1 at 2026-09-12 22:27:04 +0000
Started GET "/appointments" for 192.168.65.1 at 2026-09-12 22:27:04 +0000
Processing by AppointmentsController#index as HTML
  Parameters: {"appointment"=>{}}
  [1m[36mAppointment Load (0.1ms)[0m  [1m[34mSELECT "appointments".* FROM "appointments" ORDER BY "appointments"."starts_at" ASC[0m
Processing by AppointmentTypesController#index as HTML
  ↳ app/controllers/appointments_controller.rb:8:in `index'
  Parameters: {"appointment_type"=>{}}
  [1m[36mAppointmentType Load (0.0ms)[0m  [1m[34mSELECT "appointment_types".* FROM "appointment_types" WHERE "appointment_types"."id" = ?[0m  [["id", 3]]
  [1m[36mAppointmentType Load (0.0ms)[0m  [1m[34mSELECT "appointment_types".* FROM "appointment_types"[0m
  ↳ app/controllers/appointments_controller.rb:8:in `index'
  ↳ app/controllers/appointment_types_controller.rb:8:in `index'
Completed 200 OK in 6ms (Views: 5.7ms | ActiveRecord: 0.1ms (2 queries, 0 cached) | GC: 2.4ms)


Completed 200 OK in 2ms (Views: 1.8ms | ActiveRecord: 0.0ms (1 query, 0 cached) | GC: 0.0ms)


Started GET "/appointment_types" for 192.168.65.1 at 2026-09-12 22:28:29 +0000
Started GET "/appointments" for 192.168.65.1 at 2026-09-12 22:28:29 +0000
Processing by AppointmentTypesController#index as HTML
  Parameters: {"appointment_type"=>{}}
Processing by AppointmentsController#index as HTML
  [1m[36mAppointmentType Load (0.0ms)[0m  [1m[34mSELECT "appointment_types".* FROM "appointment_types"[0m
  Parameters: {"appointment"=>{}}
  ↳ app/controllers/appointment_types_controller.rb:8:in `index'
  [1m[36mAppointment Load (0.1ms)[0m  [1m[34mSELECT "appointments".* FROM "appointments" ORDER BY "appointments"."starts_at" ASC[0m
Completed 200 OK in 2ms (Views: 1.6ms | ActiveRecord: 0.0ms (1 query, 0 cached) | GC: 0.0ms)


  ↳ app/controllers/appointments_controller.rb:8:in `index'
  [1m[36mAppointmentType Load (0.0ms)[0m  [1m[34mSELECT "appointment_types".* FROM "appointment_types" WHERE "appointment_types"."id" = ?[0m  [["id", 3]]
  ↳ app/controllers/appointments_controller.rb:8:in `index'
Completed 200 OK in 4ms (Views: 4.0ms | ActiveRecord: 0.1ms (2 queries, 0 cached) | GC: 0.0ms)


Started GET "/appointments" for 192.168.65.1 at 2026-09-12 22:28:37 +0000
Started GET "/appointment_types" for 192.168.65.1 at 2026-09-12 22:28:37 +0000
Processing by AppointmentsController#index as HTML
  Parameters: {"appointment"=>{}}
Processing by AppointmentTypesController#index as HTML
  [1m[36mAppointment Load (0.1ms)[0m  [1m[34mSELECT "appointments".* FROM "appointments" ORDER BY "appointments"."starts_at" ASC[0m
  Parameters: {"appointment_type"=>{}}
  ↳ app/controllers/appointments_controller.rb:8:in `index'
  [1m[36mAppointmentType Load (0.0ms)[0m  [1m[34mSELECT "appointment_types".* FROM "appointment_types"[0m
  [1m[36mAppointmentType Load (0.0ms)[0m  [1m[34mSELECT "appointment_types".* FROM "appointment_types" WHERE "appointment_types"."id" = ?[0m  [["id", 3]]
  ↳ app/controllers/appointment_types_controller.rb:8:in `index'
  ↳ app/controllers/appointments_controller.rb:8:in `index'
Completed 200 OK in 2ms (Views: 2.0ms | ActiveRecord: 0.0ms (1 query, 0 cached) | GC: 0.0ms)


Completed 200 OK in 4ms (Views: 3.7ms | ActiveRecord: 0.1ms (2 queries, 0 cached) | GC: 0.3ms)


Started GET "/appointments" for 192.168.65.1 at 2026-09-12 22:28:56 +0000
Started GET "/appointment_types" for 192.168.65.1 at 2026-09-12 22:28:56 +0000
Processing by AppointmentsController#index as HTML
  Parameters: {"appointment"=>{}}
Processing by AppointmentTypesController#index as HTML
  [1m[36mAppointment Load (0.1ms)[0m  [1m[34mSELECT "appointments".* FROM "appointments" ORDER BY "appointments"."starts_at" ASC[0m
  Parameters: {"appointment_type"=>{}}
  ↳ app/controllers/appointments_controller.rb:8:in `index'
  [1m[36mAppointmentType Load (0.1ms)[0m  [1m[34mSELECT "appointment_types".* FROM "appointment_types"[0m
  [1m[36mAppointmentType Load (0.0ms)[0m  [1m[34mSELECT "appointment_types".* FROM "appointment_types" WHERE "appointment_types"."id" = ?[0m  [["id", 3]]
  ↳ app/controllers/appointment_types_controller.rb:8:in `index'
  ↳ app/controllers/appointments_controller.rb:8:in `index'
Completed 200 OK in 4ms (Views: 3.4ms | ActiveRecord: 0.1ms (1 query, 0 cached) | GC: 0.0ms)


Completed 200 OK in 5ms (Views: 5.1ms | ActiveRecord: 0.1ms (2 queries, 0 cached) | GC: 0.1ms)


Started GET "/appointments" for 192.168.65.1 at 2026-09-12 22:29:14 +0000
Started GET "/appointment_types" for 192.168.65.1 at 2026-09-12 22:29:14 +0000
Processing by AppointmentsController#index as HTML
  Parameters: {"appointment"=>{}}
Processing by AppointmentTypesController#index as HTML
  [1m[36mAppointment Load (0.1ms)[0m  [1m[34mSELECT "appointments".* FROM "appointments" ORDER BY "appointments"."starts_at" ASC[0m
  Parameters: {"appointment_type"=>{}}
  ↳ app/controllers/appointments_controller.rb:8:in `index'
  [1m[36mAppointmentType Load (0.1ms)[0m  [1m[34mSELECT "appointment_types".* FROM "appointment_types"[0m
  [1m[36mAppointmentType Load (0.0ms)[0m  [1m[34mSELECT "appointment_types".* FROM "appointment_types" WHERE "appointment_types"."id" = ?[0m  [["id", 3]]
  ↳ app/controllers/appointment_types_controller.rb:8:in `index'
  ↳ app/controllers/appointments_controller.rb:8:in `index'
Completed 200 OK in 2ms (Views: 2.2ms | ActiveRecord: 0.1ms (1 query, 0 cached) | GC: 0.0ms)


Completed 200 OK in 5ms (Views: 5.2ms | ActiveRecord: 0.1ms (2 queries, 0 cached) | GC: 0.5ms)


Started GET "/appointments" for 192.168.65.1 at 2026-09-12 22:29:18 +0000
Started GET "/appointment_types" for 192.168.65.1 at 2026-09-12 22:29:18 +0000
Processing by AppointmentTypesController#index as HTML
  Parameters: {"appointment_type"=>{}}
Processing by AppointmentsController#index as HTML
  [1m[36mAppointmentType Load (0.1ms)[0m  [1m[34mSELECT "appointment_types".* FROM "appointment_types"[0m
  Parameters: {"appointment"=>{}}
  ↳ app/controllers/appointment_types_controller.rb:8:in `index'
  [1m[36mAppointment Load (0.1ms)[0m  [1m[34mSELECT "appointments".* FROM "appointments" ORDER BY "appointments"."starts_at" ASC[0m
Completed 200 OK in 2ms (Views: 1.5ms | ActiveRecord: 0.1ms (1 query, 0 cached) | GC: 0.0ms)


  ↳ app/controllers/appointments_controller.rb:8:in `index'
  [1m[36mAppointmentType Load (0.1ms)[0m  [1m[34mSELECT "appointment_types".* FROM "appointment_types" WHERE "appointment_types"."id" = ?[0m  [["id", 3]]
  ↳ app/controllers/appointments_controller.rb:8:in `index'
Completed 200 OK in 4ms (Views: 3.4ms | ActiveRecord: 0.2ms (2 queries, 0 cached) | GC: 0.0ms)


Started GET "/appointment_types" for 192.168.65.1 at 2026-09-12 22:29:31 +0000
Started GET "/appointments" for 192.168.65.1 at 2026-09-12 22:29:31 +0000
Processing by AppointmentTypesController#index as HTML
  Parameters: {"appointment_type"=>{}}
  [1m[36mAppointmentType Load (0.0ms)[0m  [1m[34mSELECT "appointment_types".* FROM "appointment_types"[0m
Processing by AppointmentsController#index as HTML
  ↳ app/controllers/appointment_types_controller.rb:8:in `index'
  Parameters: {"appointment"=>{}}
Completed 200 OK in 2ms (Views: 1.4ms | ActiveRecord: 0.0ms (1 query, 0 cached) | GC: 0.0ms)


  [1m[36mAppointment Load (0.0ms)[0m  [1m[34mSELECT "appointments".* FROM "appointments" ORDER BY "appointments"."starts_at" ASC[0m
  ↳ app/controllers/appointments_controller.rb:8:in `index'
  [1m[36mAppointmentType Load (0.0ms)[0m  [1m[34mSELECT "appointment_types".* FROM "appointment_types" WHERE "appointment_types"."id" = ?[0m  [["id", 3]]
  ↳ app/controllers/appointments_controller.rb:8:in `index'
Completed 200 OK in 3ms (Views: 3.2ms | ActiveRecord: 0.1ms (2 queries, 0 cached) | GC: 0.0ms)


Started GET "/appointments" for 192.168.65.1 at 2026-09-12 22:29:38 +0000
Started GET "/appointment_types" for 192.168.65.1 at 2026-09-12 22:29:38 +0000
Processing by AppointmentsController#index as HTML
  Parameters: {"appointment"=>{}}
  [1m[36mAppointment Load (0.1ms)[0m  [1m[34mSELECT "appointments".* FROM "appointments" ORDER BY "appointments"."starts_at" ASC[0m
  ↳ app/controllers/appointments_controller.rb:8:in `index'
Processing by AppointmentTypesController#index as HTML
  [1m[36mAppointmentType Load (0.1ms)[0m  [1m[34mSELECT "appointment_types".* FROM "appointment_types" WHERE "appointment_types"."id" = ?[0m  [["id", 3]]
  Parameters: {"appointment_type"=>{}}
  ↳ app/controllers/appointments_controller.rb:8:in `index'
  [1m[36mAppointmentType Load (0.1ms)[0m  [1m[34mSELECT "appointment_types".* FROM "appointment_types"[0m
Completed 200 OK in 17ms (Views: 16.6ms | ActiveRecord: 0.1ms (2 queries, 0 cached) | GC: 0.0ms)


  ↳ app/controllers/appointment_types_controller.rb:8:in `index'
Completed 200 OK in 12ms (Views: 11.7ms | ActiveRecord: 0.1ms (1 query, 0 cached) | GC: 0.0ms)


Started GET "/appointment_types" for 192.168.65.1 at 2026-09-12 22:30:15 +0000
Started GET "/appointments" for 192.168.65.1 at 2026-09-12 22:30:15 +0000
Processing by AppointmentTypesController#index as HTML
  Parameters: {"appointment_type"=>{}}
  [1m[36mAppointmentType Load (0.0ms)[0m  [1m[34mSELECT "appointment_types".* FROM "appointment_types"[0m
Processing by AppointmentsController#index as HTML
  ↳ app/controllers/appointment_types_controller.rb:8:in `index'
  Parameters: {"appointment"=>{}}
Completed 200 OK in 2ms (Views: 1.5ms | ActiveRecord: 0.0ms (1 query, 0 cached) | GC: 0.0ms)


  [1m[36mAppointment Load (0.1ms)[0m  [1m[34mSELECT "appointments".* FROM "appointments" ORDER BY "appointments"."starts_at" ASC[0m
  ↳ app/controllers/appointments_controller.rb:8:in `index'
  [1m[36mAppointmentType Load (0.0ms)[0m  [1m[34mSELECT "appointment_types".* FROM "appointment_types" WHERE "appointment_types"."id" = ?[0m  [["id", 3]]
  ↳ app/controllers/appointments_controller.rb:8:in `index'
Completed 200 OK in 5ms (Views: 4.6ms | ActiveRecord: 0.1ms (2 queries, 0 cached) | GC: 0.0ms)


Started GET "/appointment_types" for 192.168.65.1 at 2026-09-12 22:30:20 +0000
Processing by AppointmentTypesController#index as HTML
  Parameters: {"appointment_type"=>{}}
  [1m[36mAppointmentType Load (0.1ms)[0m  [1m[34mSELECT "appointment_types".* FROM "appointment_types"[0m
  ↳ app/controllers/appointment_types_controller.rb:8:in `index'
Completed 200 OK in 3ms (Views: 2.6ms | ActiveRecord: 0.1ms (1 query, 0 cached) | GC: 0.0ms)


Started GET "/appointments" for 192.168.65.1 at 2026-09-12 22:30:26 +0000
Started GET "/appointment_types" for 192.168.65.1 at 2026-09-12 22:30:26 +0000
Processing by AppointmentsController#index as HTML
  Parameters: {"appointment"=>{}}
Processing by AppointmentTypesController#index as HTML
  [1m[36mAppointment Load (0.1ms)[0m  [1m[34mSELECT "appointments".* FROM "appointments" ORDER BY "appointments"."starts_at" ASC[0m
  Parameters: {"appointment_type"=>{}}
  ↳ app/controllers/appointments_controller.rb:8:in `index'
  [1m[36mAppointmentType Load (0.1ms)[0m  [1m[34mSELECT "appointment_types".* FROM "appointment_types"[0m
  [1m[36mAppointmentType Load (0.0ms)[0m  [1m[34mSELECT "appointment_types".* FROM "appointment_types" WHERE "appointment_types"."id" = ?[0m  [["id", 3]]
  ↳ app/controllers/appointment_types_controller.rb:8:in `index'
  ↳ app/controllers/appointments_controller.rb:8:in `index'
Completed 200 OK in 3ms (Views: 2.9ms | ActiveRecord: 0.1ms (1 query, 0 cached) | GC: 0.0ms)


Completed 200 OK in 6ms (Views: 5.5ms | ActiveRecord: 0.1ms (2 queries, 0 cached) | GC: 0.0ms)


Started GET "/appointments" for 192.168.65.1 at 2026-09-12 22:30:49 +0000
Started GET "/appointment_types" for 192.168.65.1 at 2026-09-12 22:30:49 +0000
Processing by AppointmentsController#index as HTML
  Parameters: {"appointment"=>{}}
  [1m[36mAppointment Load (0.0ms)[0m  [1m[34mSELECT "appointments".* FROM "appointments" ORDER BY "appointments"."starts_at" ASC[0m
  ↳ app/controllers/appointments_controller.rb:8:in `index'
  [1m[36mAppointmentType Load (0.0ms)[0m  [1m[34mSELECT "appointment_types".* FROM "appointment_types" WHERE "appointment_types"."id" = ?[0m  [["id", 3]]
  ↳ app/controllers/appointments_controller.rb:8:in `index'
Completed 200 OK in 3ms (Views: 2.2ms | ActiveRecord: 0.1ms (2 queries, 0 cached) | GC: 0.0ms)


Processing by AppointmentTypesController#index as HTML
  Parameters: {"appointment_type"=>{}}
  [1m[36mAppointmentType Load (0.0ms)[0m  [1m[34mSELECT "appointment_types".* FROM "appointment_types"[0m
  ↳ app/controllers/appointment_types_controller.rb:8:in `index'
Completed 200 OK in 1ms (Views: 1.0ms | ActiveRecord: 0.0ms (1 query, 0 cached) | GC: 0.3ms)


Started GET "/appointment_types" for 192.168.65.1 at 2026-09-12 22:31:41 +0000
Started GET "/appointments" for 192.168.65.1 at 2026-09-12 22:31:41 +0000
Processing by AppointmentsController#index as HTML
  Parameters: {"appointment"=>{}}
Processing by AppointmentTypesController#index as HTML
  [1m[36mAppointment Load (0.0ms)[0m  [1m[34mSELECT "appointments".* FROM "appointments" ORDER BY "appointments"."starts_at" ASC[0m
  Parameters: {"appointment_type"=>{}}
  ↳ app/controllers/appointments_controller.rb:8:in `index'
  [1m[36mAppointmentType Load (0.0ms)[0m  [1m[34mSELECT "appointment_types".* FROM "appointment_types"[0m
  [1m[36mAppointmentType Load (0.0ms)[0m  [1m[34mSELECT "appointment_types".* FROM "appointment_types" WHERE "appointment_types"."id" = ?[0m  [["id", 3]]
  ↳ app/controllers/appointment_types_controller.rb:8:in `index'
  ↳ app/controllers/appointments_controller.rb:8:in `index'
Completed 200 OK in 4ms (Views: 3.5ms | ActiveRecord: 0.0ms (1 query, 0 cached) | GC: 0.0ms)


Completed 200 OK in 5ms (Views: 4.8ms | ActiveRecord: 0.1ms (2 queries, 0 cached) | GC: 0.0ms)


Started GET "/appointments" for 192.168.65.1 at 2026-09-12 22:31:50 +0000
Started GET "/appointment_types" for 192.168.65.1 at 2026-09-12 22:31:50 +0000
Processing by AppointmentsController#index as HTML
  Parameters: {"appointment"=>{}}
Processing by AppointmentTypesController#index as HTML
  [1m[36mAppointment Load (0.1ms)[0m  [1m[34mSELECT "appointments".* FROM "appointments" ORDER BY "appointments"."starts_at" ASC[0m
  Parameters: {"appointment_type"=>{}}
  ↳ app/controllers/appointments_controller.rb:8:in `index'
  [1m[36mAppointmentType Load (0.2ms)[0m  [1m[34mSELECT "appointment_types".* FROM "appointment_types"[0m
  [1m[36mAppointmentType Load (0.0ms)[0m  [1m[34mSELECT "appointment_types".* FROM "appointment_types" WHERE "appointment_types"."id" = ?[0m  [["id", 3]]
  ↳ app/controllers/appointment_types_controller.rb:8:in `index'
  ↳ app/controllers/appointments_controller.rb:8:in `index'
Completed 200 OK in 5ms (Views: 4.3ms | ActiveRecord: 0.2ms (1 query, 0 cached) | GC: 0.0ms)


Completed 200 OK in 7ms (Views: 7.0ms | ActiveRecord: 0.1ms (2 queries, 0 cached) | GC: 0.0ms)


Started GET "/appointments" for 192.168.65.1 at 2026-09-12 22:32:05 +0000
Started GET "/appointment_types" for 192.168.65.1 at 2026-09-12 22:32:05 +0000
Processing by AppointmentsController#index as HTML
  Parameters: {"appointment"=>{}}
Processing by AppointmentTypesController#index as HTML
  [1m[36mAppointment Load (0.1ms)[0m  [1m[34mSELECT "appointments".* FROM "appointments" ORDER BY "appointments"."starts_at" ASC[0m
  Parameters: {"appointment_type"=>{}}
  ↳ app/controllers/appointments_controller.rb:8:in `index'
  [1m[36mAppointmentType Load (0.0ms)[0m  [1m[34mSELECT "appointment_types".* FROM "appointment_types"[0m
  [1m[36mAppointmentType Load (0.0ms)[0m  [1m[34mSELECT "appointment_types".* FROM "appointment_types" WHERE "appointment_types"."id" = ?[0m  [["id", 3]]
  ↳ app/controllers/appointment_types_controller.rb:8:in `index'
  ↳ app/controllers/appointments_controller.rb:8:in `index'
Completed 200 OK in 2ms (Views: 2.2ms | ActiveRecord: 0.0ms (1 query, 0 cached) | GC: 0.0ms)


Completed 200 OK in 7ms (Views: 6.7ms | ActiveRecord: 0.1ms (2 queries, 0 cached) | GC: 2.7ms)


Started PATCH "/appointments/2" for 192.168.65.1 at 2026-09-12 22:32:53 +0000
Processing by AppointmentsController#update as HTML
  Parameters: {"appointment"=>{"title"=>"Team meeting", "description"=>"First meeting", "notes"=>"First note", "appointment_type_id"=>3, "starts_at"=>"2026-09-12T15:25", "ends_at"=>"2026-09-12T17:25", "location"=>"Room A", "people_of_interest"=>"Ismael Lares, Tobias Lares, juan"}, "id"=>"2"}
  [1m[36mAppointment Load (0.4ms)[0m  [1m[34mSELECT "appointments".* FROM "appointments" WHERE "appointments"."id" = ? LIMIT ?[0m  [["id", 2], ["LIMIT", 1]]
  ↳ app/controllers/appointments_controller.rb:44:in `set_appointment'
  [1m[36mTRANSACTION (0.0ms)[0m  [1m[36mbegin transaction[0m
  ↳ app/controllers/appointments_controller.rb:29:in `update'
  [1m[36mAppointmentType Load (0.9ms)[0m  [1m[34mSELECT "appointment_types".* FROM "appointment_types" WHERE "appointment_types"."id" = ? LIMIT ?[0m  [["id", 3], ["LIMIT", 1]]
  ↳ app/controllers/appointments_controller.rb:29:in `update'
  [1m[36mAppointment Update (0.1ms)[0m  [1m[33mUPDATE "appointments" SET "updated_at" = ?, "people_of_interest" = ? WHERE "appointments"."id" = ?[0m  [["updated_at", "2026-09-12 22:32:53.208736"], ["people_of_interest", "Ismael Lares, Tobias Lares, juan"], ["id", 2]]
  ↳ app/controllers/appointments_controller.rb:29:in `update'
  [1m[36mTRANSACTION (0.8ms)[0m  [1m[36mcommit transaction[0m
  ↳ app/controllers/appointments_controller.rb:29:in `update'
Completed 200 OK in 34ms (Views: 0.9ms | ActiveRecord: 2.2ms (3 queries, 0 cached) | GC: 0.4ms)


Started GET "/appointment_types" for 192.168.65.1 at 2026-09-12 22:36:03 +0000
Processing by AppointmentTypesController#index as HTML
  Parameters: {"appointment_type"=>{}}
  [1m[36mAppointmentType Load (0.3ms)[0m  [1m[34mSELECT "appointment_types".* FROM "appointment_types"[0m
  ↳ app/controllers/appointment_types_controller.rb:8:in `index'
Completed 200 OK in 2ms (Views: 1.2ms | ActiveRecord: 0.3ms (1 query, 0 cached) | GC: 0.0ms)


Started GET "/appointment_types" for 192.168.65.1 at 2026-09-12 22:36:12 +0000
Started GET "/appointments" for 192.168.65.1 at 2026-09-12 22:36:12 +0000
Processing by AppointmentTypesController#index as HTML
  Parameters: {"appointment_type"=>{}}
Processing by AppointmentsController#index as HTML
  [1m[36mAppointmentType Load (0.1ms)[0m  [1m[34mSELECT "appointment_types".* FROM "appointment_types"[0m
  Parameters: {"appointment"=>{}}
  ↳ app/controllers/appointment_types_controller.rb:8:in `index'
  [1m[36mAppointment Load (0.2ms)[0m  [1m[34mSELECT "appointments".* FROM "appointments" ORDER BY "appointments"."starts_at" ASC[0m
Completed 200 OK in 3ms (Views: 2.5ms | ActiveRecord: 0.1ms (1 query, 0 cached) | GC: 0.3ms)


  ↳ app/controllers/appointments_controller.rb:8:in `index'
  [1m[36mAppointmentType Load (0.1ms)[0m  [1m[34mSELECT "appointment_types".* FROM "appointment_types" WHERE "appointment_types"."id" = ?[0m  [["id", 3]]
  ↳ app/controllers/appointments_controller.rb:8:in `index'
Completed 200 OK in 4ms (Views: 4.0ms | ActiveRecord: 0.3ms (2 queries, 0 cached) | GC: 0.3ms)


Started GET "/appointment_types" for 192.168.65.1 at 2026-09-12 23:52:37 +0000
Started GET "/appointments" for 192.168.65.1 at 2026-09-12 23:52:37 +0000
  [1m[36mActiveRecord::SchemaMigration Load (0.3ms)[0m  [1m[34mSELECT "schema_migrations"."version" FROM "schema_migrations" ORDER BY "schema_migrations"."version" ASC[0m
Processing by AppointmentTypesController#index as HTML
Processing by AppointmentsController#index as HTML
  Parameters: {"appointment_type"=>{}}
  Parameters: {"appointment"=>{}}
  [1m[36mAppointmentType Load (0.3ms)[0m  [1m[34mSELECT "appointment_types".* FROM "appointment_types"[0m
  ↳ app/controllers/appointment_types_controller.rb:8:in `index'
  [1m[36mAppointment Load (4.4ms)[0m  [1m[34mSELECT "appointments".* FROM "appointments" ORDER BY "appointments"."starts_at" ASC[0m
Completed 200 OK in 34ms (Views: 15.2ms | ActiveRecord: 4.3ms (1 query, 0 cached) | GC: 11.2ms)


  ↳ app/controllers/appointments_controller.rb:8:in `index'
  [1m[36mAppointmentType Load (0.8ms)[0m  [1m[34mSELECT "appointment_types".* FROM "appointment_types" WHERE "appointment_types"."id" = ?[0m  [["id", 3]]
  ↳ app/controllers/appointments_controller.rb:8:in `index'
Completed 200 OK in 49ms (Views: 28.0ms | ActiveRecord: 6.1ms (2 queries, 0 cached) | GC: 10.2ms)


Started GET "/appointment_types" for 192.168.65.1 at 2026-09-12 23:52:40 +0000
Processing by AppointmentTypesController#index as HTML
  Parameters: {"appointment_type"=>{}}
  [1m[36mAppointmentType Load (1.4ms)[0m  [1m[34mSELECT "appointment_types".* FROM "appointment_types"[0m
  ↳ app/controllers/appointment_types_controller.rb:8:in `index'
Completed 200 OK in 15ms (Views: 12.1ms | ActiveRecord: 1.6ms (1 query, 0 cached) | GC: 0.0ms)


Started GET "/appointments" for 192.168.65.1 at 2026-09-12 23:52:42 +0000
Started GET "/appointment_types" for 192.168.65.1 at 2026-09-12 23:52:42 +0000
Processing by AppointmentsController#index as HTML
  Parameters: {"appointment"=>{}}
Processing by AppointmentTypesController#index as HTML
  [1m[36mAppointment Load (0.5ms)[0m  [1m[34mSELECT "appointments".* FROM "appointments" ORDER BY "appointments"."starts_at" ASC[0m
  Parameters: {"appointment_type"=>{}}
  ↳ app/controllers/appointments_controller.rb:8:in `index'
  [1m[36mAppointmentType Load (0.1ms)[0m  [1m[34mSELECT "appointment_types".* FROM "appointment_types"[0m
  [1m[36mAppointmentType Load (0.0ms)[0m  [1m[34mSELECT "appointment_types".* FROM "appointment_types" WHERE "appointment_types"."id" = ?[0m  [["id", 3]]
  ↳ app/controllers/appointment_types_controller.rb:8:in `index'
  ↳ app/controllers/appointments_controller.rb:8:in `index'
Completed 200 OK in 10ms (Views: 9.8ms | ActiveRecord: 0.1ms (1 query, 0 cached) | GC: 0.0ms)


Completed 200 OK in 22ms (Views: 20.8ms | ActiveRecord: 0.5ms (2 queries, 0 cached) | GC: 0.0ms)


Started GET "/appointment_types" for 192.168.65.1 at 2026-09-12 23:53:54 +0000
Processing by AppointmentTypesController#index as HTML
  Parameters: {"appointment_type"=>{}}
  [1m[36mAppointmentType Load (0.2ms)[0m  [1m[34mSELECT "appointment_types".* FROM "appointment_types"[0m
  ↳ app/controllers/appointment_types_controller.rb:8:in `index'
Completed 200 OK in 2ms (Views: 1.5ms | ActiveRecord: 0.2ms (1 query, 0 cached) | GC: 0.0ms)


Started GET "/appointments" for 192.168.65.1 at 2026-09-12 23:53:54 +0000
Started GET "/appointment_types" for 192.168.65.1 at 2026-09-12 23:53:54 +0000
Processing by AppointmentsController#index as HTML
  Parameters: {"appointment"=>{}}
  [1m[36mAppointment Load (0.1ms)[0m  [1m[34mSELECT "appointments".* FROM "appointments" ORDER BY "appointments"."starts_at" ASC[0m
  ↳ app/controllers/appointments_controller.rb:8:in `index'
  [1m[36mAppointmentType Load (0.1ms)[0m  [1m[34mSELECT "appointment_types".* FROM "appointment_types" WHERE "appointment_types"."id" = ?[0m  [["id", 3]]
Processing by AppointmentTypesController#index as HTML
  ↳ app/controllers/appointments_controller.rb:8:in `index'
  Parameters: {"appointment_type"=>{}}
Completed 200 OK in 8ms (Views: 7.5ms | ActiveRecord: 0.1ms (2 queries, 0 cached) | GC: 0.0ms)


  [1m[36mAppointmentType Load (0.0ms)[0m  [1m[34mSELECT "appointment_types".* FROM "appointment_types"[0m
  ↳ app/controllers/appointment_types_controller.rb:8:in `index'
Completed 200 OK in 5ms (Views: 3.5ms | ActiveRecord: 0.0ms (1 query, 0 cached) | GC: 0.0ms)


Started GET "/appointments" for 192.168.65.1 at 2026-09-12 23:56:17 +0000
Started GET "/appointment_types" for 192.168.65.1 at 2026-09-12 23:56:17 +0000
Processing by AppointmentsController#index as HTML
  Parameters: {"appointment"=>{}}
Processing by AppointmentTypesController#index as HTML
  [1m[36mAppointment Load (0.1ms)[0m  [1m[34mSELECT "appointments".* FROM "appointments" ORDER BY "appointments"."starts_at" ASC[0m
  Parameters: {"appointment_type"=>{}}
  ↳ app/controllers/appointments_controller.rb:8:in `index'
  [1m[36mAppointmentType Load (0.1ms)[0m  [1m[34mSELECT "appointment_types".* FROM "appointment_types"[0m
  [1m[36mAppointmentType Load (0.0ms)[0m  [1m[34mSELECT "appointment_types".* FROM "appointment_types" WHERE "appointment_types"."id" = ?[0m  [["id", 3]]
  ↳ app/controllers/appointment_types_controller.rb:8:in `index'
  ↳ app/controllers/appointments_controller.rb:8:in `index'
Completed 200 OK in 7ms (Views: 5.9ms | ActiveRecord: 0.0ms (1 query, 0 cached) | GC: 0.0ms)


Completed 200 OK in 11ms (Views: 10.5ms | ActiveRecord: 0.1ms (2 queries, 0 cached) | GC: 0.0ms)


Started GET "/appointment_types" for 192.168.65.1 at 2026-09-12 23:57:03 +0000
Started GET "/appointments" for 192.168.65.1 at 2026-09-12 23:57:03 +0000
Processing by AppointmentTypesController#index as HTML
  Parameters: {"appointment_type"=>{}}
Processing by AppointmentsController#index as HTML
  [1m[36mAppointmentType Load (0.5ms)[0m  [1m[34mSELECT "appointment_types".* FROM "appointment_types"[0m
  Parameters: {"appointment"=>{}}
  ↳ app/controllers/appointment_types_controller.rb:8:in `index'
  [1m[36mAppointment Load (1.0ms)[0m  [1m[34mSELECT "appointments".* FROM "appointments" ORDER BY "appointments"."starts_at" ASC[0m
Completed 200 OK in 9ms (Views: 8.0ms | ActiveRecord: 0.5ms (1 query, 0 cached) | GC: 0.0ms)


  ↳ app/controllers/appointments_controller.rb:8:in `index'
  [1m[36mAppointmentType Load (0.1ms)[0m  [1m[34mSELECT "appointment_types".* FROM "appointment_types" WHERE "appointment_types"."id" = ?[0m  [["id", 3]]
  ↳ app/controllers/appointments_controller.rb:8:in `index'
Completed 200 OK in 8ms (Views: 6.9ms | ActiveRecord: 0.5ms (2 queries, 0 cached) | GC: 0.0ms)


Started GET "/appointment_types" for 192.168.65.1 at 2026-09-12 23:57:50 +0000
Started GET "/appointments" for 192.168.65.1 at 2026-09-12 23:57:50 +0000
Processing by AppointmentTypesController#index as HTML
  Parameters: {"appointment_type"=>{}}
Processing by AppointmentsController#index as HTML
  [1m[36mAppointmentType Load (0.1ms)[0m  [1m[34mSELECT "appointment_types".* FROM "appointment_types"[0m
  Parameters: {"appointment"=>{}}
  ↳ app/controllers/appointment_types_controller.rb:8:in `index'
  [1m[36mAppointment Load (0.0ms)[0m  [1m[34mSELECT "appointments".* FROM "appointments" ORDER BY "appointments"."starts_at" ASC[0m
Completed 200 OK in 2ms (Views: 1.9ms | ActiveRecord: 0.1ms (1 query, 0 cached) | GC: 0.0ms)


  ↳ app/controllers/appointments_controller.rb:8:in `index'
  [1m[36mAppointmentType Load (0.0ms)[0m  [1m[34mSELECT "appointment_types".* FROM "appointment_types" WHERE "appointment_types"."id" = ?[0m  [["id", 3]]
  ↳ app/controllers/appointments_controller.rb:8:in `index'
Completed 200 OK in 5ms (Views: 4.7ms | ActiveRecord: 0.1ms (2 queries, 0 cached) | GC: 0.0ms)


Started GET "/appointments" for 192.168.65.1 at 2026-09-12 23:58:07 +0000
Started GET "/appointment_types" for 192.168.65.1 at 2026-09-12 23:58:07 +0000
Processing by AppointmentsController#index as HTML
  Parameters: {"appointment"=>{}}
Processing by AppointmentTypesController#index as HTML
  [1m[36mAppointment Load (0.1ms)[0m  [1m[34mSELECT "appointments".* FROM "appointments" ORDER BY "appointments"."starts_at" ASC[0m
  Parameters: {"appointment_type"=>{}}
  ↳ app/controllers/appointments_controller.rb:8:in `index'
  [1m[36mAppointmentType Load (0.0ms)[0m  [1m[34mSELECT "appointment_types".* FROM "appointment_types"[0m
  [1m[36mAppointmentType Load (0.0ms)[0m  [1m[34mSELECT "appointment_types".* FROM "appointment_types" WHERE "appointment_types"."id" = ?[0m  [["id", 3]]
  ↳ app/controllers/appointment_types_controller.rb:8:in `index'
  ↳ app/controllers/appointments_controller.rb:8:in `index'
Completed 200 OK in 6ms (Views: 5.3ms | ActiveRecord: 0.0ms (1 query, 0 cached) | GC: 0.0ms)


Completed 200 OK in 10ms (Views: 8.6ms | ActiveRecord: 0.1ms (2 queries, 0 cached) | GC: 0.0ms)


Started GET "/appointment_types" for 192.168.65.1 at 2026-09-12 23:58:16 +0000
Started GET "/appointments" for 192.168.65.1 at 2026-09-12 23:58:16 +0000
Processing by AppointmentTypesController#index as HTML
  Parameters: {"appointment_type"=>{}}
Processing by AppointmentsController#index as HTML
  [1m[36mAppointmentType Load (0.1ms)[0m  [1m[34mSELECT "appointment_types".* FROM "appointment_types"[0m
  Parameters: {"appointment"=>{}}
  ↳ app/controllers/appointment_types_controller.rb:8:in `index'
  [1m[36mAppointment Load (0.0ms)[0m  [1m[34mSELECT "appointments".* FROM "appointments" ORDER BY "appointments"."starts_at" ASC[0m
Completed 200 OK in 2ms (Views: 1.7ms | ActiveRecord: 0.1ms (1 query, 0 cached) | GC: 0.0ms)


  ↳ app/controllers/appointments_controller.rb:8:in `index'
  [1m[36mAppointmentType Load (0.0ms)[0m  [1m[34mSELECT "appointment_types".* FROM "appointment_types" WHERE "appointment_types"."id" = ?[0m  [["id", 3]]
  ↳ app/controllers/appointments_controller.rb:8:in `index'
Completed 200 OK in 5ms (Views: 5.0ms | ActiveRecord: 0.1ms (2 queries, 0 cached) | GC: 0.4ms)


Started GET "/appointments" for 192.168.65.1 at 2026-09-12 23:58:26 +0000
Started GET "/appointment_types" for 192.168.65.1 at 2026-09-12 23:58:26 +0000
Processing by AppointmentsController#index as HTML
  Parameters: {"appointment"=>{}}
Processing by AppointmentTypesController#index as HTML
  [1m[36mAppointment Load (0.1ms)[0m  [1m[34mSELECT "appointments".* FROM "appointments" ORDER BY "appointments"."starts_at" ASC[0m
  Parameters: {"appointment_type"=>{}}
  ↳ app/controllers/appointments_controller.rb:8:in `index'
  [1m[36mAppointmentType Load (0.0ms)[0m  [1m[34mSELECT "appointment_types".* FROM "appointment_types"[0m
  [1m[36mAppointmentType Load (0.0ms)[0m  [1m[34mSELECT "appointment_types".* FROM "appointment_types" WHERE "appointment_types"."id" = ?[0m  [["id", 3]]
  ↳ app/controllers/appointment_types_controller.rb:8:in `index'
  ↳ app/controllers/appointments_controller.rb:8:in `index'
Completed 200 OK in 9ms (Views: 9.1ms | ActiveRecord: 0.0ms (1 query, 0 cached) | GC: 0.6ms)


Completed 200 OK in 12ms (Views: 11.4ms | ActiveRecord: 0.1ms (2 queries, 0 cached) | GC: 0.6ms)


Started GET "/appointments" for 192.168.65.1 at 2026-09-12 23:58:32 +0000
Started GET "/appointment_types" for 192.168.65.1 at 2026-09-12 23:58:32 +0000
Processing by AppointmentsController#index as HTML
  Parameters: {"appointment"=>{}}
Processing by AppointmentTypesController#index as HTML
  [1m[36mAppointment Load (0.1ms)[0m  [1m[34mSELECT "appointments".* FROM "appointments" ORDER BY "appointments"."starts_at" ASC[0m
  Parameters: {"appointment_type"=>{}}
  ↳ app/controllers/appointments_controller.rb:8:in `index'
  [1m[36mAppointmentType Load (0.0ms)[0m  [1m[34mSELECT "appointment_types".* FROM "appointment_types"[0m
  [1m[36mAppointmentType Load (0.0ms)[0m  [1m[34mSELECT "appointment_types".* FROM "appointment_types" WHERE "appointment_types"."id" = ?[0m  [["id", 3]]
  ↳ app/controllers/appointment_types_controller.rb:8:in `index'
  ↳ app/controllers/appointments_controller.rb:8:in `index'
Completed 200 OK in 4ms (Views: 3.7ms | ActiveRecord: 0.0ms (1 query, 0 cached) | GC: 0.0ms)


Completed 200 OK in 9ms (Views: 7.7ms | ActiveRecord: 0.1ms (2 queries, 0 cached) | GC: 0.0ms)


Started GET "/appointments" for 192.168.65.1 at 2026-09-12 23:58:46 +0000
Started GET "/appointment_types" for 192.168.65.1 at 2026-09-12 23:58:46 +0000
Processing by AppointmentsController#index as HTML
  Parameters: {"appointment"=>{}}
Processing by AppointmentTypesController#index as HTML
  [1m[36mAppointment Load (0.1ms)[0m  [1m[34mSELECT "appointments".* FROM "appointments" ORDER BY "appointments"."starts_at" ASC[0m
  Parameters: {"appointment_type"=>{}}
  ↳ app/controllers/appointments_controller.rb:8:in `index'
  [1m[36mAppointmentType Load (0.0ms)[0m  [1m[34mSELECT "appointment_types".* FROM "appointment_types"[0m
  [1m[36mAppointmentType Load (0.0ms)[0m  [1m[34mSELECT "appointment_types".* FROM "appointment_types" WHERE "appointment_types"."id" = ?[0m  [["id", 3]]
  ↳ app/controllers/appointment_types_controller.rb:8:in `index'
  ↳ app/controllers/appointments_controller.rb:8:in `index'
Completed 200 OK in 3ms (Views: 2.5ms | ActiveRecord: 0.0ms (1 query, 0 cached) | GC: 0.0ms)


Completed 200 OK in 5ms (Views: 4.1ms | ActiveRecord: 0.1ms (2 queries, 0 cached) | GC: 0.0ms)


Started GET "/appointment_types" for 192.168.65.1 at 2026-09-12 23:59:19 +0000
Started GET "/appointments" for 192.168.65.1 at 2026-09-12 23:59:19 +0000
Processing by AppointmentTypesController#index as HTML
  Parameters: {"appointment_type"=>{}}
Processing by AppointmentsController#index as HTML
  [1m[36mAppointmentType Load (0.1ms)[0m  [1m[34mSELECT "appointment_types".* FROM "appointment_types"[0m
  Parameters: {"appointment"=>{}}
  ↳ app/controllers/appointment_types_controller.rb:8:in `index'
  [1m[36mAppointment Load (0.0ms)[0m  [1m[34mSELECT "appointments".* FROM "appointments" ORDER BY "appointments"."starts_at" ASC[0m
Completed 200 OK in 2ms (Views: 1.4ms | ActiveRecord: 0.1ms (1 query, 0 cached) | GC: 0.0ms)


  ↳ app/controllers/appointments_controller.rb:8:in `index'
  [1m[36mAppointmentType Load (0.0ms)[0m  [1m[34mSELECT "appointment_types".* FROM "appointment_types" WHERE "appointment_types"."id" = ?[0m  [["id", 3]]
  ↳ app/controllers/appointments_controller.rb:8:in `index'
Completed 200 OK in 3ms (Views: 2.7ms | ActiveRecord: 0.1ms (2 queries, 0 cached) | GC: 0.0ms)


Started POST "/appointments" for 192.168.65.1 at 2026-09-13 00:00:03 +0000
Processing by AppointmentsController#create as HTML
  Parameters: {"appointment"=>{"title"=>"RH", "description"=>"dataasd", "notes"=>"dadasd", "appointment_type_id"=>4, "starts_at"=>"2026-09-12T16:59", "ends_at"=>"2026-09-12T19:59", "location"=>"Room B", "people_of_interest"=>"Ismael Lares, Tobias Lares, Jhon DOE"}}
  [1m[36mTRANSACTION (1.3ms)[0m  [1m[36mbegin transaction[0m
  ↳ app/controllers/appointments_controller.rb:20:in `create'
  [1m[36mAppointmentType Load (3.2ms)[0m  [1m[34mSELECT "appointment_types".* FROM "appointment_types" WHERE "appointment_types"."id" = ? LIMIT ?[0m  [["id", 4], ["LIMIT", 1]]
  ↳ app/controllers/appointments_controller.rb:20:in `create'
  [1m[36mAppointment Create (0.3ms)[0m  [1m[32mINSERT INTO "appointments" ("description", "notes", "appointment_type_id", "starts_at", "ends_at", "created_at", "updated_at", "title", "location", "people_of_interest") VALUES (?, ?, ?, ?, ?, ?, ?, ?, ?, ?) RETURNING "id"[0m  [["description", "dataasd"], ["notes", "dadasd"], ["appointment_type_id", 4], ["starts_at", "2026-09-12 16:59:00"], ["ends_at", "2026-09-12 19:59:00"], ["created_at", "2026-09-13 00:00:03.473843"], ["updated_at", "2026-09-13 00:00:03.473843"], ["title", "RH"], ["location", "Room B"], ["people_of_interest", "Ismael Lares, Tobias Lares, Jhon DOE"]]
  ↳ app/controllers/appointments_controller.rb:20:in `create'
  [1m[36mTRANSACTION (1.1ms)[0m  [1m[36mcommit transaction[0m
  ↳ app/controllers/appointments_controller.rb:20:in `create'
Completed 201 Created in 46ms (Views: 1.6ms | ActiveRecord: 5.7ms (2 queries, 0 cached) | GC: 0.0ms)


Started GET "/appointments" for 192.168.65.1 at 2026-09-13 00:01:23 +0000
Started GET "/appointment_types" for 192.168.65.1 at 2026-09-13 00:01:23 +0000
Processing by AppointmentsController#index as HTML
  Parameters: {"appointment"=>{}}
Processing by AppointmentTypesController#index as HTML
  [1m[36mAppointment Load (0.1ms)[0m  [1m[34mSELECT "appointments".* FROM "appointments" ORDER BY "appointments"."starts_at" ASC[0m
  Parameters: {"appointment_type"=>{}}
  ↳ app/controllers/appointments_controller.rb:8:in `index'
  [1m[36mAppointmentType Load (0.1ms)[0m  [1m[34mSELECT "appointment_types".* FROM "appointment_types"[0m
  [1m[36mAppointmentType Load (0.1ms)[0m  [1m[34mSELECT "appointment_types".* FROM "appointment_types" WHERE "appointment_types"."id" IN (?, ?)[0m  [["id", 3], ["id", 4]]
  ↳ app/controllers/appointment_types_controller.rb:8:in `index'
  ↳ app/controllers/appointments_controller.rb:8:in `index'
Completed 200 OK in 10ms (Views: 9.8ms | ActiveRecord: 0.1ms (1 query, 0 cached) | GC: 7.4ms)


Completed 200 OK in 12ms (Views: 11.7ms | ActiveRecord: 0.2ms (2 queries, 0 cached) | GC: 7.4ms)


Started GET "/appointment_types" for 192.168.65.1 at 2026-09-13 00:01:29 +0000
Started GET "/appointments" for 192.168.65.1 at 2026-09-13 00:01:29 +0000
Processing by AppointmentTypesController#index as HTML
  Parameters: {"appointment_type"=>{}}
Processing by AppointmentsController#index as HTML
  [1m[36mAppointmentType Load (0.0ms)[0m  [1m[34mSELECT "appointment_types".* FROM "appointment_types"[0m
  Parameters: {"appointment"=>{}}
  ↳ app/controllers/appointment_types_controller.rb:8:in `index'
  [1m[36mAppointment Load (0.0ms)[0m  [1m[34mSELECT "appointments".* FROM "appointments" ORDER BY "appointments"."starts_at" ASC[0m
Completed 200 OK in 12ms (Views: 7.1ms | ActiveRecord: 0.0ms (1 query, 0 cached) | GC: 0.0ms)


  ↳ app/controllers/appointments_controller.rb:8:in `index'
  [1m[36mAppointmentType Load (0.1ms)[0m  [1m[34mSELECT "appointment_types".* FROM "appointment_types" WHERE "appointment_types"."id" IN (?, ?)[0m  [["id", 3], ["id", 4]]
  ↳ app/controllers/appointments_controller.rb:8:in `index'
Completed 200 OK in 20ms (Views: 18.9ms | ActiveRecord: 0.2ms (2 queries, 0 cached) | GC: 0.0ms)


Started GET "/appointment_types" for 192.168.65.1 at 2026-09-13 00:01:34 +0000
Processing by AppointmentTypesController#index as HTML
  Parameters: {"appointment_type"=>{}}
  [1m[36mAppointmentType Load (0.1ms)[0m  [1m[34mSELECT "appointment_types".* FROM "appointment_types"[0m
  ↳ app/controllers/appointment_types_controller.rb:8:in `index'
Completed 200 OK in 2ms (Views: 1.6ms | ActiveRecord: 0.1ms (1 query, 0 cached) | GC: 0.0ms)


Started GET "/appointments" for 192.168.65.1 at 2026-09-13 00:01:36 +0000
Started GET "/appointment_types" for 192.168.65.1 at 2026-09-13 00:01:36 +0000
Processing by AppointmentsController#index as HTML
  Parameters: {"appointment"=>{}}
  [1m[36mAppointment Load (0.1ms)[0m  [1m[34mSELECT "appointments".* FROM "appointments" ORDER BY "appointments"."starts_at" ASC[0m
  ↳ app/controllers/appointments_controller.rb:8:in `index'
  [1m[36mAppointmentType Load (0.5ms)[0m  [1m[34mSELECT "appointment_types".* FROM "appointment_types" WHERE "appointment_types"."id" IN (?, ?)[0m  [["id", 3], ["id", 4]]
  ↳ app/controllers/appointments_controller.rb:8:in `index'
Completed 200 OK in 11ms (Views: 9.8ms | ActiveRecord: 0.6ms (2 queries, 0 cached) | GC: 0.0ms)


Processing by AppointmentTypesController#index as HTML
  Parameters: {"appointment_type"=>{}}
  [1m[36mAppointmentType Load (0.1ms)[0m  [1m[34mSELECT "appointment_types".* FROM "appointment_types"[0m
  ↳ app/controllers/appointment_types_controller.rb:8:in `index'
Completed 200 OK in 1ms (Views: 1.2ms | ActiveRecord: 0.1ms (1 query, 0 cached) | GC: 0.0ms)


Started GET "/appointments" for 192.168.65.1 at 2026-09-13 00:07:45 +0000
Started GET "/appointment_types" for 192.168.65.1 at 2026-09-13 00:07:45 +0000
Processing by AppointmentTypesController#index as HTML
  Parameters: {"appointment_type"=>{}}
Processing by AppointmentsController#index as HTML
  Parameters: {"appointment"=>{}}
  [1m[36mAppointmentType Load (4.4ms)[0m  [1m[34mSELECT "appointment_types".* FROM "appointment_types"[0m
  ↳ app/controllers/appointment_types_controller.rb:8:in `index'
  [1m[36mAppointment Load (1.7ms)[0m  [1m[34mSELECT "appointments".* FROM "appointments" ORDER BY "appointments"."starts_at" ASC[0m
Completed 200 OK in 10ms (Views: 5.6ms | ActiveRecord: 4.4ms (1 query, 0 cached) | GC: 0.0ms)


  ↳ app/controllers/appointments_controller.rb:8:in `index'
  [1m[36mAppointmentType Load (0.1ms)[0m  [1m[34mSELECT "appointment_types".* FROM "appointment_types" WHERE "appointment_types"."id" IN (?, ?)[0m  [["id", 3], ["id", 4]]
  ↳ app/controllers/appointments_controller.rb:8:in `index'
Completed 200 OK in 8ms (Views: 6.1ms | ActiveRecord: 1.8ms (2 queries, 0 cached) | GC: 0.0ms)


Started GET "/appointment_types" for 192.168.65.1 at 2026-09-13 00:07:47 +0000
Processing by AppointmentTypesController#index as HTML
  Parameters: {"appointment_type"=>{}}
  [1m[36mAppointmentType Load (0.3ms)[0m  [1m[34mSELECT "appointment_types".* FROM "appointment_types"[0m
  ↳ app/controllers/appointment_types_controller.rb:8:in `index'
Completed 200 OK in 1ms (Views: 1.1ms | ActiveRecord: 0.3ms (1 query, 0 cached) | GC: 0.0ms)


Started GET "/appointment_types" for 192.168.65.1 at 2026-09-13 00:10:12 +0000
Started GET "/appointments" for 192.168.65.1 at 2026-09-13 00:10:12 +0000
Processing by AppointmentsController#index as HTML
  Parameters: {"appointment"=>{}}
Processing by AppointmentTypesController#index as HTML
  [1m[36mAppointment Load (0.2ms)[0m  [1m[34mSELECT "appointments".* FROM "appointments" ORDER BY "appointments"."starts_at" ASC[0m
  Parameters: {"appointment_type"=>{}}
  ↳ app/controllers/appointments_controller.rb:8:in `index'
  [1m[36mAppointmentType Load (0.1ms)[0m  [1m[34mSELECT "appointment_types".* FROM "appointment_types"[0m
  [1m[36mAppointmentType Load (0.1ms)[0m  [1m[34mSELECT "appointment_types".* FROM "appointment_types" WHERE "appointment_types"."id" IN (?, ?)[0m  [["id", 3], ["id", 4]]
  ↳ app/controllers/appointment_types_controller.rb:8:in `index'
  ↳ app/controllers/appointments_controller.rb:8:in `index'
Completed 200 OK in 2ms (Views: 1.9ms | ActiveRecord: 0.1ms (1 query, 0 cached) | GC: 0.0ms)


Completed 200 OK in 4ms (Views: 3.1ms | ActiveRecord: 0.2ms (2 queries, 0 cached) | GC: 0.0ms)


Started GET "/appointments" for 192.168.65.1 at 2026-09-13 00:11:34 +0000
Started GET "/appointment_types" for 192.168.65.1 at 2026-09-13 00:11:34 +0000
Processing by AppointmentsController#index as HTML
  Parameters: {"appointment"=>{}}
  [1m[36mAppointment Load (0.1ms)[0m  [1m[34mSELECT "appointments".* FROM "appointments" ORDER BY "appointments"."starts_at" ASC[0m
  ↳ app/controllers/appointments_controller.rb:8:in `index'
  [1m[36mAppointmentType Load (0.1ms)[0m  [1m[34mSELECT "appointment_types".* FROM "appointment_types" WHERE "appointment_types"."id" IN (?, ?)[0m  [["id", 3], ["id", 4]]
  ↳ app/controllers/appointments_controller.rb:8:in `index'
Completed 200 OK in 2ms (Views: 2.0ms | ActiveRecord: 0.2ms (2 queries, 0 cached) | GC: 0.0ms)


Processing by AppointmentTypesController#index as HTML
  Parameters: {"appointment_type"=>{}}
  [1m[36mAppointmentType Load (0.0ms)[0m  [1m[34mSELECT "appointment_types".* FROM "appointment_types"[0m
  ↳ app/controllers/appointment_types_controller.rb:8:in `index'
Completed 200 OK in 1ms (Views: 0.6ms | ActiveRecord: 0.0ms (1 query, 0 cached) | GC: 0.0ms)


Started GET "/appointments" for 192.168.65.1 at 2026-09-13 00:11:50 +0000
Started GET "/appointment_types" for 192.168.65.1 at 2026-09-13 00:11:50 +0000
Processing by AppointmentsController#index as HTML
  Parameters: {"appointment"=>{}}
  [1m[36mAppointment Load (0.1ms)[0m  [1m[34mSELECT "appointments".* FROM "appointments" ORDER BY "appointments"."starts_at" ASC[0m
Processing by AppointmentTypesController#index as HTML
  ↳ app/controllers/appointments_controller.rb:8:in `index'
  Parameters: {"appointment_type"=>{}}
  [1m[36mAppointmentType Load (0.1ms)[0m  [1m[34mSELECT "appointment_types".* FROM "appointment_types" WHERE "appointment_types"."id" IN (?, ?)[0m  [["id", 3], ["id", 4]]
  [1m[36mAppointmentType Load (0.0ms)[0m  [1m[34mSELECT "appointment_types".* FROM "appointment_types"[0m
  ↳ app/controllers/appointments_controller.rb:8:in `index'
  ↳ app/controllers/appointment_types_controller.rb:8:in `index'
Completed 200 OK in 4ms (Views: 3.3ms | ActiveRecord: 0.2ms (2 queries, 0 cached) | GC: 0.0ms)


Completed 200 OK in 2ms (Views: 1.9ms | ActiveRecord: 0.0ms (1 query, 0 cached) | GC: 0.0ms)


Started GET "/appointment_types" for 192.168.65.1 at 2026-09-13 00:12:01 +0000
Started GET "/appointments" for 192.168.65.1 at 2026-09-13 00:12:01 +0000
Processing by AppointmentTypesController#index as HTML
  Parameters: {"appointment_type"=>{}}
  [1m[36mAppointmentType Load (0.1ms)[0m  [1m[34mSELECT "appointment_types".* FROM "appointment_types"[0m
Processing by AppointmentsController#index as HTML
  ↳ app/controllers/appointment_types_controller.rb:8:in `index'
  Parameters: {"appointment"=>{}}
Completed 200 OK in 2ms (Views: 1.8ms | ActiveRecord: 0.1ms (1 query, 0 cached) | GC: 0.0ms)


  [1m[36mAppointment Load (0.1ms)[0m  [1m[34mSELECT "appointments".* FROM "appointments" ORDER BY "appointments"."starts_at" ASC[0m
  ↳ app/controllers/appointments_controller.rb:8:in `index'
  [1m[36mAppointmentType Load (0.1ms)[0m  [1m[34mSELECT "appointment_types".* FROM "appointment_types" WHERE "appointment_types"."id" IN (?, ?)[0m  [["id", 3], ["id", 4]]
  ↳ app/controllers/appointments_controller.rb:8:in `index'
Completed 200 OK in 3ms (Views: 2.6ms | ActiveRecord: 0.2ms (2 queries, 0 cached) | GC: 0.0ms)


Started GET "/appointment_types" for 192.168.65.1 at 2026-09-13 00:12:54 +0000
Started GET "/appointments" for 192.168.65.1 at 2026-09-13 00:12:54 +0000
Processing by AppointmentTypesController#index as HTML
  Parameters: {"appointment_type"=>{}}
  [1m[36mAppointmentType Load (0.1ms)[0m  [1m[34mSELECT "appointment_types".* FROM "appointment_types"[0m
Processing by AppointmentsController#index as HTML
  ↳ app/controllers/appointment_types_controller.rb:8:in `index'
  Parameters: {"appointment"=>{}}
Completed 200 OK in 1ms (Views: 1.2ms | ActiveRecord: 0.1ms (1 query, 0 cached) | GC: 0.0ms)


  [1m[36mAppointment Load (0.1ms)[0m  [1m[34mSELECT "appointments".* FROM "appointments" ORDER BY "appointments"."starts_at" ASC[0m
  ↳ app/controllers/appointments_controller.rb:8:in `index'
  [1m[36mAppointmentType Load (0.1ms)[0m  [1m[34mSELECT "appointment_types".* FROM "appointment_types" WHERE "appointment_types"."id" IN (?, ?)[0m  [["id", 3], ["id", 4]]
  ↳ app/controllers/appointments_controller.rb:8:in `index'
Completed 200 OK in 7ms (Views: 6.5ms | ActiveRecord: 0.2ms (2 queries, 0 cached) | GC: 0.0ms)


Started GET "/appointments" for 192.168.65.1 at 2026-09-13 00:13:06 +0000
Started GET "/appointment_types" for 192.168.65.1 at 2026-09-13 00:13:06 +0000
Processing by AppointmentsController#index as HTML
  Parameters: {"appointment"=>{}}
  [1m[36mAppointment Load (0.1ms)[0m  [1m[34mSELECT "appointments".* FROM "appointments" ORDER BY "appointments"."starts_at" ASC[0m
  ↳ app/controllers/appointments_controller.rb:8:in `index'
  [1m[36mAppointmentType Load (0.1ms)[0m  [1m[34mSELECT "appointment_types".* FROM "appointment_types" WHERE "appointment_types"."id" IN (?, ?)[0m  [["id", 3], ["id", 4]]
  ↳ app/controllers/appointments_controller.rb:8:in `index'
Completed 200 OK in 3ms (Views: 2.0ms | ActiveRecord: 0.2ms (2 queries, 0 cached) | GC: 0.3ms)


Processing by AppointmentTypesController#index as HTML
  Parameters: {"appointment_type"=>{}}
  [1m[36mAppointmentType Load (0.0ms)[0m  [1m[34mSELECT "appointment_types".* FROM "appointment_types"[0m
  ↳ app/controllers/appointment_types_controller.rb:8:in `index'
Completed 200 OK in 1ms (Views: 0.6ms | ActiveRecord: 0.0ms (1 query, 0 cached) | GC: 0.0ms)


Started GET "/appointment_types" for 192.168.65.1 at 2026-09-13 00:13:11 +0000
Started GET "/appointments" for 192.168.65.1 at 2026-09-13 00:13:11 +0000
Processing by AppointmentTypesController#index as HTML
  Parameters: {"appointment_type"=>{}}
Processing by AppointmentsController#index as HTML
  [1m[36mAppointmentType Load (0.1ms)[0m  [1m[34mSELECT "appointment_types".* FROM "appointment_types"[0m
  Parameters: {"appointment"=>{}}
  ↳ app/controllers/appointment_types_controller.rb:8:in `index'
  [1m[36mAppointment Load (0.1ms)[0m  [1m[34mSELECT "appointments".* FROM "appointments" ORDER BY "appointments"."starts_at" ASC[0m
Completed 200 OK in 2ms (Views: 1.5ms | ActiveRecord: 0.1ms (1 query, 0 cached) | GC: 0.2ms)


  ↳ app/controllers/appointments_controller.rb:8:in `index'
  [1m[36mAppointmentType Load (0.1ms)[0m  [1m[34mSELECT "appointment_types".* FROM "appointment_types" WHERE "appointment_types"."id" IN (?, ?)[0m  [["id", 3], ["id", 4]]
  ↳ app/controllers/appointments_controller.rb:8:in `index'
Completed 200 OK in 3ms (Views: 2.6ms | ActiveRecord: 0.2ms (2 queries, 0 cached) | GC: 0.2ms)


Started GET "/appointments" for 192.168.65.1 at 2026-09-13 00:13:21 +0000
Started GET "/appointment_types" for 192.168.65.1 at 2026-09-13 00:13:21 +0000
Processing by AppointmentsController#index as HTML
  Parameters: {"appointment"=>{}}
  [1m[36mAppointment Load (0.1ms)[0m  [1m[34mSELECT "appointments".* FROM "appointments" ORDER BY "appointments"."starts_at" ASC[0m
Processing by AppointmentTypesController#index as HTML
  ↳ app/controllers/appointments_controller.rb:8:in `index'
  Parameters: {"appointment_type"=>{}}
  [1m[36mAppointmentType Load (0.1ms)[0m  [1m[34mSELECT "appointment_types".* FROM "appointment_types" WHERE "appointment_types"."id" IN (?, ?)[0m  [["id", 3], ["id", 4]]
  [1m[36mAppointmentType Load (0.0ms)[0m  [1m[34mSELECT "appointment_types".* FROM "appointment_types"[0m
  ↳ app/controllers/appointments_controller.rb:8:in `index'
  ↳ app/controllers/appointment_types_controller.rb:8:in `index'
Completed 200 OK in 3ms (Views: 2.8ms | ActiveRecord: 0.2ms (2 queries, 0 cached) | GC: 0.2ms)


Completed 200 OK in 2ms (Views: 1.5ms | ActiveRecord: 0.0ms (1 query, 0 cached) | GC: 0.0ms)


Started GET "/appointment_types" for 192.168.65.1 at 2026-09-13 00:13:33 +0000
Started GET "/appointments" for 192.168.65.1 at 2026-09-13 00:13:33 +0000
Processing by AppointmentTypesController#index as HTML
  Parameters: {"appointment_type"=>{}}
Processing by AppointmentsController#index as HTML
  [1m[36mAppointmentType Load (0.1ms)[0m  [1m[34mSELECT "appointment_types".* FROM "appointment_types"[0m
  Parameters: {"appointment"=>{}}
  ↳ app/controllers/appointment_types_controller.rb:8:in `index'
  [1m[36mAppointment Load (0.0ms)[0m  [1m[34mSELECT "appointments".* FROM "appointments" ORDER BY "appointments"."starts_at" ASC[0m
Completed 200 OK in 2ms (Views: 1.4ms | ActiveRecord: 0.1ms (1 query, 0 cached) | GC: 0.0ms)


  ↳ app/controllers/appointments_controller.rb:8:in `index'
  [1m[36mAppointmentType Load (0.1ms)[0m  [1m[34mSELECT "appointment_types".* FROM "appointment_types" WHERE "appointment_types"."id" IN (?, ?)[0m  [["id", 3], ["id", 4]]
  ↳ app/controllers/appointments_controller.rb:8:in `index'
Completed 200 OK in 3ms (Views: 2.3ms | ActiveRecord: 0.1ms (2 queries, 0 cached) | GC: 0.0ms)


Started GET "/appointments" for 192.168.65.1 at 2026-09-13 00:14:11 +0000
Started GET "/appointment_types" for 192.168.65.1 at 2026-09-13 00:14:11 +0000
Processing by AppointmentsController#index as HTML
  Parameters: {"appointment"=>{}}
Processing by AppointmentTypesController#index as HTML
  [1m[36mAppointment Load (0.1ms)[0m  [1m[34mSELECT "appointments".* FROM "appointments" ORDER BY "appointments"."starts_at" ASC[0m
  Parameters: {"appointment_type"=>{}}
  ↳ app/controllers/appointments_controller.rb:8:in `index'
  [1m[36mAppointmentType Load (0.0ms)[0m  [1m[34mSELECT "appointment_types".* FROM "appointment_types"[0m
  [1m[36mAppointmentType Load (0.1ms)[0m  [1m[34mSELECT "appointment_types".* FROM "appointment_types" WHERE "appointment_types"."id" IN (?, ?)[0m  [["id", 3], ["id", 4]]
  ↳ app/controllers/appointment_types_controller.rb:8:in `index'
  ↳ app/controllers/appointments_controller.rb:8:in `index'
Completed 200 OK in 2ms (Views: 1.7ms | ActiveRecord: 0.0ms (1 query, 0 cached) | GC: 0.0ms)


Completed 200 OK in 3ms (Views: 2.9ms | ActiveRecord: 0.2ms (2 queries, 0 cached) | GC: 0.0ms)


Started GET "/appointment_types" for 192.168.65.1 at 2026-09-13 00:14:19 +0000
Started GET "/appointments" for 192.168.65.1 at 2026-09-13 00:14:19 +0000
Processing by AppointmentTypesController#index as HTML
  Parameters: {"appointment_type"=>{}}
  [1m[36mAppointmentType Load (0.1ms)[0m  [1m[34mSELECT "appointment_types".* FROM "appointment_types"[0m
Processing by AppointmentsController#index as HTML
  ↳ app/controllers/appointment_types_controller.rb:8:in `index'
  Parameters: {"appointment"=>{}}
Completed 200 OK in 5ms (Views: 4.4ms | ActiveRecord: 0.1ms (1 query, 0 cached) | GC: 3.0ms)


  [1m[36mAppointment Load (0.0ms)[0m  [1m[34mSELECT "appointments".* FROM "appointments" ORDER BY "appointments"."starts_at" ASC[0m
  ↳ app/controllers/appointments_controller.rb:8:in `index'
  [1m[36mAppointmentType Load (0.1ms)[0m  [1m[34mSELECT "appointment_types".* FROM "appointment_types" WHERE "appointment_types"."id" IN (?, ?)[0m  [["id", 3], ["id", 4]]
  ↳ app/controllers/appointments_controller.rb:8:in `index'
Completed 200 OK in 3ms (Views: 3.0ms | ActiveRecord: 0.1ms (2 queries, 0 cached) | GC: 0.0ms)


Started GET "/appointment_types" for 192.168.65.1 at 2026-09-13 00:14:39 +0000
Started GET "/appointments" for 192.168.65.1 at 2026-09-13 00:14:39 +0000
Processing by AppointmentTypesController#index as HTML
  Parameters: {"appointment_type"=>{}}
Processing by AppointmentsController#index as HTML
  [1m[36mAppointmentType Load (0.1ms)[0m  [1m[34mSELECT "appointment_types".* FROM "appointment_types"[0m
  Parameters: {"appointment"=>{}}
  ↳ app/controllers/appointment_types_controller.rb:8:in `index'
  [1m[36mAppointment Load (0.1ms)[0m  [1m[34mSELECT "appointments".* FROM "appointments" ORDER BY "appointments"."starts_at" ASC[0m
Completed 200 OK in 2ms (Views: 1.5ms | ActiveRecord: 0.1ms (1 query, 0 cached) | GC: 0.0ms)


  ↳ app/controllers/appointments_controller.rb:8:in `index'
  [1m[36mAppointmentType Load (0.1ms)[0m  [1m[34mSELECT "appointment_types".* FROM "appointment_types" WHERE "appointment_types"."id" IN (?, ?)[0m  [["id", 3], ["id", 4]]
  ↳ app/controllers/appointments_controller.rb:8:in `index'
Completed 200 OK in 6ms (Views: 5.6ms | ActiveRecord: 0.1ms (2 queries, 0 cached) | GC: 0.4ms)


Started GET "/appointments" for 192.168.65.1 at 2026-09-13 00:15:27 +0000
Started GET "/appointment_types" for 192.168.65.1 at 2026-09-13 00:15:27 +0000
Processing by AppointmentTypesController#index as HTML
  Parameters: {"appointment_type"=>{}}
  [1m[36mAppointmentType Load (0.1ms)[0m  [1m[34mSELECT "appointment_types".* FROM "appointment_types"[0m
Processing by AppointmentsController#index as HTML
  ↳ app/controllers/appointment_types_controller.rb:8:in `index'
  Parameters: {"appointment"=>{}}
Completed 200 OK in 1ms (Views: 1.2ms | ActiveRecord: 0.1ms (1 query, 0 cached) | GC: 0.0ms)


  [1m[36mAppointment Load (0.0ms)[0m  [1m[34mSELECT "appointments".* FROM "appointments" ORDER BY "appointments"."starts_at" ASC[0m
  ↳ app/controllers/appointments_controller.rb:8:in `index'
  [1m[36mAppointmentType Load (0.1ms)[0m  [1m[34mSELECT "appointment_types".* FROM "appointment_types" WHERE "appointment_types"."id" IN (?, ?)[0m  [["id", 3], ["id", 4]]
  ↳ app/controllers/appointments_controller.rb:8:in `index'
Completed 200 OK in 3ms (Views: 2.5ms | ActiveRecord: 0.1ms (2 queries, 0 cached) | GC: 0.3ms)


Started GET "/appointments" for 192.168.65.1 at 2026-09-13 00:16:29 +0000
Started GET "/appointment_types" for 192.168.65.1 at 2026-09-13 00:16:29 +0000
Processing by AppointmentTypesController#index as HTML
  Parameters: {"appointment_type"=>{}}
  [1m[36mAppointmentType Load (0.2ms)[0m  [1m[34mSELECT "appointment_types".* FROM "appointment_types"[0m
Processing by AppointmentsController#index as HTML
  ↳ app/controllers/appointment_types_controller.rb:8:in `index'
  Parameters: {"appointment"=>{}}
Completed 200 OK in 3ms (Views: 2.3ms | ActiveRecord: 0.2ms (1 query, 0 cached) | GC: 0.0ms)


  [1m[36mAppointment Load (0.1ms)[0m  [1m[34mSELECT "appointments".* FROM "appointments" ORDER BY "appointments"."starts_at" ASC[0m
  ↳ app/controllers/appointments_controller.rb:8:in `index'
  [1m[36mAppointmentType Load (0.2ms)[0m  [1m[34mSELECT "appointment_types".* FROM "appointment_types" WHERE "appointment_types"."id" IN (?, ?)[0m  [["id", 3], ["id", 4]]
  ↳ app/controllers/appointments_controller.rb:8:in `index'
Completed 200 OK in 19ms (Views: 13.3ms | ActiveRecord: 0.3ms (2 queries, 0 cached) | GC: 0.3ms)


Started GET "/appointments" for 192.168.65.1 at 2026-09-13 00:17:26 +0000
Started GET "/appointment_types" for 192.168.65.1 at 2026-09-13 00:17:26 +0000
Processing by AppointmentsController#index as HTML
  Parameters: {"appointment"=>{}}
  [1m[36mAppointment Load (0.1ms)[0m  [1m[34mSELECT "appointments".* FROM "appointments" ORDER BY "appointments"."starts_at" ASC[0m
Processing by AppointmentTypesController#index as HTML
  ↳ app/controllers/appointments_controller.rb:8:in `index'
  Parameters: {"appointment_type"=>{}}
  [1m[36mAppointmentType Load (0.1ms)[0m  [1m[34mSELECT "appointment_types".* FROM "appointment_types" WHERE "appointment_types"."id" IN (?, ?)[0m  [["id", 3], ["id", 4]]
  [1m[36mAppointmentType Load (0.0ms)[0m  [1m[34mSELECT "appointment_types".* FROM "appointment_types"[0m
  ↳ app/controllers/appointments_controller.rb:8:in `index'
  ↳ app/controllers/appointment_types_controller.rb:8:in `index'
Completed 200 OK in 3ms (Views: 3.1ms | ActiveRecord: 0.2ms (2 queries, 0 cached) | GC: 0.2ms)


Completed 200 OK in 1ms (Views: 1.2ms | ActiveRecord: 0.0ms (1 query, 0 cached) | GC: 0.0ms)


Started GET "/appointment_types" for 192.168.65.1 at 2026-09-13 00:18:00 +0000
Started GET "/appointments" for 192.168.65.1 at 2026-09-13 00:18:00 +0000
Processing by AppointmentsController#index as HTML
  Parameters: {"appointment"=>{}}
  [1m[36mAppointment Load (0.2ms)[0m  [1m[34mSELECT "appointments".* FROM "appointments" ORDER BY "appointments"."starts_at" ASC[0m
Processing by AppointmentTypesController#index as HTML
  ↳ app/controllers/appointments_controller.rb:8:in `index'
  Parameters: {"appointment_type"=>{}}
  [1m[36mAppointmentType Load (0.3ms)[0m  [1m[34mSELECT "appointment_types".* FROM "appointment_types" WHERE "appointment_types"."id" IN (?, ?)[0m  [["id", 3], ["id", 4]]
  [1m[36mAppointmentType Load (0.1ms)[0m  [1m[34mSELECT "appointment_types".* FROM "appointment_types"[0m
  ↳ app/controllers/appointments_controller.rb:8:in `index'
  ↳ app/controllers/appointment_types_controller.rb:8:in `index'
Completed 200 OK in 5ms (Views: 4.5ms | ActiveRecord: 0.4ms (2 queries, 0 cached) | GC: 0.0ms)


Completed 200 OK in 2ms (Views: 2.2ms | ActiveRecord: 0.1ms (1 query, 0 cached) | GC: 0.0ms)


Started POST "/appointments" for 192.168.65.1 at 2026-09-13 00:18:39 +0000
Processing by AppointmentsController#create as HTML
  Parameters: {"appointment"=>{"title"=>"Test 2", "description"=>"test", "notes"=>"tests", "appointment_type_id"=>3, "starts_at"=>"2026-09-14T17:18", "ends_at"=>"2026-09-14T18:18", "location"=>"Room A", "people_of_interest"=>"Ismael Lares, Tobias Lares, juan"}}
  [1m[36mTRANSACTION (0.1ms)[0m  [1m[36mbegin transaction[0m
  ↳ app/controllers/appointments_controller.rb:20:in `create'
  [1m[36mAppointmentType Load (1.5ms)[0m  [1m[34mSELECT "appointment_types".* FROM "appointment_types" WHERE "appointment_types"."id" = ? LIMIT ?[0m  [["id", 3], ["LIMIT", 1]]
  ↳ app/controllers/appointments_controller.rb:20:in `create'
  [1m[36mAppointment Create (0.2ms)[0m  [1m[32mINSERT INTO "appointments" ("description", "notes", "appointment_type_id", "starts_at", "ends_at", "created_at", "updated_at", "title", "location", "people_of_interest") VALUES (?, ?, ?, ?, ?, ?, ?, ?, ?, ?) RETURNING "id"[0m  [["description", "test"], ["notes", "tests"], ["appointment_type_id", 3], ["starts_at", "2026-09-14 17:18:00"], ["ends_at", "2026-09-14 18:18:00"], ["created_at", "2026-09-13 00:18:39.182121"], ["updated_at", "2026-09-13 00:18:39.182121"], ["title", "Test 2"], ["location", "Room A"], ["people_of_interest", "Ismael Lares, Tobias Lares, juan"]]
  ↳ app/controllers/appointments_controller.rb:20:in `create'
  [1m[36mTRANSACTION (1.2ms)[0m  [1m[36mcommit transaction[0m
  ↳ app/controllers/appointments_controller.rb:20:in `create'
Completed 201 Created in 23ms (Views: 2.0ms | ActiveRecord: 3.0ms (2 queries, 0 cached) | GC: 0.0ms)


Started GET "/appointment_types" for 192.168.65.1 at 2026-09-13 00:18:41 +0000
Started GET "/appointments" for 192.168.65.1 at 2026-09-13 00:18:41 +0000
Processing by AppointmentTypesController#index as HTML
  Parameters: {"appointment_type"=>{}}
Processing by AppointmentsController#index as HTML
  [1m[36mAppointmentType Load (0.1ms)[0m  [1m[34mSELECT "appointment_types".* FROM "appointment_types"[0m
  Parameters: {"appointment"=>{}}
  ↳ app/controllers/appointment_types_controller.rb:8:in `index'
  [1m[36mAppointment Load (0.1ms)[0m  [1m[34mSELECT "appointments".* FROM "appointments" ORDER BY "appointments"."starts_at" ASC[0m
Completed 200 OK in 2ms (Views: 1.8ms | ActiveRecord: 0.1ms (1 query, 0 cached) | GC: 0.0ms)


  ↳ app/controllers/appointments_controller.rb:8:in `index'
  [1m[36mAppointmentType Load (0.2ms)[0m  [1m[34mSELECT "appointment_types".* FROM "appointment_types" WHERE "appointment_types"."id" IN (?, ?)[0m  [["id", 3], ["id", 4]]
  ↳ app/controllers/appointments_controller.rb:8:in `index'
Completed 200 OK in 7ms (Views: 6.2ms | ActiveRecord: 0.3ms (2 queries, 0 cached) | GC: 2.5ms)


Started GET "/appointments" for 192.168.65.1 at 2026-09-13 00:18:45 +0000
Started GET "/appointment_types" for 192.168.65.1 at 2026-09-13 00:18:45 +0000
Processing by AppointmentsController#index as HTML
  Parameters: {"appointment"=>{}}
Processing by AppointmentTypesController#index as HTML
  [1m[36mAppointment Load (0.1ms)[0m  [1m[34mSELECT "appointments".* FROM "appointments" ORDER BY "appointments"."starts_at" ASC[0m
  Parameters: {"appointment_type"=>{}}
  ↳ app/controllers/appointments_controller.rb:8:in `index'
  [1m[36mAppointmentType Load (0.0ms)[0m  [1m[34mSELECT "appointment_types".* FROM "appointment_types"[0m
  [1m[36mAppointmentType Load (0.2ms)[0m  [1m[34mSELECT "appointment_types".* FROM "appointment_types" WHERE "appointment_types"."id" IN (?, ?)[0m  [["id", 3], ["id", 4]]
  ↳ app/controllers/appointment_types_controller.rb:8:in `index'
  ↳ app/controllers/appointments_controller.rb:8:in `index'
Completed 200 OK in 3ms (Views: 2.7ms | ActiveRecord: 0.0ms (1 query, 0 cached) | GC: 0.0ms)


Completed 200 OK in 5ms (Views: 4.6ms | ActiveRecord: 0.3ms (2 queries, 0 cached) | GC: 0.0ms)


Started GET "/appointment_types" for 192.168.65.1 at 2026-09-13 00:19:38 +0000
Started GET "/appointments" for 192.168.65.1 at 2026-09-13 00:19:38 +0000
Processing by AppointmentsController#index as HTML
  Parameters: {"appointment"=>{}}
Processing by AppointmentTypesController#index as HTML
  [1m[36mAppointment Load (0.1ms)[0m  [1m[34mSELECT "appointments".* FROM "appointments" ORDER BY "appointments"."starts_at" ASC[0m
  Parameters: {"appointment_type"=>{}}
  ↳ app/controllers/appointments_controller.rb:8:in `index'
  [1m[36mAppointmentType Load (0.0ms)[0m  [1m[34mSELECT "appointment_types".* FROM "appointment_types"[0m
  [1m[36mAppointmentType Load (0.1ms)[0m  [1m[34mSELECT "appointment_types".* FROM "appointment_types" WHERE "appointment_types"."id" IN (?, ?)[0m  [["id", 3], ["id", 4]]
  ↳ app/controllers/appointment_types_controller.rb:8:in `index'
  ↳ app/controllers/appointments_controller.rb:8:in `index'
Completed 200 OK in 2ms (Views: 1.8ms | ActiveRecord: 0.0ms (1 query, 0 cached) | GC: 0.0ms)


Completed 200 OK in 3ms (Views: 2.9ms | ActiveRecord: 0.2ms (2 queries, 0 cached) | GC: 0.0ms)


Started GET "/appointments" for 192.168.65.1 at 2026-09-13 00:19:53 +0000
Started GET "/appointment_types" for 192.168.65.1 at 2026-09-13 00:19:53 +0000
Processing by AppointmentsController#index as HTML
  Parameters: {"appointment"=>{}}
  [1m[36mAppointment Load (0.1ms)[0m  [1m[34mSELECT "appointments".* FROM "appointments" ORDER BY "appointments"."starts_at" ASC[0m
  ↳ app/controllers/appointments_controller.rb:8:in `index'
  [1m[36mAppointmentType Load (0.1ms)[0m  [1m[34mSELECT "appointment_types".* FROM "appointment_types" WHERE "appointment_types"."id" IN (?, ?)[0m  [["id", 3], ["id", 4]]
  ↳ app/controllers/appointments_controller.rb:8:in `index'
Completed 200 OK in 2ms (Views: 1.8ms | ActiveRecord: 0.2ms (2 queries, 0 cached) | GC: 0.0ms)


Processing by AppointmentTypesController#index as HTML
  Parameters: {"appointment_type"=>{}}
  [1m[36mAppointmentType Load (0.1ms)[0m  [1m[34mSELECT "appointment_types".* FROM "appointment_types"[0m
  ↳ app/controllers/appointment_types_controller.rb:8:in `index'
Completed 200 OK in 1ms (Views: 0.9ms | ActiveRecord: 0.1ms (1 query, 0 cached) | GC: 0.0ms)


Started GET "/appointment_types" for 192.168.65.1 at 2026-09-13 00:21:49 +0000
Started GET "/appointments" for 192.168.65.1 at 2026-09-13 00:21:49 +0000
Processing by AppointmentTypesController#index as HTML
  Parameters: {"appointment_type"=>{}}
Processing by AppointmentsController#index as HTML
  [1m[36mAppointmentType Load (0.1ms)[0m  [1m[34mSELECT "appointment_types".* FROM "appointment_types"[0m
  Parameters: {"appointment"=>{}}
  ↳ app/controllers/appointment_types_controller.rb:8:in `index'
  [1m[36mAppointment Load (0.1ms)[0m  [1m[34mSELECT "appointments".* FROM "appointments" ORDER BY "appointments"."starts_at" ASC[0m
Completed 200 OK in 2ms (Views: 2.2ms | ActiveRecord: 0.1ms (1 query, 0 cached) | GC: 0.0ms)


  ↳ app/controllers/appointments_controller.rb:8:in `index'
  [1m[36mAppointmentType Load (0.1ms)[0m  [1m[34mSELECT "appointment_types".* FROM "appointment_types" WHERE "appointment_types"."id" IN (?, ?)[0m  [["id", 3], ["id", 4]]
  ↳ app/controllers/appointments_controller.rb:8:in `index'
Completed 200 OK in 4ms (Views: 3.7ms | ActiveRecord: 0.2ms (2 queries, 0 cached) | GC: 0.2ms)


Started GET "/appointments" for 192.168.65.1 at 2026-09-13 00:22:27 +0000
Started GET "/appointment_types" for 192.168.65.1 at 2026-09-13 00:22:27 +0000
Processing by AppointmentsController#index as HTML
  Parameters: {"appointment"=>{}}
Processing by AppointmentTypesController#index as HTML
  [1m[36mAppointment Load (0.1ms)[0m  [1m[34mSELECT "appointments".* FROM "appointments" ORDER BY "appointments"."starts_at" ASC[0m
  Parameters: {"appointment_type"=>{}}
  ↳ app/controllers/appointments_controller.rb:8:in `index'
  [1m[36mAppointmentType Load (0.1ms)[0m  [1m[34mSELECT "appointment_types".* FROM "appointment_types"[0m
  [1m[36mAppointmentType Load (0.2ms)[0m  [1m[34mSELECT "appointment_types".* FROM "appointment_types" WHERE "appointment_types"."id" IN (?, ?)[0m  [["id", 3], ["id", 4]]
  ↳ app/controllers/appointment_types_controller.rb:8:in `index'
  ↳ app/controllers/appointments_controller.rb:8:in `index'
Completed 200 OK in 3ms (Views: 2.5ms | ActiveRecord: 0.1ms (1 query, 0 cached) | GC: 0.0ms)


Completed 200 OK in 6ms (Views: 4.7ms | ActiveRecord: 0.3ms (2 queries, 0 cached) | GC: 0.1ms)


Started GET "/appointment_types" for 192.168.65.1 at 2026-09-13 00:24:33 +0000
Started GET "/appointments" for 192.168.65.1 at 2026-09-13 00:24:33 +0000
Processing by AppointmentsController#index as HTML
  Parameters: {"appointment"=>{}}
Processing by AppointmentTypesController#index as HTML
  [1m[36mAppointment Load (0.1ms)[0m  [1m[34mSELECT "appointments".* FROM "appointments" ORDER BY "appointments"."starts_at" ASC[0m
  Parameters: {"appointment_type"=>{}}
  ↳ app/controllers/appointments_controller.rb:8:in `index'
  [1m[36mAppointmentType Load (0.0ms)[0m  [1m[34mSELECT "appointment_types".* FROM "appointment_types"[0m
  [1m[36mAppointmentType Load (0.1ms)[0m  [1m[34mSELECT "appointment_types".* FROM "appointment_types" WHERE "appointment_types"."id" IN (?, ?)[0m  [["id", 3], ["id", 4]]
  ↳ app/controllers/appointment_types_controller.rb:8:in `index'
  ↳ app/controllers/appointments_controller.rb:8:in `index'
Completed 200 OK in 2ms (Views: 1.6ms | ActiveRecord: 0.0ms (1 query, 0 cached) | GC: 0.0ms)


Completed 200 OK in 3ms (Views: 2.8ms | ActiveRecord: 0.1ms (2 queries, 0 cached) | GC: 0.0ms)


Started GET "/appointment_types" for 192.168.65.1 at 2026-09-13 00:25:45 +0000
Started GET "/appointments" for 192.168.65.1 at 2026-09-13 00:25:45 +0000
Processing by AppointmentTypesController#index as HTML
  Parameters: {"appointment_type"=>{}}
  [1m[36mAppointmentType Load (0.1ms)[0m  [1m[34mSELECT "appointment_types".* FROM "appointment_types"[0m
  ↳ app/controllers/appointment_types_controller.rb:8:in `index'
Completed 200 OK in 1ms (Views: 0.9ms | ActiveRecord: 0.1ms (1 query, 0 cached) | GC: 0.0ms)


Processing by AppointmentsController#index as HTML
  Parameters: {"appointment"=>{}}
  [1m[36mAppointment Load (0.1ms)[0m  [1m[34mSELECT "appointments".* FROM "appointments" ORDER BY "appointments"."starts_at" ASC[0m
  ↳ app/controllers/appointments_controller.rb:8:in `index'
  [1m[36mAppointmentType Load (0.1ms)[0m  [1m[34mSELECT "appointment_types".* FROM "appointment_types" WHERE "appointment_types"."id" IN (?, ?)[0m  [["id", 3], ["id", 4]]
  ↳ app/controllers/appointments_controller.rb:8:in `index'
Completed 200 OK in 3ms (Views: 2.6ms | ActiveRecord: 0.2ms (2 queries, 0 cached) | GC: 1.0ms)


Started GET "/appointment_types" for 192.168.65.1 at 2026-09-13 00:26:32 +0000
Started GET "/appointments" for 192.168.65.1 at 2026-09-13 00:26:32 +0000
Processing by AppointmentTypesController#index as HTML
  Parameters: {"appointment_type"=>{}}
Processing by AppointmentsController#index as HTML
  [1m[36mAppointmentType Load (0.1ms)[0m  [1m[34mSELECT "appointment_types".* FROM "appointment_types"[0m
  Parameters: {"appointment"=>{}}
  ↳ app/controllers/appointment_types_controller.rb:8:in `index'
  [1m[36mAppointment Load (0.1ms)[0m  [1m[34mSELECT "appointments".* FROM "appointments" ORDER BY "appointments"."starts_at" ASC[0m
Completed 200 OK in 1ms (Views: 1.3ms | ActiveRecord: 0.1ms (1 query, 0 cached) | GC: 0.0ms)


  ↳ app/controllers/appointments_controller.rb:8:in `index'
  [1m[36mAppointmentType Load (0.1ms)[0m  [1m[34mSELECT "appointment_types".* FROM "appointment_types" WHERE "appointment_types"."id" IN (?, ?)[0m  [["id", 3], ["id", 4]]
  ↳ app/controllers/appointments_controller.rb:8:in `index'
Completed 200 OK in 3ms (Views: 2.4ms | ActiveRecord: 0.2ms (2 queries, 0 cached) | GC: 0.0ms)


Started GET "/appointments" for 192.168.65.1 at 2026-09-13 00:27:17 +0000
Started GET "/appointment_types" for 192.168.65.1 at 2026-09-13 00:27:17 +0000
Processing by AppointmentsController#index as HTML
  Parameters: {"appointment"=>{}}
  [1m[36mAppointment Load (0.1ms)[0m  [1m[34mSELECT "appointments".* FROM "appointments" ORDER BY "appointments"."starts_at" ASC[0m
Processing by AppointmentTypesController#index as HTML
  ↳ app/controllers/appointments_controller.rb:8:in `index'
  Parameters: {"appointment_type"=>{}}
  [1m[36mAppointmentType Load (0.4ms)[0m  [1m[34mSELECT "appointment_types".* FROM "appointment_types" WHERE "appointment_types"."id" IN (?, ?)[0m  [["id", 3], ["id", 4]]
  [1m[36mAppointmentType Load (0.0ms)[0m  [1m[34mSELECT "appointment_types".* FROM "appointment_types"[0m
  ↳ app/controllers/appointments_controller.rb:8:in `index'
  ↳ app/controllers/appointment_types_controller.rb:8:in `index'
Completed 200 OK in 6ms (Views: 5.4ms | ActiveRecord: 0.4ms (2 queries, 0 cached) | GC: 0.0ms)


Completed 200 OK in 2ms (Views: 2.1ms | ActiveRecord: 0.0ms (1 query, 0 cached) | GC: 0.0ms)


Started GET "/appointment_types" for 192.168.65.1 at 2026-09-13 00:27:37 +0000
Started GET "/appointments" for 192.168.65.1 at 2026-09-13 00:27:37 +0000
Processing by AppointmentTypesController#index as HTML
  Parameters: {"appointment_type"=>{}}
Processing by AppointmentsController#index as HTML
  [1m[36mAppointmentType Load (0.0ms)[0m  [1m[34mSELECT "appointment_types".* FROM "appointment_types"[0m
  Parameters: {"appointment"=>{}}
  ↳ app/controllers/appointment_types_controller.rb:8:in `index'
  [1m[36mAppointment Load (0.0ms)[0m  [1m[34mSELECT "appointments".* FROM "appointments" ORDER BY "appointments"."starts_at" ASC[0m
Completed 200 OK in 1ms (Views: 1.2ms | ActiveRecord: 0.0ms (1 query, 0 cached) | GC: 0.0ms)


  ↳ app/controllers/appointments_controller.rb:8:in `index'
  [1m[36mAppointmentType Load (0.1ms)[0m  [1m[34mSELECT "appointment_types".* FROM "appointment_types" WHERE "appointment_types"."id" IN (?, ?)[0m  [["id", 3], ["id", 4]]
  ↳ app/controllers/appointments_controller.rb:8:in `index'
Completed 200 OK in 2ms (Views: 2.1ms | ActiveRecord: 0.1ms (2 queries, 0 cached) | GC: 0.2ms)


Started GET "/appointments" for 192.168.65.1 at 2026-09-13 00:28:09 +0000
Started GET "/appointment_types" for 192.168.65.1 at 2026-09-13 00:28:09 +0000
Processing by AppointmentsController#index as HTML
  Parameters: {"appointment"=>{}}
Processing by AppointmentTypesController#index as HTML
  [1m[36mAppointment Load (0.1ms)[0m  [1m[34mSELECT "appointments".* FROM "appointments" ORDER BY "appointments"."starts_at" ASC[0m
  Parameters: {"appointment_type"=>{}}
  ↳ app/controllers/appointments_controller.rb:8:in `index'
  [1m[36mAppointmentType Load (0.0ms)[0m  [1m[34mSELECT "appointment_types".* FROM "appointment_types"[0m
  [1m[36mAppointmentType Load (0.1ms)[0m  [1m[34mSELECT "appointment_types".* FROM "appointment_types" WHERE "appointment_types"."id" IN (?, ?)[0m  [["id", 3], ["id", 4]]
  ↳ app/controllers/appointment_types_controller.rb:8:in `index'
  ↳ app/controllers/appointments_controller.rb:8:in `index'
Completed 200 OK in 2ms (Views: 1.5ms | ActiveRecord: 0.0ms (1 query, 0 cached) | GC: 0.0ms)


Completed 200 OK in 3ms (Views: 2.4ms | ActiveRecord: 0.2ms (2 queries, 0 cached) | GC: 0.0ms)


Started GET "/appointments" for 192.168.65.1 at 2026-09-13 00:28:51 +0000
Started GET "/appointment_types" for 192.168.65.1 at 2026-09-13 00:28:51 +0000
Processing by AppointmentsController#index as HTML
  Parameters: {"appointment"=>{}}
Processing by AppointmentTypesController#index as HTML
  [1m[36mAppointment Load (0.1ms)[0m  [1m[34mSELECT "appointments".* FROM "appointments" ORDER BY "appointments"."starts_at" ASC[0m
  Parameters: {"appointment_type"=>{}}
  ↳ app/controllers/appointments_controller.rb:8:in `index'
  [1m[36mAppointmentType Load (0.0ms)[0m  [1m[34mSELECT "appointment_types".* FROM "appointment_types"[0m
  [1m[36mAppointmentType Load (0.1ms)[0m  [1m[34mSELECT "appointment_types".* FROM "appointment_types" WHERE "appointment_types"."id" IN (?, ?)[0m  [["id", 3], ["id", 4]]
  ↳ app/controllers/appointment_types_controller.rb:8:in `index'
  ↳ app/controllers/appointments_controller.rb:8:in `index'
Completed 200 OK in 2ms (Views: 1.5ms | ActiveRecord: 0.0ms (1 query, 0 cached) | GC: 0.0ms)


Completed 200 OK in 3ms (Views: 2.6ms | ActiveRecord: 0.1ms (2 queries, 0 cached) | GC: 0.0ms)


Started GET "/appointment_types" for 192.168.65.1 at 2026-09-13 00:29:27 +0000
Started GET "/appointments" for 192.168.65.1 at 2026-09-13 00:29:27 +0000
Processing by AppointmentTypesController#index as HTML
  Parameters: {"appointment_type"=>{}}
Processing by AppointmentsController#index as HTML
  [1m[36mAppointmentType Load (0.0ms)[0m  [1m[34mSELECT "appointment_types".* FROM "appointment_types"[0m
  Parameters: {"appointment"=>{}}
  ↳ app/controllers/appointment_types_controller.rb:8:in `index'
  [1m[36mAppointment Load (0.0ms)[0m  [1m[34mSELECT "appointments".* FROM "appointments" ORDER BY "appointments"."starts_at" ASC[0m
Completed 200 OK in 1ms (Views: 1.3ms | ActiveRecord: 0.0ms (1 query, 0 cached) | GC: 0.0ms)


  ↳ app/controllers/appointments_controller.rb:8:in `index'
  [1m[36mAppointmentType Load (0.1ms)[0m  [1m[34mSELECT "appointment_types".* FROM "appointment_types" WHERE "appointment_types"."id" IN (?, ?)[0m  [["id", 3], ["id", 4]]
  ↳ app/controllers/appointments_controller.rb:8:in `index'
Completed 200 OK in 2ms (Views: 2.1ms | ActiveRecord: 0.1ms (2 queries, 0 cached) | GC: 0.0ms)


Started GET "/appointment_types" for 192.168.65.1 at 2026-09-13 00:29:48 +0000
Started GET "/appointments" for 192.168.65.1 at 2026-09-13 00:29:48 +0000
Processing by AppointmentTypesController#index as HTML
  Parameters: {"appointment_type"=>{}}
  [1m[36mAppointmentType Load (0.1ms)[0m  [1m[34mSELECT "appointment_types".* FROM "appointment_types"[0m
Processing by AppointmentsController#index as HTML
  ↳ app/controllers/appointment_types_controller.rb:8:in `index'
  Parameters: {"appointment"=>{}}
Completed 200 OK in 2ms (Views: 1.7ms | ActiveRecord: 0.0ms (1 query, 0 cached) | GC: 0.0ms)


  [1m[36mAppointment Load (0.1ms)[0m  [1m[34mSELECT "appointments".* FROM "appointments" ORDER BY "appointments"."starts_at" ASC[0m
  ↳ app/controllers/appointments_controller.rb:8:in `index'
  [1m[36mAppointmentType Load (0.1ms)[0m  [1m[34mSELECT "appointment_types".* FROM "appointment_types" WHERE "appointment_types"."id" IN (?, ?)[0m  [["id", 3], ["id", 4]]
  ↳ app/controllers/appointments_controller.rb:8:in `index'
Completed 200 OK in 2ms (Views: 2.2ms | ActiveRecord: 0.2ms (2 queries, 0 cached) | GC: 0.0ms)


Started GET "/appointments" for 192.168.65.1 at 2026-09-13 00:31:17 +0000
Started GET "/appointment_types" for 192.168.65.1 at 2026-09-13 00:31:17 +0000
Processing by AppointmentsController#index as HTML
  Parameters: {"appointment"=>{}}
Processing by AppointmentTypesController#index as HTML
  [1m[36mAppointment Load (0.1ms)[0m  [1m[34mSELECT "appointments".* FROM "appointments" ORDER BY "appointments"."starts_at" ASC[0m
  Parameters: {"appointment_type"=>{}}
  ↳ app/controllers/appointments_controller.rb:8:in `index'
  [1m[36mAppointmentType Load (0.0ms)[0m  [1m[34mSELECT "appointment_types".* FROM "appointment_types"[0m
  [1m[36mAppointmentType Load (0.1ms)[0m  [1m[34mSELECT "appointment_types".* FROM "appointment_types" WHERE "appointment_types"."id" IN (?, ?)[0m  [["id", 3], ["id", 4]]
  ↳ app/controllers/appointment_types_controller.rb:8:in `index'
  ↳ app/controllers/appointments_controller.rb:8:in `index'
Completed 200 OK in 1ms (Views: 1.4ms | ActiveRecord: 0.0ms (1 query, 0 cached) | GC: 0.0ms)


Completed 200 OK in 3ms (Views: 2.6ms | ActiveRecord: 0.2ms (2 queries, 0 cached) | GC: 0.0ms)


Started GET "/appointments" for 192.168.65.1 at 2026-09-13 00:31:38 +0000
Started GET "/appointment_types" for 192.168.65.1 at 2026-09-13 00:31:38 +0000
Processing by AppointmentsController#index as HTML
  Parameters: {"appointment"=>{}}
  [1m[36mAppointment Load (0.1ms)[0m  [1m[34mSELECT "appointments".* FROM "appointments" ORDER BY "appointments"."starts_at" ASC[0m
Processing by AppointmentTypesController#index as HTML
  ↳ app/controllers/appointments_controller.rb:8:in `index'
  Parameters: {"appointment_type"=>{}}
  [1m[36mAppointmentType Load (0.1ms)[0m  [1m[34mSELECT "appointment_types".* FROM "appointment_types" WHERE "appointment_types"."id" IN (?, ?)[0m  [["id", 3], ["id", 4]]
  [1m[36mAppointmentType Load (0.0ms)[0m  [1m[34mSELECT "appointment_types".* FROM "appointment_types"[0m
  ↳ app/controllers/appointments_controller.rb:8:in `index'
  ↳ app/controllers/appointment_types_controller.rb:8:in `index'
Completed 200 OK in 3ms (Views: 2.8ms | ActiveRecord: 0.1ms (2 queries, 0 cached) | GC: 0.3ms)


Completed 200 OK in 1ms (Views: 1.2ms | ActiveRecord: 0.0ms (1 query, 0 cached) | GC: 0.0ms)


Started GET "/appointments" for 192.168.65.1 at 2026-09-13 00:32:04 +0000
Started GET "/appointment_types" for 192.168.65.1 at 2026-09-13 00:32:04 +0000
Processing by AppointmentTypesController#index as HTML
  Parameters: {"appointment_type"=>{}}
  [1m[36mAppointmentType Load (0.1ms)[0m  [1m[34mSELECT "appointment_types".* FROM "appointment_types"[0m
Processing by AppointmentsController#index as HTML
  ↳ app/controllers/appointment_types_controller.rb:8:in `index'
  Parameters: {"appointment"=>{}}
Completed 200 OK in 2ms (Views: 1.9ms | ActiveRecord: 0.1ms (1 query, 0 cached) | GC: 0.3ms)


  [1m[36mAppointment Load (0.0ms)[0m  [1m[34mSELECT "appointments".* FROM "appointments" ORDER BY "appointments"."starts_at" ASC[0m
  ↳ app/controllers/appointments_controller.rb:8:in `index'
  [1m[36mAppointmentType Load (0.1ms)[0m  [1m[34mSELECT "appointment_types".* FROM "appointment_types" WHERE "appointment_types"."id" IN (?, ?)[0m  [["id", 3], ["id", 4]]
  ↳ app/controllers/appointments_controller.rb:8:in `index'
Completed 200 OK in 2ms (Views: 1.7ms | ActiveRecord: 0.1ms (2 queries, 0 cached) | GC: 0.0ms)


Started GET "/appointment_types" for 192.168.65.1 at 2026-09-13 00:32:27 +0000
Started GET "/appointments" for 192.168.65.1 at 2026-09-13 00:32:27 +0000
Processing by AppointmentTypesController#index as HTML
  Parameters: {"appointment_type"=>{}}
  [1m[36mAppointmentType Load (0.0ms)[0m  [1m[34mSELECT "appointment_types".* FROM "appointment_types"[0m
  ↳ app/controllers/appointment_types_controller.rb:8:in `index'
Completed 200 OK in 1ms (Views: 1.0ms | ActiveRecord: 0.0ms (1 query, 0 cached) | GC: 0.2ms)


Processing by AppointmentsController#index as HTML
  Parameters: {"appointment"=>{}}
  [1m[36mAppointment Load (0.1ms)[0m  [1m[34mSELECT "appointments".* FROM "appointments" ORDER BY "appointments"."starts_at" ASC[0m
  ↳ app/controllers/appointments_controller.rb:8:in `index'
  [1m[36mAppointmentType Load (0.1ms)[0m  [1m[34mSELECT "appointment_types".* FROM "appointment_types" WHERE "appointment_types"."id" IN (?, ?)[0m  [["id", 3], ["id", 4]]
  ↳ app/controllers/appointments_controller.rb:8:in `index'
Completed 200 OK in 2ms (Views: 1.5ms | ActiveRecord: 0.1ms (2 queries, 0 cached) | GC: 0.0ms)


Started GET "/appointment_types" for 192.168.65.1 at 2026-09-13 00:32:40 +0000
Started GET "/appointments" for 192.168.65.1 at 2026-09-13 00:32:40 +0000
Processing by AppointmentTypesController#index as HTML
  Parameters: {"appointment_type"=>{}}
Processing by AppointmentsController#index as HTML
  [1m[36mAppointmentType Load (0.0ms)[0m  [1m[34mSELECT "appointment_types".* FROM "appointment_types"[0m
  Parameters: {"appointment"=>{}}
  ↳ app/controllers/appointment_types_controller.rb:8:in `index'
  [1m[36mAppointment Load (0.0ms)[0m  [1m[34mSELECT "appointments".* FROM "appointments" ORDER BY "appointments"."starts_at" ASC[0m
Completed 200 OK in 2ms (Views: 1.4ms | ActiveRecord: 0.0ms (1 query, 0 cached) | GC: 0.0ms)


  ↳ app/controllers/appointments_controller.rb:8:in `index'
  [1m[36mAppointmentType Load (0.1ms)[0m  [1m[34mSELECT "appointment_types".* FROM "appointment_types" WHERE "appointment_types"."id" IN (?, ?)[0m  [["id", 3], ["id", 4]]
  ↳ app/controllers/appointments_controller.rb:8:in `index'
Completed 200 OK in 3ms (Views: 2.8ms | ActiveRecord: 0.1ms (2 queries, 0 cached) | GC: 0.2ms)


Started GET "/appointment_types" for 192.168.65.1 at 2026-09-13 00:32:48 +0000
Started GET "/appointments" for 192.168.65.1 at 2026-09-13 00:32:48 +0000
Processing by AppointmentTypesController#index as HTML
  Parameters: {"appointment_type"=>{}}
  [1m[36mAppointmentType Load (0.1ms)[0m  [1m[34mSELECT "appointment_types".* FROM "appointment_types"[0m
  ↳ app/controllers/appointment_types_controller.rb:8:in `index'
Completed 200 OK in 1ms (Views: 0.9ms | ActiveRecord: 0.1ms (1 query, 0 cached) | GC: 0.0ms)


Processing by AppointmentsController#index as HTML
  Parameters: {"appointment"=>{}}
  [1m[36mAppointment Load (0.0ms)[0m  [1m[34mSELECT "appointments".* FROM "appointments" ORDER BY "appointments"."starts_at" ASC[0m
  ↳ app/controllers/appointments_controller.rb:8:in `index'
  [1m[36mAppointmentType Load (0.1ms)[0m  [1m[34mSELECT "appointment_types".* FROM "appointment_types" WHERE "appointment_types"."id" IN (?, ?)[0m  [["id", 3], ["id", 4]]
  ↳ app/controllers/appointments_controller.rb:8:in `index'
Completed 200 OK in 2ms (Views: 1.5ms | ActiveRecord: 0.1ms (2 queries, 0 cached) | GC: 0.0ms)


Started GET "/appointment_types" for 192.168.65.1 at 2026-09-13 00:32:58 +0000
Started GET "/appointments" for 192.168.65.1 at 2026-09-13 00:32:58 +0000
Processing by AppointmentTypesController#index as HTML
  Parameters: {"appointment_type"=>{}}
Processing by AppointmentsController#index as HTML
  [1m[36mAppointmentType Load (0.0ms)[0m  [1m[34mSELECT "appointment_types".* FROM "appointment_types"[0m
  Parameters: {"appointment"=>{}}
  ↳ app/controllers/appointment_types_controller.rb:8:in `index'
  [1m[36mAppointment Load (0.0ms)[0m  [1m[34mSELECT "appointments".* FROM "appointments" ORDER BY "appointments"."starts_at" ASC[0m
Completed 200 OK in 1ms (Views: 1.3ms | ActiveRecord: 0.0ms (1 query, 0 cached) | GC: 0.0ms)


  ↳ app/controllers/appointments_controller.rb:8:in `index'
  [1m[36mAppointmentType Load (0.1ms)[0m  [1m[34mSELECT "appointment_types".* FROM "appointment_types" WHERE "appointment_types"."id" IN (?, ?)[0m  [["id", 3], ["id", 4]]
  ↳ app/controllers/appointments_controller.rb:8:in `index'
Completed 200 OK in 2ms (Views: 2.1ms | ActiveRecord: 0.1ms (2 queries, 0 cached) | GC: 0.0ms)


Started GET "/appointments" for 192.168.65.1 at 2026-09-13 00:33:08 +0000
Started GET "/appointment_types" for 192.168.65.1 at 2026-09-13 00:33:08 +0000
Processing by AppointmentTypesController#index as HTML
  Parameters: {"appointment_type"=>{}}
  [1m[36mAppointmentType Load (0.1ms)[0m  [1m[34mSELECT "appointment_types".* FROM "appointment_types"[0m
Processing by AppointmentsController#index as HTML
  ↳ app/controllers/appointment_types_controller.rb:8:in `index'
  Parameters: {"appointment"=>{}}
Completed 200 OK in 1ms (Views: 1.2ms | ActiveRecord: 0.1ms (1 query, 0 cached) | GC: 0.0ms)


  [1m[36mAppointment Load (0.1ms)[0m  [1m[34mSELECT "appointments".* FROM "appointments" ORDER BY "appointments"."starts_at" ASC[0m
  ↳ app/controllers/appointments_controller.rb:8:in `index'
  [1m[36mAppointmentType Load (0.1ms)[0m  [1m[34mSELECT "appointment_types".* FROM "appointment_types" WHERE "appointment_types"."id" IN (?, ?)[0m  [["id", 3], ["id", 4]]
  ↳ app/controllers/appointments_controller.rb:8:in `index'
Completed 200 OK in 2ms (Views: 1.8ms | ActiveRecord: 0.1ms (2 queries, 0 cached) | GC: 0.0ms)


Started GET "/appointments" for 192.168.65.1 at 2026-09-13 00:33:15 +0000
Started GET "/appointment_types" for 192.168.65.1 at 2026-09-13 00:33:15 +0000
Processing by AppointmentsController#index as HTML
  Parameters: {"appointment"=>{}}
Processing by AppointmentTypesController#index as HTML
  [1m[36mAppointment Load (0.1ms)[0m  [1m[34mSELECT "appointments".* FROM "appointments" ORDER BY "appointments"."starts_at" ASC[0m
  Parameters: {"appointment_type"=>{}}
  ↳ app/controllers/appointments_controller.rb:8:in `index'
  [1m[36mAppointmentType Load (0.0ms)[0m  [1m[34mSELECT "appointment_types".* FROM "appointment_types"[0m
  [1m[36mAppointmentType Load (0.1ms)[0m  [1m[34mSELECT "appointment_types".* FROM "appointment_types" WHERE "appointment_types"."id" IN (?, ?)[0m  [["id", 3], ["id", 4]]
  ↳ app/controllers/appointment_types_controller.rb:8:in `index'
  ↳ app/controllers/appointments_controller.rb:8:in `index'
Completed 200 OK in 2ms (Views: 1.6ms | ActiveRecord: 0.0ms (1 query, 0 cached) | GC: 0.0ms)


Completed 200 OK in 3ms (Views: 3.1ms | ActiveRecord: 0.1ms (2 queries, 0 cached) | GC: 0.3ms)


Started GET "/appointments" for 192.168.65.1 at 2026-09-13 00:33:26 +0000
Started GET "/appointment_types" for 192.168.65.1 at 2026-09-13 00:33:26 +0000
Processing by AppointmentsController#index as HTML
  Parameters: {"appointment"=>{}}
Processing by AppointmentTypesController#index as HTML
  [1m[36mAppointment Load (0.2ms)[0m  [1m[34mSELECT "appointments".* FROM "appointments" ORDER BY "appointments"."starts_at" ASC[0m
  Parameters: {"appointment_type"=>{}}
  ↳ app/controllers/appointments_controller.rb:8:in `index'
  [1m[36mAppointmentType Load (0.0ms)[0m  [1m[34mSELECT "appointment_types".* FROM "appointment_types"[0m
  [1m[36mAppointmentType Load (0.1ms)[0m  [1m[34mSELECT "appointment_types".* FROM "appointment_types" WHERE "appointment_types"."id" IN (?, ?)[0m  [["id", 3], ["id", 4]]
  ↳ app/controllers/appointment_types_controller.rb:8:in `index'
  ↳ app/controllers/appointments_controller.rb:8:in `index'
Completed 200 OK in 3ms (Views: 3.0ms | ActiveRecord: 0.0ms (1 query, 0 cached) | GC: 0.5ms)


Completed 200 OK in 6ms (Views: 5.0ms | ActiveRecord: 0.3ms (2 queries, 0 cached) | GC: 0.5ms)


Started GET "/appointments" for 192.168.65.1 at 2026-09-13 00:33:27 +0000
Started GET "/appointment_types" for 192.168.65.1 at 2026-09-13 00:33:27 +0000
Processing by AppointmentTypesController#index as HTML
  Parameters: {"appointment_type"=>{}}
Processing by AppointmentsController#index as HTML
  [1m[36mAppointmentType Load (0.1ms)[0m  [1m[34mSELECT "appointment_types".* FROM "appointment_types"[0m
  Parameters: {"appointment"=>{}}
  ↳ app/controllers/appointment_types_controller.rb:8:in `index'
  [1m[36mAppointment Load (0.1ms)[0m  [1m[34mSELECT "appointments".* FROM "appointments" ORDER BY "appointments"."starts_at" ASC[0m
Completed 200 OK in 2ms (Views: 1.9ms | ActiveRecord: 0.1ms (1 query, 0 cached) | GC: 0.0ms)


  ↳ app/controllers/appointments_controller.rb:8:in `index'
  [1m[36mAppointmentType Load (0.2ms)[0m  [1m[34mSELECT "appointment_types".* FROM "appointment_types" WHERE "appointment_types"."id" IN (?, ?)[0m  [["id", 3], ["id", 4]]
  ↳ app/controllers/appointments_controller.rb:8:in `index'
Completed 200 OK in 4ms (Views: 3.8ms | ActiveRecord: 0.2ms (2 queries, 0 cached) | GC: 0.4ms)


Started GET "/appointment_types" for 192.168.65.1 at 2026-09-13 00:33:30 +0000
Processing by AppointmentTypesController#index as HTML
  Parameters: {"appointment_type"=>{}}
  [1m[36mAppointmentType Load (0.1ms)[0m  [1m[34mSELECT "appointment_types".* FROM "appointment_types"[0m
  ↳ app/controllers/appointment_types_controller.rb:8:in `index'
Completed 200 OK in 1ms (Views: 1.0ms | ActiveRecord: 0.1ms (1 query, 0 cached) | GC: 0.0ms)


Started GET "/appointment_types" for 192.168.65.1 at 2026-09-13 00:33:31 +0000
Started GET "/appointments" for 192.168.65.1 at 2026-09-13 00:33:31 +0000
Processing by AppointmentTypesController#index as HTML
  Parameters: {"appointment_type"=>{}}
Processing by AppointmentsController#index as HTML
  [1m[36mAppointmentType Load (0.1ms)[0m  [1m[34mSELECT "appointment_types".* FROM "appointment_types"[0m
  Parameters: {"appointment"=>{}}
  ↳ app/controllers/appointment_types_controller.rb:8:in `index'
  [1m[36mAppointment Load (0.1ms)[0m  [1m[34mSELECT "appointments".* FROM "appointments" ORDER BY "appointments"."starts_at" ASC[0m
Completed 200 OK in 2ms (Views: 2.3ms | ActiveRecord: 0.1ms (1 query, 0 cached) | GC: 0.0ms)


  ↳ app/controllers/appointments_controller.rb:8:in `index'
  [1m[36mAppointmentType Load (0.2ms)[0m  [1m[34mSELECT "appointment_types".* FROM "appointment_types" WHERE "appointment_types"."id" IN (?, ?)[0m  [["id", 3], ["id", 4]]
  ↳ app/controllers/appointments_controller.rb:8:in `index'
Completed 200 OK in 4ms (Views: 3.5ms | ActiveRecord: 0.3ms (2 queries, 0 cached) | GC: 0.0ms)


Started GET "/appointments" for 192.168.65.1 at 2026-09-13 00:33:34 +0000
Started GET "/appointment_types" for 192.168.65.1 at 2026-09-13 00:33:34 +0000
Processing by AppointmentsController#index as HTML
  Parameters: {"appointment"=>{}}
  [1m[36mAppointment Load (0.1ms)[0m  [1m[34mSELECT "appointments".* FROM "appointments" ORDER BY "appointments"."starts_at" ASC[0m
  ↳ app/controllers/appointments_controller.rb:8:in `index'
  [1m[36mAppointmentType Load (0.1ms)[0m  [1m[34mSELECT "appointment_types".* FROM "appointment_types" WHERE "appointment_types"."id" IN (?, ?)[0m  [["id", 3], ["id", 4]]
  ↳ app/controllers/appointments_controller.rb:8:in `index'
Completed 200 OK in 4ms (Views: 3.6ms | ActiveRecord: 0.2ms (2 queries, 0 cached) | GC: 0.0ms)


Processing by AppointmentTypesController#index as HTML
  Parameters: {"appointment_type"=>{}}
  [1m[36mAppointmentType Load (0.1ms)[0m  [1m[34mSELECT "appointment_types".* FROM "appointment_types"[0m
  ↳ app/controllers/appointment_types_controller.rb:8:in `index'
Completed 200 OK in 1ms (Views: 1.1ms | ActiveRecord: 0.1ms (1 query, 0 cached) | GC: 0.0ms)


Started GET "/appointment_types" for 192.168.65.1 at 2026-09-13 00:34:38 +0000
Started GET "/appointments" for 192.168.65.1 at 2026-09-13 00:34:38 +0000
Processing by AppointmentTypesController#index as HTML
  Parameters: {"appointment_type"=>{}}
  [1m[36mAppointmentType Load (0.1ms)[0m  [1m[34mSELECT "appointment_types".* FROM "appointment_types"[0m
Processing by AppointmentsController#index as HTML
  ↳ app/controllers/appointment_types_controller.rb:8:in `index'
  Parameters: {"appointment"=>{}}
Completed 200 OK in 1ms (Views: 1.3ms | ActiveRecord: 0.1ms (1 query, 0 cached) | GC: 0.0ms)


  [1m[36mAppointment Load (0.1ms)[0m  [1m[34mSELECT "appointments".* FROM "appointments" ORDER BY "appointments"."starts_at" ASC[0m
  ↳ app/controllers/appointments_controller.rb:8:in `index'
  [1m[36mAppointmentType Load (0.1ms)[0m  [1m[34mSELECT "appointment_types".* FROM "appointment_types" WHERE "appointment_types"."id" IN (?, ?)[0m  [["id", 3], ["id", 4]]
  ↳ app/controllers/appointments_controller.rb:8:in `index'
Completed 200 OK in 3ms (Views: 2.8ms | ActiveRecord: 0.1ms (2 queries, 0 cached) | GC: 1.0ms)


Started GET "/appointments" for 192.168.65.1 at 2026-09-13 00:34:50 +0000
Started GET "/appointment_types" for 192.168.65.1 at 2026-09-13 00:34:50 +0000
Processing by AppointmentTypesController#index as HTML
  Parameters: {"appointment_type"=>{}}
  [1m[36mAppointmentType Load (0.1ms)[0m  [1m[34mSELECT "appointment_types".* FROM "appointment_types"[0m
Processing by AppointmentsController#index as HTML
  ↳ app/controllers/appointment_types_controller.rb:8:in `index'
  Parameters: {"appointment"=>{}}
Completed 200 OK in 1ms (Views: 1.2ms | ActiveRecord: 0.1ms (1 query, 0 cached) | GC: 0.0ms)


  [1m[36mAppointment Load (0.0ms)[0m  [1m[34mSELECT "appointments".* FROM "appointments" ORDER BY "appointments"."starts_at" ASC[0m
  ↳ app/controllers/appointments_controller.rb:8:in `index'
  [1m[36mAppointmentType Load (0.1ms)[0m  [1m[34mSELECT "appointment_types".* FROM "appointment_types" WHERE "appointment_types"."id" IN (?, ?)[0m  [["id", 3], ["id", 4]]
  ↳ app/controllers/appointments_controller.rb:8:in `index'
Completed 200 OK in 2ms (Views: 1.8ms | ActiveRecord: 0.1ms (2 queries, 0 cached) | GC: 0.0ms)


Started GET "/appointments" for 192.168.65.1 at 2026-09-13 00:34:52 +0000
Started GET "/appointment_types" for 192.168.65.1 at 2026-09-13 00:34:52 +0000
Processing by AppointmentsController#index as HTML
  Parameters: {"appointment"=>{}}
Processing by AppointmentTypesController#index as HTML
  [1m[36mAppointment Load (0.1ms)[0m  [1m[34mSELECT "appointments".* FROM "appointments" ORDER BY "appointments"."starts_at" ASC[0m
  Parameters: {"appointment_type"=>{}}
  ↳ app/controllers/appointments_controller.rb:8:in `index'
  [1m[36mAppointmentType Load (0.0ms)[0m  [1m[34mSELECT "appointment_types".* FROM "appointment_types"[0m
  [1m[36mAppointmentType Load (0.2ms)[0m  [1m[34mSELECT "appointment_types".* FROM "appointment_types" WHERE "appointment_types"."id" IN (?, ?)[0m  [["id", 3], ["id", 4]]
  ↳ app/controllers/appointment_types_controller.rb:8:in `index'
  ↳ app/controllers/appointments_controller.rb:8:in `index'
Completed 200 OK in 3ms (Views: 2.9ms | ActiveRecord: 0.0ms (1 query, 0 cached) | GC: 0.0ms)


Completed 200 OK in 5ms (Views: 4.6ms | ActiveRecord: 0.3ms (2 queries, 0 cached) | GC: 0.0ms)


Started GET "/appointment_types" for 192.168.65.1 at 2026-09-13 00:34:54 +0000
Started GET "/appointments" for 192.168.65.1 at 2026-09-13 00:34:54 +0000
Processing by AppointmentTypesController#index as HTML
  Parameters: {"appointment_type"=>{}}
Processing by AppointmentsController#index as HTML
  [1m[36mAppointmentType Load (0.1ms)[0m  [1m[34mSELECT "appointment_types".* FROM "appointment_types"[0m
  Parameters: {"appointment"=>{}}
  ↳ app/controllers/appointment_types_controller.rb:8:in `index'
  [1m[36mAppointment Load (0.1ms)[0m  [1m[34mSELECT "appointments".* FROM "appointments" ORDER BY "appointments"."starts_at" ASC[0m
Completed 200 OK in 2ms (Views: 1.9ms | ActiveRecord: 0.1ms (1 query, 0 cached) | GC: 0.0ms)


  ↳ app/controllers/appointments_controller.rb:8:in `index'
  [1m[36mAppointmentType Load (0.1ms)[0m  [1m[34mSELECT "appointment_types".* FROM "appointment_types" WHERE "appointment_types"."id" IN (?, ?)[0m  [["id", 3], ["id", 4]]
  ↳ app/controllers/appointments_controller.rb:8:in `index'
Completed 200 OK in 4ms (Views: 3.2ms | ActiveRecord: 0.2ms (2 queries, 0 cached) | GC: 0.0ms)


Started GET "/appointments" for 192.168.65.1 at 2026-09-13 00:35:29 +0000
Started GET "/appointment_types" for 192.168.65.1 at 2026-09-13 00:35:29 +0000
Processing by AppointmentsController#index as HTML
  Parameters: {"appointment"=>{}}
Processing by AppointmentTypesController#index as HTML
  [1m[36mAppointment Load (0.1ms)[0m  [1m[34mSELECT "appointments".* FROM "appointments" ORDER BY "appointments"."starts_at" ASC[0m
  Parameters: {"appointment_type"=>{}}
  ↳ app/controllers/appointments_controller.rb:8:in `index'
  [1m[36mAppointmentType Load (0.0ms)[0m  [1m[34mSELECT "appointment_types".* FROM "appointment_types"[0m
  [1m[36mAppointmentType Load (0.1ms)[0m  [1m[34mSELECT "appointment_types".* FROM "appointment_types" WHERE "appointment_types"."id" IN (?, ?)[0m  [["id", 3], ["id", 4]]
  ↳ app/controllers/appointment_types_controller.rb:8:in `index'
  ↳ app/controllers/appointments_controller.rb:8:in `index'
Completed 200 OK in 2ms (Views: 1.4ms | ActiveRecord: 0.0ms (1 query, 0 cached) | GC: 0.0ms)


Completed 200 OK in 3ms (Views: 2.7ms | ActiveRecord: 0.2ms (2 queries, 0 cached) | GC: 0.0ms)


Started GET "/appointment_types" for 192.168.65.1 at 2026-09-13 00:35:53 +0000
Started GET "/appointments" for 192.168.65.1 at 2026-09-13 00:35:53 +0000
Processing by AppointmentTypesController#index as HTML
  Parameters: {"appointment_type"=>{}}
  [1m[36mAppointmentType Load (0.1ms)[0m  [1m[34mSELECT "appointment_types".* FROM "appointment_types"[0m
  ↳ app/controllers/appointment_types_controller.rb:8:in `index'
Completed 200 OK in 1ms (Views: 0.8ms | ActiveRecord: 0.1ms (1 query, 0 cached) | GC: 0.0ms)


Processing by AppointmentsController#index as HTML
  Parameters: {"appointment"=>{}}
  [1m[36mAppointment Load (0.1ms)[0m  [1m[34mSELECT "appointments".* FROM "appointments" ORDER BY "appointments"."starts_at" ASC[0m
  ↳ app/controllers/appointments_controller.rb:8:in `index'
  [1m[36mAppointmentType Load (0.1ms)[0m  [1m[34mSELECT "appointment_types".* FROM "appointment_types" WHERE "appointment_types"."id" IN (?, ?)[0m  [["id", 3], ["id", 4]]
  ↳ app/controllers/appointments_controller.rb:8:in `index'
Completed 200 OK in 2ms (Views: 1.9ms | ActiveRecord: 0.2ms (2 queries, 0 cached) | GC: 0.2ms)


Started GET "/appointment_types" for 192.168.65.1 at 2026-09-13 00:36:39 +0000
Started GET "/appointments" for 192.168.65.1 at 2026-09-13 00:36:39 +0000
Processing by AppointmentTypesController#index as HTML
  Parameters: {"appointment_type"=>{}}
  [1m[36mAppointmentType Load (0.0ms)[0m  [1m[34mSELECT "appointment_types".* FROM "appointment_types"[0m
Processing by AppointmentsController#index as HTML
  ↳ app/controllers/appointment_types_controller.rb:8:in `index'
  Parameters: {"appointment"=>{}}
Completed 200 OK in 1ms (Views: 1.3ms | ActiveRecord: 0.0ms (1 query, 0 cached) | GC: 0.0ms)


  [1m[36mAppointment Load (0.1ms)[0m  [1m[34mSELECT "appointments".* FROM "appointments" ORDER BY "appointments"."starts_at" ASC[0m
  ↳ app/controllers/appointments_controller.rb:8:in `index'
  [1m[36mAppointmentType Load (0.1ms)[0m  [1m[34mSELECT "appointment_types".* FROM "appointment_types" WHERE "appointment_types"."id" IN (?, ?)[0m  [["id", 3], ["id", 4]]
  ↳ app/controllers/appointments_controller.rb:8:in `index'
Completed 200 OK in 2ms (Views: 1.8ms | ActiveRecord: 0.2ms (2 queries, 0 cached) | GC: 0.0ms)


Started GET "/appointments" for 192.168.65.1 at 2026-09-13 00:37:10 +0000
Started GET "/appointment_types" for 192.168.65.1 at 2026-09-13 00:37:10 +0000
Processing by AppointmentsController#index as HTML
  Parameters: {"appointment"=>{}}
  [1m[36mAppointment Load (0.1ms)[0m  [1m[34mSELECT "appointments".* FROM "appointments" ORDER BY "appointments"."starts_at" ASC[0m
Processing by AppointmentTypesController#index as HTML
  ↳ app/controllers/appointments_controller.rb:8:in `index'
  Parameters: {"appointment_type"=>{}}
  [1m[36mAppointmentType Load (0.1ms)[0m  [1m[34mSELECT "appointment_types".* FROM "appointment_types" WHERE "appointment_types"."id" IN (?, ?)[0m  [["id", 3], ["id", 4]]
  [1m[36mAppointmentType Load (0.0ms)[0m  [1m[34mSELECT "appointment_types".* FROM "appointment_types"[0m
  ↳ app/controllers/appointments_controller.rb:8:in `index'
  ↳ app/controllers/appointment_types_controller.rb:8:in `index'
Completed 200 OK in 3ms (Views: 2.4ms | ActiveRecord: 0.1ms (2 queries, 0 cached) | GC: 0.0ms)


Completed 200 OK in 1ms (Views: 1.2ms | ActiveRecord: 0.0ms (1 query, 0 cached) | GC: 0.0ms)


Started GET "/appointments" for 192.168.65.1 at 2026-09-13 00:37:39 +0000
Started GET "/appointment_types" for 192.168.65.1 at 2026-09-13 00:37:39 +0000
Processing by AppointmentsController#index as HTML
  Parameters: {"appointment"=>{}}
Processing by AppointmentTypesController#index as HTML
  [1m[36mAppointment Load (0.1ms)[0m  [1m[34mSELECT "appointments".* FROM "appointments" ORDER BY "appointments"."starts_at" ASC[0m
  Parameters: {"appointment_type"=>{}}
  ↳ app/controllers/appointments_controller.rb:8:in `index'
  [1m[36mAppointmentType Load (0.1ms)[0m  [1m[34mSELECT "appointment_types".* FROM "appointment_types"[0m
  [1m[36mAppointmentType Load (0.1ms)[0m  [1m[34mSELECT "appointment_types".* FROM "appointment_types" WHERE "appointment_types"."id" IN (?, ?)[0m  [["id", 3], ["id", 4]]
  ↳ app/controllers/appointment_types_controller.rb:8:in `index'
  ↳ app/controllers/appointments_controller.rb:8:in `index'
Completed 200 OK in 2ms (Views: 1.6ms | ActiveRecord: 0.0ms (1 query, 0 cached) | GC: 0.0ms)


Completed 200 OK in 3ms (Views: 2.7ms | ActiveRecord: 0.1ms (2 queries, 0 cached) | GC: 0.0ms)


Started GET "/appointments" for 192.168.65.1 at 2026-09-13 00:38:06 +0000
Started GET "/appointment_types" for 192.168.65.1 at 2026-09-13 00:38:06 +0000
Processing by AppointmentsController#index as HTML
  Parameters: {"appointment"=>{}}
  [1m[36mAppointment Load (0.1ms)[0m  [1m[34mSELECT "appointments".* FROM "appointments" ORDER BY "appointments"."starts_at" ASC[0m
  ↳ app/controllers/appointments_controller.rb:8:in `index'
  [1m[36mAppointmentType Load (0.1ms)[0m  [1m[34mSELECT "appointment_types".* FROM "appointment_types" WHERE "appointment_types"."id" IN (?, ?)[0m  [["id", 3], ["id", 4]]
  ↳ app/controllers/appointments_controller.rb:8:in `index'
Completed 200 OK in 3ms (Views: 2.5ms | ActiveRecord: 0.2ms (2 queries, 0 cached) | GC: 0.4ms)


Processing by AppointmentTypesController#index as HTML
  Parameters: {"appointment_type"=>{}}
  [1m[36mAppointmentType Load (0.0ms)[0m  [1m[34mSELECT "appointment_types".* FROM "appointment_types"[0m
  ↳ app/controllers/appointment_types_controller.rb:8:in `index'
Completed 200 OK in 1ms (Views: 0.7ms | ActiveRecord: 0.0ms (1 query, 0 cached) | GC: 0.0ms)


Started GET "/appointments" for 192.168.65.1 at 2026-09-13 00:38:27 +0000
Started GET "/appointment_types" for 192.168.65.1 at 2026-09-13 00:38:27 +0000
Processing by AppointmentsController#index as HTML
  Parameters: {"appointment"=>{}}
Processing by AppointmentTypesController#index as HTML
  [1m[36mAppointment Load (0.4ms)[0m  [1m[34mSELECT "appointments".* FROM "appointments" ORDER BY "appointments"."starts_at" ASC[0m
  Parameters: {"appointment_type"=>{}}
  ↳ app/controllers/appointments_controller.rb:8:in `index'
  [1m[36mAppointmentType Load (0.0ms)[0m  [1m[34mSELECT "appointment_types".* FROM "appointment_types"[0m
  [1m[36mAppointmentType Load (0.1ms)[0m  [1m[34mSELECT "appointment_types".* FROM "appointment_types" WHERE "appointment_types"."id" IN (?, ?)[0m  [["id", 3], ["id", 4]]
  ↳ app/controllers/appointment_types_controller.rb:8:in `index'
  ↳ app/controllers/appointments_controller.rb:8:in `index'
Completed 200 OK in 2ms (Views: 1.5ms | ActiveRecord: 0.0ms (1 query, 0 cached) | GC: 0.0ms)


Completed 200 OK in 4ms (Views: 2.9ms | ActiveRecord: 0.5ms (2 queries, 0 cached) | GC: 0.3ms)


Started GET "/appointments" for 192.168.65.1 at 2026-09-13 00:38:44 +0000
Started GET "/appointment_types" for 192.168.65.1 at 2026-09-13 00:38:44 +0000
Processing by AppointmentsController#index as HTML
  Parameters: {"appointment"=>{}}
Processing by AppointmentTypesController#index as HTML
  [1m[36mAppointment Load (0.1ms)[0m  [1m[34mSELECT "appointments".* FROM "appointments" ORDER BY "appointments"."starts_at" ASC[0m
  Parameters: {"appointment_type"=>{}}
  ↳ app/controllers/appointments_controller.rb:8:in `index'
  [1m[36mAppointmentType Load (0.1ms)[0m  [1m[34mSELECT "appointment_types".* FROM "appointment_types"[0m
  [1m[36mAppointmentType Load (0.1ms)[0m  [1m[34mSELECT "appointment_types".* FROM "appointment_types" WHERE "appointment_types"."id" IN (?, ?)[0m  [["id", 3], ["id", 4]]
  ↳ app/controllers/appointment_types_controller.rb:8:in `index'
  ↳ app/controllers/appointments_controller.rb:8:in `index'
Completed 200 OK in 2ms (Views: 1.8ms | ActiveRecord: 0.0ms (1 query, 0 cached) | GC: 0.2ms)


Completed 200 OK in 3ms (Views: 2.9ms | ActiveRecord: 0.2ms (2 queries, 0 cached) | GC: 0.2ms)


Started GET "/appointment_types" for 192.168.65.1 at 2026-09-13 00:39:21 +0000
Started GET "/appointments" for 192.168.65.1 at 2026-09-13 00:39:21 +0000
Processing by AppointmentTypesController#index as HTML
  Parameters: {"appointment_type"=>{}}
Processing by AppointmentsController#index as HTML
  [1m[36mAppointmentType Load (0.0ms)[0m  [1m[34mSELECT "appointment_types".* FROM "appointment_types"[0m
  Parameters: {"appointment"=>{}}
  ↳ app/controllers/appointment_types_controller.rb:8:in `index'
  [1m[36mAppointment Load (0.1ms)[0m  [1m[34mSELECT "appointments".* FROM "appointments" ORDER BY "appointments"."starts_at" ASC[0m
Completed 200 OK in 2ms (Views: 1.5ms | ActiveRecord: 0.0ms (1 query, 0 cached) | GC: 0.2ms)


  ↳ app/controllers/appointments_controller.rb:8:in `index'
  [1m[36mAppointmentType Load (0.1ms)[0m  [1m[34mSELECT "appointment_types".* FROM "appointment_types" WHERE "appointment_types"."id" IN (?, ?)[0m  [["id", 3], ["id", 4]]
  ↳ app/controllers/appointments_controller.rb:8:in `index'
Completed 200 OK in 3ms (Views: 2.3ms | ActiveRecord: 0.1ms (2 queries, 0 cached) | GC: 0.2ms)


Started GET "/appointment_types" for 192.168.65.1 at 2026-09-13 00:39:40 +0000
Started GET "/appointments" for 192.168.65.1 at 2026-09-13 00:39:40 +0000
Processing by AppointmentTypesController#index as HTML
  Parameters: {"appointment_type"=>{}}
Processing by AppointmentsController#index as HTML
  [1m[36mAppointmentType Load (0.1ms)[0m  [1m[34mSELECT "appointment_types".* FROM "appointment_types"[0m
  Parameters: {"appointment"=>{}}
  ↳ app/controllers/appointment_types_controller.rb:8:in `index'
  [1m[36mAppointment Load (0.0ms)[0m  [1m[34mSELECT "appointments".* FROM "appointments" ORDER BY "appointments"."starts_at" ASC[0m
Completed 200 OK in 1ms (Views: 1.3ms | ActiveRecord: 0.1ms (1 query, 0 cached) | GC: 0.0ms)


  ↳ app/controllers/appointments_controller.rb:8:in `index'
  [1m[36mAppointmentType Load (0.1ms)[0m  [1m[34mSELECT "appointment_types".* FROM "appointment_types" WHERE "appointment_types"."id" IN (?, ?)[0m  [["id", 3], ["id", 4]]
  ↳ app/controllers/appointments_controller.rb:8:in `index'
Completed 200 OK in 2ms (Views: 2.1ms | ActiveRecord: 0.1ms (2 queries, 0 cached) | GC: 0.0ms)


Started GET "/appointments" for 192.168.65.1 at 2026-09-13 00:40:05 +0000
Started GET "/appointment_types" for 192.168.65.1 at 2026-09-13 00:40:05 +0000
Processing by AppointmentsController#index as HTML
  Parameters: {"appointment"=>{}}
  [1m[36mAppointment Load (0.1ms)[0m  [1m[34mSELECT "appointments".* FROM "appointments" ORDER BY "appointments"."starts_at" ASC[0m
Processing by AppointmentTypesController#index as HTML
  ↳ app/controllers/appointments_controller.rb:8:in `index'
  Parameters: {"appointment_type"=>{}}
  [1m[36mAppointmentType Load (0.1ms)[0m  [1m[34mSELECT "appointment_types".* FROM "appointment_types" WHERE "appointment_types"."id" IN (?, ?)[0m  [["id", 3], ["id", 4]]
  [1m[36mAppointmentType Load (0.0ms)[0m  [1m[34mSELECT "appointment_types".* FROM "appointment_types"[0m
  ↳ app/controllers/appointments_controller.rb:8:in `index'
  ↳ app/controllers/appointment_types_controller.rb:8:in `index'
Completed 200 OK in 3ms (Views: 2.9ms | ActiveRecord: 0.1ms (2 queries, 0 cached) | GC: 0.0ms)


Completed 200 OK in 2ms (Views: 1.6ms | ActiveRecord: 0.0ms (1 query, 0 cached) | GC: 0.0ms)


Started GET "/appointments" for 192.168.65.1 at 2026-09-13 00:40:26 +0000
Started GET "/appointment_types" for 192.168.65.1 at 2026-09-13 00:40:26 +0000
Processing by AppointmentTypesController#index as HTML
  Parameters: {"appointment_type"=>{}}
  [1m[36mAppointmentType Load (0.0ms)[0m  [1m[34mSELECT "appointment_types".* FROM "appointment_types"[0m
Processing by AppointmentsController#index as HTML
  ↳ app/controllers/appointment_types_controller.rb:8:in `index'
  Parameters: {"appointment"=>{}}
Completed 200 OK in 1ms (Views: 1.0ms | ActiveRecord: 0.0ms (1 query, 0 cached) | GC: 0.0ms)


  [1m[36mAppointment Load (0.0ms)[0m  [1m[34mSELECT "appointments".* FROM "appointments" ORDER BY "appointments"."starts_at" ASC[0m
  ↳ app/controllers/appointments_controller.rb:8:in `index'
  [1m[36mAppointmentType Load (0.1ms)[0m  [1m[34mSELECT "appointment_types".* FROM "appointment_types" WHERE "appointment_types"."id" IN (?, ?)[0m  [["id", 3], ["id", 4]]
  ↳ app/controllers/appointments_controller.rb:8:in `index'
Completed 200 OK in 2ms (Views: 1.8ms | ActiveRecord: 0.1ms (2 queries, 0 cached) | GC: 0.0ms)


Started GET "/appointment_types" for 192.168.65.1 at 2026-09-13 00:41:25 +0000
Started GET "/appointments" for 192.168.65.1 at 2026-09-13 00:41:25 +0000
Processing by AppointmentsController#index as HTML
  Parameters: {"appointment"=>{}}
  [1m[36mAppointment Load (0.1ms)[0m  [1m[34mSELECT "appointments".* FROM "appointments" ORDER BY "appointments"."starts_at" ASC[0m
Processing by AppointmentTypesController#index as HTML
  ↳ app/controllers/appointments_controller.rb:8:in `index'
  Parameters: {"appointment_type"=>{}}
  [1m[36mAppointmentType Load (0.1ms)[0m  [1m[34mSELECT "appointment_types".* FROM "appointment_types" WHERE "appointment_types"."id" IN (?, ?)[0m  [["id", 3], ["id", 4]]
  [1m[36mAppointmentType Load (0.1ms)[0m  [1m[34mSELECT "appointment_types".* FROM "appointment_types"[0m
  ↳ app/controllers/appointments_controller.rb:8:in `index'
  ↳ app/controllers/appointment_types_controller.rb:8:in `index'
Completed 200 OK in 4ms (Views: 3.2ms | ActiveRecord: 0.2ms (2 queries, 0 cached) | GC: 0.4ms)


Completed 200 OK in 2ms (Views: 1.5ms | ActiveRecord: 0.0ms (1 query, 0 cached) | GC: 0.0ms)


Started GET "/appointments" for 192.168.65.1 at 2026-09-13 00:41:42 +0000
Started GET "/appointment_types" for 192.168.65.1 at 2026-09-13 00:41:42 +0000
Processing by AppointmentsController#index as HTML
  Parameters: {"appointment"=>{}}
  [1m[36mAppointment Load (0.1ms)[0m  [1m[34mSELECT "appointments".* FROM "appointments" ORDER BY "appointments"."starts_at" ASC[0m
Processing by AppointmentTypesController#index as HTML
  ↳ app/controllers/appointments_controller.rb:8:in `index'
  Parameters: {"appointment_type"=>{}}
  [1m[36mAppointmentType Load (0.1ms)[0m  [1m[34mSELECT "appointment_types".* FROM "appointment_types" WHERE "appointment_types"."id" IN (?, ?)[0m  [["id", 3], ["id", 4]]
  [1m[36mAppointmentType Load (0.0ms)[0m  [1m[34mSELECT "appointment_types".* FROM "appointment_types"[0m
  ↳ app/controllers/appointments_controller.rb:8:in `index'
  ↳ app/controllers/appointment_types_controller.rb:8:in `index'
Completed 200 OK in 3ms (Views: 3.1ms | ActiveRecord: 0.1ms (2 queries, 0 cached) | GC: 0.3ms)


Completed 200 OK in 1ms (Views: 1.4ms | ActiveRecord: 0.0ms (1 query, 0 cached) | GC: 0.0ms)


Started GET "/appointments" for 192.168.65.1 at 2026-09-13 00:41:51 +0000
Started GET "/appointment_types" for 192.168.65.1 at 2026-09-13 00:41:51 +0000
Processing by AppointmentsController#index as HTML
  Parameters: {"appointment"=>{}}
Processing by AppointmentTypesController#index as HTML
  [1m[36mAppointment Load (0.1ms)[0m  [1m[34mSELECT "appointments".* FROM "appointments" ORDER BY "appointments"."starts_at" ASC[0m
  Parameters: {"appointment_type"=>{}}
  ↳ app/controllers/appointments_controller.rb:8:in `index'
  [1m[36mAppointmentType Load (0.0ms)[0m  [1m[34mSELECT "appointment_types".* FROM "appointment_types"[0m
  [1m[36mAppointmentType Load (0.1ms)[0m  [1m[34mSELECT "appointment_types".* FROM "appointment_types" WHERE "appointment_types"."id" IN (?, ?)[0m  [["id", 3], ["id", 4]]
  ↳ app/controllers/appointment_types_controller.rb:8:in `index'
  ↳ app/controllers/appointments_controller.rb:8:in `index'
Completed 200 OK in 1ms (Views: 1.4ms | ActiveRecord: 0.0ms (1 query, 0 cached) | GC: 0.0ms)


Completed 200 OK in 3ms (Views: 2.7ms | ActiveRecord: 0.1ms (2 queries, 0 cached) | GC: 0.2ms)


Started GET "/appointments" for 192.168.65.1 at 2026-09-13 00:42:14 +0000
Started GET "/appointment_types" for 192.168.65.1 at 2026-09-13 00:42:14 +0000
Processing by AppointmentsController#index as HTML
  Parameters: {"appointment"=>{}}
Processing by AppointmentTypesController#index as HTML
  [1m[36mAppointment Load (0.1ms)[0m  [1m[34mSELECT "appointments".* FROM "appointments" ORDER BY "appointments"."starts_at" ASC[0m
  Parameters: {"appointment_type"=>{}}
  ↳ app/controllers/appointments_controller.rb:8:in `index'
  [1m[36mAppointmentType Load (0.0ms)[0m  [1m[34mSELECT "appointment_types".* FROM "appointment_types"[0m
  [1m[36mAppointmentType Load (0.1ms)[0m  [1m[34mSELECT "appointment_types".* FROM "appointment_types" WHERE "appointment_types"."id" IN (?, ?)[0m  [["id", 3], ["id", 4]]
  ↳ app/controllers/appointment_types_controller.rb:8:in `index'
  ↳ app/controllers/appointments_controller.rb:8:in `index'
Completed 200 OK in 2ms (Views: 1.7ms | ActiveRecord: 0.0ms (1 query, 0 cached) | GC: 0.1ms)


Completed 200 OK in 3ms (Views: 3.0ms | ActiveRecord: 0.1ms (2 queries, 0 cached) | GC: 0.3ms)


Started GET "/appointment_types" for 192.168.65.1 at 2026-09-13 00:42:43 +0000
Started GET "/appointments" for 192.168.65.1 at 2026-09-13 00:42:43 +0000
Processing by AppointmentTypesController#index as HTML
  Parameters: {"appointment_type"=>{}}
Processing by AppointmentsController#index as HTML
  [1m[36mAppointmentType Load (0.1ms)[0m  [1m[34mSELECT "appointment_types".* FROM "appointment_types"[0m
  Parameters: {"appointment"=>{}}
  ↳ app/controllers/appointment_types_controller.rb:8:in `index'
  [1m[36mAppointment Load (0.0ms)[0m  [1m[34mSELECT "appointments".* FROM "appointments" ORDER BY "appointments"."starts_at" ASC[0m
Completed 200 OK in 1ms (Views: 1.2ms | ActiveRecord: 0.0ms (1 query, 0 cached) | GC: 0.0ms)


  ↳ app/controllers/appointments_controller.rb:8:in `index'
  [1m[36mAppointmentType Load (0.1ms)[0m  [1m[34mSELECT "appointment_types".* FROM "appointment_types" WHERE "appointment_types"."id" IN (?, ?)[0m  [["id", 3], ["id", 4]]
  ↳ app/controllers/appointments_controller.rb:8:in `index'
Completed 200 OK in 2ms (Views: 2.1ms | ActiveRecord: 0.1ms (2 queries, 0 cached) | GC: 0.0ms)


Started GET "/appointments" for 192.168.65.1 at 2026-09-13 00:43:04 +0000
Started GET "/appointment_types" for 192.168.65.1 at 2026-09-13 00:43:04 +0000
Processing by AppointmentsController#index as HTML
  Parameters: {"appointment"=>{}}
Processing by AppointmentTypesController#index as HTML
  [1m[36mAppointment Load (0.1ms)[0m  [1m[34mSELECT "appointments".* FROM "appointments" ORDER BY "appointments"."starts_at" ASC[0m
  Parameters: {"appointment_type"=>{}}
  ↳ app/controllers/appointments_controller.rb:8:in `index'
  [1m[36mAppointmentType Load (0.1ms)[0m  [1m[34mSELECT "appointment_types".* FROM "appointment_types"[0m
  [1m[36mAppointmentType Load (0.1ms)[0m  [1m[34mSELECT "appointment_types".* FROM "appointment_types" WHERE "appointment_types"."id" IN (?, ?)[0m  [["id", 3], ["id", 4]]
  ↳ app/controllers/appointment_types_controller.rb:8:in `index'
  ↳ app/controllers/appointments_controller.rb:8:in `index'
Completed 200 OK in 2ms (Views: 1.9ms | ActiveRecord: 0.1ms (1 query, 0 cached) | GC: 0.0ms)


Completed 200 OK in 4ms (Views: 3.2ms | ActiveRecord: 0.2ms (2 queries, 0 cached) | GC: 0.0ms)


Started GET "/appointment_types" for 192.168.65.1 at 2026-09-13 00:43:12 +0000
Started GET "/appointments" for 192.168.65.1 at 2026-09-13 00:43:12 +0000
Processing by AppointmentTypesController#index as HTML
  Parameters: {"appointment_type"=>{}}
  [1m[36mAppointmentType Load (0.0ms)[0m  [1m[34mSELECT "appointment_types".* FROM "appointment_types"[0m
  ↳ app/controllers/appointment_types_controller.rb:8:in `index'
Completed 200 OK in 2ms (Views: 1.7ms | ActiveRecord: 0.0ms (1 query, 0 cached) | GC: 0.9ms)


Processing by AppointmentsController#index as HTML
  Parameters: {"appointment"=>{}}
  [1m[36mAppointment Load (0.0ms)[0m  [1m[34mSELECT "appointments".* FROM "appointments" ORDER BY "appointments"."starts_at" ASC[0m
  ↳ app/controllers/appointments_controller.rb:8:in `index'
  [1m[36mAppointmentType Load (0.1ms)[0m  [1m[34mSELECT "appointment_types".* FROM "appointment_types" WHERE "appointment_types"."id" IN (?, ?)[0m  [["id", 3], ["id", 4]]
  ↳ app/controllers/appointments_controller.rb:8:in `index'
Completed 200 OK in 2ms (Views: 1.4ms | ActiveRecord: 0.1ms (2 queries, 0 cached) | GC: 0.0ms)


Started GET "/appointment_types" for 192.168.65.1 at 2026-09-13 00:44:05 +0000
Started GET "/appointments" for 192.168.65.1 at 2026-09-13 00:44:05 +0000
Processing by AppointmentTypesController#index as HTML
  Parameters: {"appointment_type"=>{}}
Processing by AppointmentsController#index as HTML
  [1m[36mAppointmentType Load (0.0ms)[0m  [1m[34mSELECT "appointment_types".* FROM "appointment_types"[0m
  Parameters: {"appointment"=>{}}
  ↳ app/controllers/appointment_types_controller.rb:8:in `index'
  [1m[36mAppointment Load (0.1ms)[0m  [1m[34mSELECT "appointments".* FROM "appointments" ORDER BY "appointments"."starts_at" ASC[0m
Completed 200 OK in 2ms (Views: 1.8ms | ActiveRecord: 0.0ms (1 query, 0 cached) | GC: 0.4ms)


  ↳ app/controllers/appointments_controller.rb:8:in `index'
  [1m[36mAppointmentType Load (0.2ms)[0m  [1m[34mSELECT "appointment_types".* FROM "appointment_types" WHERE "appointment_types"."id" IN (?, ?)[0m  [["id", 3], ["id", 4]]
  ↳ app/controllers/appointments_controller.rb:8:in `index'
Completed 200 OK in 3ms (Views: 2.9ms | ActiveRecord: 0.2ms (2 queries, 0 cached) | GC: 0.4ms)


Started GET "/appointment_types" for 192.168.65.1 at 2026-09-13 00:44:21 +0000
Started GET "/appointments" for 192.168.65.1 at 2026-09-13 00:44:21 +0000
Processing by AppointmentTypesController#index as HTML
  Parameters: {"appointment_type"=>{}}
Processing by AppointmentsController#index as HTML
  [1m[36mAppointmentType Load (0.1ms)[0m  [1m[34mSELECT "appointment_types".* FROM "appointment_types"[0m
  Parameters: {"appointment"=>{}}
  ↳ app/controllers/appointment_types_controller.rb:8:in `index'
  [1m[36mAppointment Load (0.0ms)[0m  [1m[34mSELECT "appointments".* FROM "appointments" ORDER BY "appointments"."starts_at" ASC[0m
Completed 200 OK in 2ms (Views: 1.9ms | ActiveRecord: 0.1ms (1 query, 0 cached) | GC: 0.3ms)


  ↳ app/controllers/appointments_controller.rb:8:in `index'
  [1m[36mAppointmentType Load (0.1ms)[0m  [1m[34mSELECT "appointment_types".* FROM "appointment_types" WHERE "appointment_types"."id" IN (?, ?)[0m  [["id", 3], ["id", 4]]
  ↳ app/controllers/appointments_controller.rb:8:in `index'
Completed 200 OK in 3ms (Views: 2.7ms | ActiveRecord: 0.2ms (2 queries, 0 cached) | GC: 0.3ms)


Started GET "/appointment_types" for 192.168.65.1 at 2026-09-13 00:44:55 +0000
Started GET "/appointments" for 192.168.65.1 at 2026-09-13 00:44:55 +0000
Processing by AppointmentsController#index as HTML
  Parameters: {"appointment"=>{}}
  [1m[36mAppointment Load (0.1ms)[0m  [1m[34mSELECT "appointments".* FROM "appointments" ORDER BY "appointments"."starts_at" ASC[0m
Processing by AppointmentTypesController#index as HTML
  ↳ app/controllers/appointments_controller.rb:8:in `index'
  Parameters: {"appointment_type"=>{}}
  [1m[36mAppointmentType Load (0.3ms)[0m  [1m[34mSELECT "appointment_types".* FROM "appointment_types" WHERE "appointment_types"."id" IN (?, ?)[0m  [["id", 3], ["id", 4]]
  [1m[36mAppointmentType Load (0.1ms)[0m  [1m[34mSELECT "appointment_types".* FROM "appointment_types"[0m
  ↳ app/controllers/appointments_controller.rb:8:in `index'
  ↳ app/controllers/appointment_types_controller.rb:8:in `index'
Completed 200 OK in 4ms (Views: 3.7ms | ActiveRecord: 0.4ms (2 queries, 0 cached) | GC: 0.2ms)


Completed 200 OK in 3ms (Views: 2.8ms | ActiveRecord: 0.1ms (1 query, 0 cached) | GC: 0.0ms)


Started GET "/appointment_types" for 192.168.65.1 at 2026-09-13 00:45:05 +0000
Started GET "/appointments" for 192.168.65.1 at 2026-09-13 00:45:05 +0000
Processing by AppointmentTypesController#index as HTML
  Parameters: {"appointment_type"=>{}}
Processing by AppointmentsController#index as HTML
  [1m[36mAppointmentType Load (0.0ms)[0m  [1m[34mSELECT "appointment_types".* FROM "appointment_types"[0m
  Parameters: {"appointment"=>{}}
  ↳ app/controllers/appointment_types_controller.rb:8:in `index'
  [1m[36mAppointment Load (0.1ms)[0m  [1m[34mSELECT "appointments".* FROM "appointments" ORDER BY "appointments"."starts_at" ASC[0m
Completed 200 OK in 1ms (Views: 1.2ms | ActiveRecord: 0.0ms (1 query, 0 cached) | GC: 0.0ms)


  ↳ app/controllers/appointments_controller.rb:8:in `index'
  [1m[36mAppointmentType Load (0.1ms)[0m  [1m[34mSELECT "appointment_types".* FROM "appointment_types" WHERE "appointment_types"."id" IN (?, ?)[0m  [["id", 3], ["id", 4]]
  ↳ app/controllers/appointments_controller.rb:8:in `index'
Completed 200 OK in 2ms (Views: 2.1ms | ActiveRecord: 0.1ms (2 queries, 0 cached) | GC: 0.0ms)


Started GET "/appointment_types" for 192.168.65.1 at 2026-09-13 00:45:10 +0000
Started GET "/appointments" for 192.168.65.1 at 2026-09-13 00:45:10 +0000
Processing by AppointmentTypesController#index as HTML
  Parameters: {"appointment_type"=>{}}
Processing by AppointmentsController#index as HTML
  [1m[36mAppointmentType Load (0.1ms)[0m  [1m[34mSELECT "appointment_types".* FROM "appointment_types"[0m
  Parameters: {"appointment"=>{}}
  ↳ app/controllers/appointment_types_controller.rb:8:in `index'
  [1m[36mAppointment Load (0.0ms)[0m  [1m[34mSELECT "appointments".* FROM "appointments" ORDER BY "appointments"."starts_at" ASC[0m
Completed 200 OK in 1ms (Views: 1.0ms | ActiveRecord: 0.1ms (1 query, 0 cached) | GC: 0.0ms)


  ↳ app/controllers/appointments_controller.rb:8:in `index'
  [1m[36mAppointmentType Load (0.1ms)[0m  [1m[34mSELECT "appointment_types".* FROM "appointment_types" WHERE "appointment_types"."id" IN (?, ?)[0m  [["id", 3], ["id", 4]]
  ↳ app/controllers/appointments_controller.rb:8:in `index'
Completed 200 OK in 2ms (Views: 2.1ms | ActiveRecord: 0.1ms (2 queries, 0 cached) | GC: 0.0ms)


Started GET "/appointments" for 192.168.65.1 at 2026-09-13 00:45:55 +0000
Started GET "/appointment_types" for 192.168.65.1 at 2026-09-13 00:45:55 +0000
Processing by AppointmentsController#index as HTML
  Parameters: {"appointment"=>{}}
Processing by AppointmentTypesController#index as HTML
  [1m[36mAppointment Load (0.1ms)[0m  [1m[34mSELECT "appointments".* FROM "appointments" ORDER BY "appointments"."starts_at" ASC[0m
  Parameters: {"appointment_type"=>{}}
  ↳ app/controllers/appointments_controller.rb:8:in `index'
  [1m[36mAppointmentType Load (0.0ms)[0m  [1m[34mSELECT "appointment_types".* FROM "appointment_types"[0m
  [1m[36mAppointmentType Load (0.1ms)[0m  [1m[34mSELECT "appointment_types".* FROM "appointment_types" WHERE "appointment_types"."id" IN (?, ?)[0m  [["id", 3], ["id", 4]]
  ↳ app/controllers/appointment_types_controller.rb:8:in `index'
  ↳ app/controllers/appointments_controller.rb:8:in `index'
Completed 200 OK in 2ms (Views: 1.6ms | ActiveRecord: 0.0ms (1 query, 0 cached) | GC: 0.0ms)


Completed 200 OK in 3ms (Views: 3.0ms | ActiveRecord: 0.1ms (2 queries, 0 cached) | GC: 0.0ms)


Started GET "/appointment_types" for 192.168.65.1 at 2026-09-13 00:46:12 +0000
Started GET "/appointments" for 192.168.65.1 at 2026-09-13 00:46:12 +0000
Processing by AppointmentTypesController#index as HTML
  Parameters: {"appointment_type"=>{}}
Processing by AppointmentsController#index as HTML
  [1m[36mAppointmentType Load (0.0ms)[0m  [1m[34mSELECT "appointment_types".* FROM "appointment_types"[0m
  Parameters: {"appointment"=>{}}
  ↳ app/controllers/appointment_types_controller.rb:8:in `index'
  [1m[36mAppointment Load (0.0ms)[0m  [1m[34mSELECT "appointments".* FROM "appointments" ORDER BY "appointments"."starts_at" ASC[0m
Completed 200 OK in 3ms (Views: 2.5ms | ActiveRecord: 0.0ms (1 query, 0 cached) | GC: 1.1ms)


  ↳ app/controllers/appointments_controller.rb:8:in `index'
  [1m[36mAppointmentType Load (0.1ms)[0m  [1m[34mSELECT "appointment_types".* FROM "appointment_types" WHERE "appointment_types"."id" IN (?, ?)[0m  [["id", 3], ["id", 4]]
  ↳ app/controllers/appointments_controller.rb:8:in `index'
Completed 200 OK in 4ms (Views: 2.3ms | ActiveRecord: 0.1ms (2 queries, 0 cached) | GC: 1.1ms)


Started GET "/appointments" for 192.168.65.1 at 2026-09-13 00:46:21 +0000
Started GET "/appointment_types" for 192.168.65.1 at 2026-09-13 00:46:21 +0000
Processing by AppointmentsController#index as HTML
  Parameters: {"appointment"=>{}}
Processing by AppointmentTypesController#index as HTML
  [1m[36mAppointment Load (0.1ms)[0m  [1m[34mSELECT "appointments".* FROM "appointments" ORDER BY "appointments"."starts_at" ASC[0m
  Parameters: {"appointment_type"=>{}}
  ↳ app/controllers/appointments_controller.rb:8:in `index'
  [1m[36mAppointmentType Load (0.0ms)[0m  [1m[34mSELECT "appointment_types".* FROM "appointment_types"[0m
  [1m[36mAppointmentType Load (0.1ms)[0m  [1m[34mSELECT "appointment_types".* FROM "appointment_types" WHERE "appointment_types"."id" IN (?, ?)[0m  [["id", 3], ["id", 4]]
  ↳ app/controllers/appointment_types_controller.rb:8:in `index'
  ↳ app/controllers/appointments_controller.rb:8:in `index'
Completed 200 OK in 2ms (Views: 2.0ms | ActiveRecord: 0.0ms (1 query, 0 cached) | GC: 0.4ms)


Completed 200 OK in 4ms (Views: 3.3ms | ActiveRecord: 0.2ms (2 queries, 0 cached) | GC: 0.4ms)


Started GET "/appointment_types" for 192.168.65.1 at 2026-09-13 00:47:30 +0000
Started GET "/appointments" for 192.168.65.1 at 2026-09-13 00:47:30 +0000
Processing by AppointmentTypesController#index as HTML
  Parameters: {"appointment_type"=>{}}
Processing by AppointmentsController#index as HTML
  [1m[36mAppointmentType Load (0.0ms)[0m  [1m[34mSELECT "appointment_types".* FROM "appointment_types"[0m
  Parameters: {"appointment"=>{}}
  ↳ app/controllers/appointment_types_controller.rb:8:in `index'
  [1m[36mAppointment Load (0.1ms)[0m  [1m[34mSELECT "appointments".* FROM "appointments" ORDER BY "appointments"."starts_at" ASC[0m
Completed 200 OK in 2ms (Views: 1.5ms | ActiveRecord: 0.0ms (1 query, 0 cached) | GC: 0.0ms)


  ↳ app/controllers/appointments_controller.rb:8:in `index'
  [1m[36mAppointmentType Load (0.1ms)[0m  [1m[34mSELECT "appointment_types".* FROM "appointment_types" WHERE "appointment_types"."id" IN (?, ?)[0m  [["id", 3], ["id", 4]]
  ↳ app/controllers/appointments_controller.rb:8:in `index'
Completed 200 OK in 3ms (Views: 2.6ms | ActiveRecord: 0.2ms (2 queries, 0 cached) | GC: 0.4ms)


Started GET "/appointments" for 192.168.65.1 at 2026-09-13 00:47:58 +0000
Started GET "/appointment_types" for 192.168.65.1 at 2026-09-13 00:47:58 +0000
Processing by AppointmentsController#index as HTML
  Parameters: {"appointment"=>{}}
  [1m[36mAppointment Load (0.1ms)[0m  [1m[34mSELECT "appointments".* FROM "appointments" ORDER BY "appointments"."starts_at" ASC[0m
  ↳ app/controllers/appointments_controller.rb:8:in `index'
  [1m[36mAppointmentType Load (0.1ms)[0m  [1m[34mSELECT "appointment_types".* FROM "appointment_types" WHERE "appointment_types"."id" IN (?, ?)[0m  [["id", 3], ["id", 4]]
  ↳ app/controllers/appointments_controller.rb:8:in `index'
Completed 200 OK in 2ms (Views: 1.8ms | ActiveRecord: 0.2ms (2 queries, 0 cached) | GC: 0.0ms)


Processing by AppointmentTypesController#index as HTML
  Parameters: {"appointment_type"=>{}}
  [1m[36mAppointmentType Load (0.1ms)[0m  [1m[34mSELECT "appointment_types".* FROM "appointment_types"[0m
  ↳ app/controllers/appointment_types_controller.rb:8:in `index'
Completed 200 OK in 1ms (Views: 0.7ms | ActiveRecord: 0.1ms (1 query, 0 cached) | GC: 0.0ms)


Started GET "/appointment_types" for 192.168.65.1 at 2026-09-13 00:48:13 +0000
Started GET "/appointments" for 192.168.65.1 at 2026-09-13 00:48:13 +0000
Processing by AppointmentTypesController#index as HTML
  Parameters: {"appointment_type"=>{}}
  [1m[36mAppointmentType Load (0.2ms)[0m  [1m[34mSELECT "appointment_types".* FROM "appointment_types"[0m
  ↳ app/controllers/appointment_types_controller.rb:8:in `index'
Completed 200 OK in 2ms (Views: 1.7ms | ActiveRecord: 0.1ms (1 query, 0 cached) | GC: 0.0ms)


Processing by AppointmentsController#index as HTML
  Parameters: {"appointment"=>{}}
  [1m[36mAppointment Load (0.1ms)[0m  [1m[34mSELECT "appointments".* FROM "appointments" ORDER BY "appointments"."starts_at" ASC[0m
  ↳ app/controllers/appointments_controller.rb:8:in `index'
  [1m[36mAppointmentType Load (0.1ms)[0m  [1m[34mSELECT "appointment_types".* FROM "appointment_types" WHERE "appointment_types"."id" IN (?, ?)[0m  [["id", 3], ["id", 4]]
  ↳ app/controllers/appointments_controller.rb:8:in `index'
Completed 200 OK in 3ms (Views: 2.5ms | ActiveRecord: 0.2ms (2 queries, 0 cached) | GC: 0.2ms)


Started GET "/appointment_types" for 192.168.65.1 at 2026-09-13 00:48:15 +0000
Started GET "/appointments" for 192.168.65.1 at 2026-09-13 00:48:15 +0000
Processing by AppointmentsController#index as HTML
  Parameters: {"appointment"=>{}}
Processing by AppointmentTypesController#index as HTML
  [1m[36mAppointment Load (0.1ms)[0m  [1m[34mSELECT "appointments".* FROM "appointments" ORDER BY "appointments"."starts_at" ASC[0m
  Parameters: {"appointment_type"=>{}}
  ↳ app/controllers/appointments_controller.rb:8:in `index'
  [1m[36mAppointmentType Load (0.0ms)[0m  [1m[34mSELECT "appointment_types".* FROM "appointment_types"[0m
  [1m[36mAppointmentType Load (0.1ms)[0m  [1m[34mSELECT "appointment_types".* FROM "appointment_types" WHERE "appointment_types"."id" IN (?, ?)[0m  [["id", 3], ["id", 4]]
  ↳ app/controllers/appointment_types_controller.rb:8:in `index'
  ↳ app/controllers/appointments_controller.rb:8:in `index'
Completed 200 OK in 2ms (Views: 2.2ms | ActiveRecord: 0.0ms (1 query, 0 cached) | GC: 0.0ms)


Completed 200 OK in 4ms (Views: 3.9ms | ActiveRecord: 0.2ms (2 queries, 0 cached) | GC: 0.0ms)


Started GET "/appointments" for 192.168.65.1 at 2026-09-13 00:48:16 +0000
Started GET "/appointment_types" for 192.168.65.1 at 2026-09-13 00:48:16 +0000
Processing by AppointmentsController#index as HTML
  Parameters: {"appointment"=>{}}
Processing by AppointmentTypesController#index as HTML
  [1m[36mAppointment Load (0.2ms)[0m  [1m[34mSELECT "appointments".* FROM "appointments" ORDER BY "appointments"."starts_at" ASC[0m
  Parameters: {"appointment_type"=>{}}
  ↳ app/controllers/appointments_controller.rb:8:in `index'
  [1m[36mAppointmentType Load (0.1ms)[0m  [1m[34mSELECT "appointment_types".* FROM "appointment_types"[0m
  [1m[36mAppointmentType Load (0.2ms)[0m  [1m[34mSELECT "appointment_types".* FROM "appointment_types" WHERE "appointment_types"."id" IN (?, ?)[0m  [["id", 3], ["id", 4]]
  ↳ app/controllers/appointment_types_controller.rb:8:in `index'
  ↳ app/controllers/appointments_controller.rb:8:in `index'
Completed 200 OK in 3ms (Views: 2.7ms | ActiveRecord: 0.1ms (1 query, 0 cached) | GC: 0.0ms)


Completed 200 OK in 5ms (Views: 4.7ms | ActiveRecord: 0.3ms (2 queries, 0 cached) | GC: 0.0ms)


Started GET "/appointment_types" for 192.168.65.1 at 2026-09-13 00:48:18 +0000
Processing by AppointmentTypesController#index as HTML
  Parameters: {"appointment_type"=>{}}
  [1m[36mAppointmentType Load (0.1ms)[0m  [1m[34mSELECT "appointment_types".* FROM "appointment_types"[0m
  ↳ app/controllers/appointment_types_controller.rb:8:in `index'
Completed 200 OK in 2ms (Views: 1.4ms | ActiveRecord: 0.1ms (1 query, 0 cached) | GC: 0.0ms)


Started GET "/appointments" for 192.168.65.1 at 2026-09-13 00:48:18 +0000
Started GET "/appointment_types" for 192.168.65.1 at 2026-09-13 00:48:18 +0000
Processing by AppointmentTypesController#index as HTML
  Parameters: {"appointment_type"=>{}}
  [1m[36mAppointmentType Load (0.0ms)[0m  [1m[34mSELECT "appointment_types".* FROM "appointment_types"[0m
Processing by AppointmentsController#index as HTML
  ↳ app/controllers/appointment_types_controller.rb:8:in `index'
  Parameters: {"appointment"=>{}}
Completed 200 OK in 1ms (Views: 1.3ms | ActiveRecord: 0.0ms (1 query, 0 cached) | GC: 0.0ms)


  [1m[36mAppointment Load (0.0ms)[0m  [1m[34mSELECT "appointments".* FROM "appointments" ORDER BY "appointments"."starts_at" ASC[0m
  ↳ app/controllers/appointments_controller.rb:8:in `index'
  [1m[36mAppointmentType Load (0.1ms)[0m  [1m[34mSELECT "appointment_types".* FROM "appointment_types" WHERE "appointment_types"."id" IN (?, ?)[0m  [["id", 3], ["id", 4]]
  ↳ app/controllers/appointments_controller.rb:8:in `index'
Completed 200 OK in 2ms (Views: 1.8ms | ActiveRecord: 0.1ms (2 queries, 0 cached) | GC: 0.0ms)


Started GET "/appointment_types" for 192.168.65.1 at 2026-09-13 00:48:33 +0000
Processing by AppointmentTypesController#index as HTML
  Parameters: {"appointment_type"=>{}}
  [1m[36mAppointmentType Load (0.1ms)[0m  [1m[34mSELECT "appointment_types".* FROM "appointment_types"[0m
  ↳ app/controllers/appointment_types_controller.rb:8:in `index'
Completed 200 OK in 1ms (Views: 1.2ms | ActiveRecord: 0.1ms (1 query, 0 cached) | GC: 0.0ms)


Started PATCH "/appointment_types/4" for 192.168.65.1 at 2026-09-13 00:48:42 +0000
Processing by AppointmentTypesController#update as HTML
  Parameters: {"appointment_type"=>{"name"=>"testing 1", "color"=>"#ff0000"}, "id"=>"4"}
  [1m[36mAppointmentType Load (0.1ms)[0m  [1m[34mSELECT "appointment_types".* FROM "appointment_types" WHERE "appointment_types"."id" = ? LIMIT ?[0m  [["id", 4], ["LIMIT", 1]]
  ↳ app/controllers/appointment_types_controller.rb:44:in `set_appointment_type'
  [1m[36mTRANSACTION (0.1ms)[0m  [1m[36mbegin transaction[0m
  ↳ app/controllers/appointment_types_controller.rb:29:in `update'
  [1m[36mAppointmentType Update (1.0ms)[0m  [1m[33mUPDATE "appointment_types" SET "updated_at" = ?, "color" = ? WHERE "appointment_types"."id" = ?[0m  [["updated_at", "2026-09-13 00:48:42.754792"], ["color", "#ff0000"], ["id", 4]]
  ↳ app/controllers/appointment_types_controller.rb:29:in `update'
  [1m[36mTRANSACTION (0.6ms)[0m  [1m[36mcommit transaction[0m
  ↳ app/controllers/appointment_types_controller.rb:29:in `update'
Completed 200 OK in 21ms (Views: 0.6ms | ActiveRecord: 1.7ms (2 queries, 0 cached) | GC: 0.0ms)


Started GET "/appointment_types" for 192.168.65.1 at 2026-09-13 00:48:44 +0000
Started GET "/appointments" for 192.168.65.1 at 2026-09-13 00:48:44 +0000
Processing by AppointmentsController#index as HTML
  Parameters: {"appointment"=>{}}
  [1m[36mAppointment Load (0.1ms)[0m  [1m[34mSELECT "appointments".* FROM "appointments" ORDER BY "appointments"."starts_at" ASC[0m
Processing by AppointmentTypesController#index as HTML
  ↳ app/controllers/appointments_controller.rb:8:in `index'
  Parameters: {"appointment_type"=>{}}
  [1m[36mAppointmentType Load (0.2ms)[0m  [1m[34mSELECT "appointment_types".* FROM "appointment_types" WHERE "appointment_types"."id" IN (?, ?)[0m  [["id", 3], ["id", 4]]
  [1m[36mAppointmentType Load (0.1ms)[0m  [1m[34mSELECT "appointment_types".* FROM "appointment_types"[0m
  ↳ app/controllers/appointments_controller.rb:8:in `index'
  ↳ app/controllers/appointment_types_controller.rb:8:in `index'
Completed 200 OK in 5ms (Views: 4.5ms | ActiveRecord: 0.3ms (2 queries, 0 cached) | GC: 0.0ms)


Completed 200 OK in 3ms (Views: 2.4ms | ActiveRecord: 0.1ms (1 query, 0 cached) | GC: 0.0ms)


Started GET "/appointments" for 192.168.65.1 at 2026-09-13 00:48:53 +0000
Started GET "/appointment_types" for 192.168.65.1 at 2026-09-13 00:48:53 +0000
Processing by AppointmentsController#index as HTML
  Parameters: {"appointment"=>{}}
Processing by AppointmentTypesController#index as HTML
  [1m[36mAppointment Load (0.1ms)[0m  [1m[34mSELECT "appointments".* FROM "appointments" ORDER BY "appointments"."starts_at" ASC[0m
  Parameters: {"appointment_type"=>{}}
  ↳ app/controllers/appointments_controller.rb:8:in `index'
  [1m[36mAppointmentType Load (0.1ms)[0m  [1m[34mSELECT "appointment_types".* FROM "appointment_types"[0m
  [1m[36mAppointmentType Load (0.1ms)[0m  [1m[34mSELECT "appointment_types".* FROM "appointment_types" WHERE "appointment_types"."id" IN (?, ?)[0m  [["id", 3], ["id", 4]]
  ↳ app/controllers/appointment_types_controller.rb:8:in `index'
  ↳ app/controllers/appointments_controller.rb:8:in `index'
Completed 200 OK in 3ms (Views: 2.7ms | ActiveRecord: 0.1ms (1 query, 0 cached) | GC: 0.0ms)


Completed 200 OK in 5ms (Views: 4.5ms | ActiveRecord: 0.2ms (2 queries, 0 cached) | GC: 0.3ms)


Started GET "/appointment_types" for 192.168.65.1 at 2026-09-13 00:51:51 +0000
Started GET "/appointments" for 192.168.65.1 at 2026-09-13 00:51:51 +0000
Processing by AppointmentTypesController#index as HTML
  Parameters: {"appointment_type"=>{}}
Processing by AppointmentsController#index as HTML
  [1m[36mAppointmentType Load (0.1ms)[0m  [1m[34mSELECT "appointment_types".* FROM "appointment_types"[0m
  Parameters: {"appointment"=>{}}
  ↳ app/controllers/appointment_types_controller.rb:8:in `index'
  [1m[36mAppointment Load (0.1ms)[0m  [1m[34mSELECT "appointments".* FROM "appointments" ORDER BY "appointments"."starts_at" ASC[0m
Completed 200 OK in 2ms (Views: 2.1ms | ActiveRecord: 0.1ms (1 query, 0 cached) | GC: 0.0ms)


  ↳ app/controllers/appointments_controller.rb:8:in `index'
  [1m[36mAppointmentType Load (0.1ms)[0m  [1m[34mSELECT "appointment_types".* FROM "appointment_types" WHERE "appointment_types"."id" IN (?, ?)[0m  [["id", 3], ["id", 4]]
  ↳ app/controllers/appointments_controller.rb:8:in `index'
Completed 200 OK in 3ms (Views: 3.2ms | ActiveRecord: 0.2ms (2 queries, 0 cached) | GC: 0.1ms)


Started GET "/appointment_types" for 192.168.65.1 at 2026-09-13 00:51:51 +0000
Started GET "/appointments" for 192.168.65.1 at 2026-09-13 00:51:51 +0000
Processing by AppointmentTypesController#index as HTML
  Parameters: {"appointment_type"=>{}}
  [1m[36mAppointmentType Load (0.1ms)[0m  [1m[34mSELECT "appointment_types".* FROM "appointment_types"[0m
  ↳ app/controllers/appointment_types_controller.rb:8:in `index'
Completed 200 OK in 1ms (Views: 1.2ms | ActiveRecord: 0.1ms (1 query, 0 cached) | GC: 0.0ms)


Processing by AppointmentsController#index as HTML
  Parameters: {"appointment"=>{}}
  [1m[36mAppointment Load (0.0ms)[0m  [1m[34mSELECT "appointments".* FROM "appointments" ORDER BY "appointments"."starts_at" ASC[0m
  ↳ app/controllers/appointments_controller.rb:8:in `index'
  [1m[36mAppointmentType Load (0.1ms)[0m  [1m[34mSELECT "appointment_types".* FROM "appointment_types" WHERE "appointment_types"."id" IN (?, ?)[0m  [["id", 3], ["id", 4]]
  ↳ app/controllers/appointments_controller.rb:8:in `index'
Completed 200 OK in 2ms (Views: 2.1ms | ActiveRecord: 0.2ms (2 queries, 0 cached) | GC: 0.0ms)


Started GET "/appointments" for 192.168.65.1 at 2026-09-13 00:51:53 +0000
Started GET "/appointment_types" for 192.168.65.1 at 2026-09-13 00:51:53 +0000
Processing by AppointmentsController#index as HTML
  Parameters: {"appointment"=>{}}
  [1m[36mAppointment Load (0.1ms)[0m  [1m[34mSELECT "appointments".* FROM "appointments" ORDER BY "appointments"."starts_at" ASC[0m
  ↳ app/controllers/appointments_controller.rb:8:in `index'
  [1m[36mAppointmentType Load (0.2ms)[0m  [1m[34mSELECT "appointment_types".* FROM "appointment_types" WHERE "appointment_types"."id" IN (?, ?)[0m  [["id", 3], ["id", 4]]
  ↳ app/controllers/appointments_controller.rb:8:in `index'
Completed 200 OK in 4ms (Views: 3.8ms | ActiveRecord: 0.3ms (2 queries, 0 cached) | GC: 0.0ms)


Processing by AppointmentTypesController#index as HTML
  Parameters: {"appointment_type"=>{}}
  [1m[36mAppointmentType Load (0.1ms)[0m  [1m[34mSELECT "appointment_types".* FROM "appointment_types"[0m
  ↳ app/controllers/appointment_types_controller.rb:8:in `index'
Completed 200 OK in 1ms (Views: 1.1ms | ActiveRecord: 0.1ms (1 query, 0 cached) | GC: 0.0ms)


Started GET "/appointment_types" for 192.168.65.1 at 2026-09-13 00:51:53 +0000
Started GET "/appointments" for 192.168.65.1 at 2026-09-13 00:51:53 +0000
Processing by AppointmentTypesController#index as HTML
  Parameters: {"appointment_type"=>{}}
  [1m[36mAppointmentType Load (0.0ms)[0m  [1m[34mSELECT "appointment_types".* FROM "appointment_types"[0m
  ↳ app/controllers/appointment_types_controller.rb:8:in `index'
Completed 200 OK in 2ms (Views: 2.2ms | ActiveRecord: 0.0ms (1 query, 0 cached) | GC: 1.3ms)


Processing by AppointmentsController#index as HTML
  Parameters: {"appointment"=>{}}
  [1m[36mAppointment Load (0.0ms)[0m  [1m[34mSELECT "appointments".* FROM "appointments" ORDER BY "appointments"."starts_at" ASC[0m
  ↳ app/controllers/appointments_controller.rb:8:in `index'
  [1m[36mAppointmentType Load (0.1ms)[0m  [1m[34mSELECT "appointment_types".* FROM "appointment_types" WHERE "appointment_types"."id" IN (?, ?)[0m  [["id", 3], ["id", 4]]
  ↳ app/controllers/appointments_controller.rb:8:in `index'
Completed 200 OK in 2ms (Views: 1.6ms | ActiveRecord: 0.1ms (2 queries, 0 cached) | GC: 0.0ms)


Started GET "/appointments" for 192.168.65.1 at 2026-09-13 00:52:26 +0000
Started GET "/appointment_types" for 192.168.65.1 at 2026-09-13 00:52:26 +0000
Processing by AppointmentsController#index as HTML
  Parameters: {"appointment"=>{}}
Processing by AppointmentTypesController#index as HTML
  [1m[36mAppointment Load (0.1ms)[0m  [1m[34mSELECT "appointments".* FROM "appointments" ORDER BY "appointments"."starts_at" ASC[0m
  Parameters: {"appointment_type"=>{}}
  ↳ app/controllers/appointments_controller.rb:8:in `index'
  [1m[36mAppointmentType Load (0.1ms)[0m  [1m[34mSELECT "appointment_types".* FROM "appointment_types"[0m
  [1m[36mAppointmentType Load (0.2ms)[0m  [1m[34mSELECT "appointment_types".* FROM "appointment_types" WHERE "appointment_types"."id" IN (?, ?)[0m  [["id", 3], ["id", 4]]
  ↳ app/controllers/appointment_types_controller.rb:8:in `index'
  ↳ app/controllers/appointments_controller.rb:8:in `index'
Completed 200 OK in 4ms (Views: 3.6ms | ActiveRecord: 0.1ms (1 query, 0 cached) | GC: 1.0ms)


Completed 200 OK in 6ms (Views: 5.8ms | ActiveRecord: 0.3ms (2 queries, 0 cached) | GC: 1.0ms)


Started GET "/appointments" for 192.168.65.1 at 2026-09-13 00:52:28 +0000
Started GET "/appointment_types" for 192.168.65.1 at 2026-09-13 00:52:28 +0000
Processing by AppointmentTypesController#index as HTML
  Parameters: {"appointment_type"=>{}}
Processing by AppointmentsController#index as HTML
  [1m[36mAppointmentType Load (0.1ms)[0m  [1m[34mSELECT "appointment_types".* FROM "appointment_types"[0m
  Parameters: {"appointment"=>{}}
  ↳ app/controllers/appointment_types_controller.rb:8:in `index'
  [1m[36mAppointment Load (0.1ms)[0m  [1m[34mSELECT "appointments".* FROM "appointments" ORDER BY "appointments"."starts_at" ASC[0m
Completed 200 OK in 2ms (Views: 2.1ms | ActiveRecord: 0.1ms (1 query, 0 cached) | GC: 0.0ms)


  ↳ app/controllers/appointments_controller.rb:8:in `index'
  [1m[36mAppointmentType Load (0.2ms)[0m  [1m[34mSELECT "appointment_types".* FROM "appointment_types" WHERE "appointment_types"."id" IN (?, ?)[0m  [["id", 3], ["id", 4]]
  ↳ app/controllers/appointments_controller.rb:8:in `index'
Completed 200 OK in 5ms (Views: 4.4ms | ActiveRecord: 0.3ms (2 queries, 0 cached) | GC: 0.8ms)


Started GET "/appointments" for 192.168.65.1 at 2026-09-13 00:52:29 +0000
Started GET "/appointment_types" for 192.168.65.1 at 2026-09-13 00:52:29 +0000
Processing by AppointmentTypesController#index as HTML
  Parameters: {"appointment_type"=>{}}
  [1m[36mAppointmentType Load (0.1ms)[0m  [1m[34mSELECT "appointment_types".* FROM "appointment_types"[0m
Processing by AppointmentsController#index as HTML
  ↳ app/controllers/appointment_types_controller.rb:8:in `index'
  Parameters: {"appointment"=>{}}
Completed 200 OK in 3ms (Views: 2.3ms | ActiveRecord: 0.1ms (1 query, 0 cached) | GC: 0.0ms)


  [1m[36mAppointment Load (0.1ms)[0m  [1m[34mSELECT "appointments".* FROM "appointments" ORDER BY "appointments"."starts_at" ASC[0m
  ↳ app/controllers/appointments_controller.rb:8:in `index'
  [1m[36mAppointmentType Load (0.2ms)[0m  [1m[34mSELECT "appointment_types".* FROM "appointment_types" WHERE "appointment_types"."id" IN (?, ?)[0m  [["id", 3], ["id", 4]]
  ↳ app/controllers/appointments_controller.rb:8:in `index'
Completed 200 OK in 4ms (Views: 3.6ms | ActiveRecord: 0.3ms (2 queries, 0 cached) | GC: 0.4ms)


Started GET "/appointment_types" for 192.168.65.1 at 2026-09-13 00:52:30 +0000
Processing by AppointmentTypesController#index as HTML
  Parameters: {"appointment_type"=>{}}
  [1m[36mAppointmentType Load (0.1ms)[0m  [1m[34mSELECT "appointment_types".* FROM "appointment_types"[0m
  ↳ app/controllers/appointment_types_controller.rb:8:in `index'
Completed 200 OK in 2ms (Views: 1.6ms | ActiveRecord: 0.1ms (1 query, 0 cached) | GC: 0.0ms)


Started GET "/appointment_types" for 192.168.65.1 at 2026-09-13 00:55:01 +0000
Started GET "/appointments" for 192.168.65.1 at 2026-09-13 00:55:01 +0000
Processing by AppointmentTypesController#index as HTML
  Parameters: {"appointment_type"=>{}}
Processing by AppointmentsController#index as HTML
  [1m[36mAppointmentType Load (0.1ms)[0m  [1m[34mSELECT "appointment_types".* FROM "appointment_types"[0m
  Parameters: {"appointment"=>{}}
  ↳ app/controllers/appointment_types_controller.rb:8:in `index'
  [1m[36mAppointment Load (0.1ms)[0m  [1m[34mSELECT "appointments".* FROM "appointments" ORDER BY "appointments"."starts_at" ASC[0m
Completed 200 OK in 2ms (Views: 2.0ms | ActiveRecord: 0.1ms (1 query, 0 cached) | GC: 0.0ms)


  ↳ app/controllers/appointments_controller.rb:8:in `index'
  [1m[36mAppointmentType Load (0.1ms)[0m  [1m[34mSELECT "appointment_types".* FROM "appointment_types" WHERE "appointment_types"."id" IN (?, ?)[0m  [["id", 3], ["id", 4]]
  ↳ app/controllers/appointments_controller.rb:8:in `index'
Completed 200 OK in 4ms (Views: 3.4ms | ActiveRecord: 0.2ms (2 queries, 0 cached) | GC: 0.0ms)


Started GET "/appointment_types" for 192.168.65.1 at 2026-09-13 00:55:51 +0000
Started GET "/appointments" for 192.168.65.1 at 2026-09-13 00:55:51 +0000
Processing by AppointmentsController#index as HTML
  Parameters: {"appointment"=>{}}
Processing by AppointmentTypesController#index as HTML
  [1m[36mAppointment Load (0.1ms)[0m  [1m[34mSELECT "appointments".* FROM "appointments" ORDER BY "appointments"."starts_at" ASC[0m
  Parameters: {"appointment_type"=>{}}
  ↳ app/controllers/appointments_controller.rb:8:in `index'
  [1m[36mAppointmentType Load (0.1ms)[0m  [1m[34mSELECT "appointment_types".* FROM "appointment_types"[0m
  [1m[36mAppointmentType Load (0.1ms)[0m  [1m[34mSELECT "appointment_types".* FROM "appointment_types" WHERE "appointment_types"."id" IN (?, ?)[0m  [["id", 3], ["id", 4]]
  ↳ app/controllers/appointment_types_controller.rb:8:in `index'
  ↳ app/controllers/appointments_controller.rb:8:in `index'
Completed 200 OK in 2ms (Views: 2.3ms | ActiveRecord: 0.0ms (1 query, 0 cached) | GC: 0.0ms)


Completed 200 OK in 5ms (Views: 4.2ms | ActiveRecord: 0.2ms (2 queries, 0 cached) | GC: 0.0ms)


Started GET "/appointment_types" for 192.168.65.1 at 2026-09-13 00:56:07 +0000
Started GET "/appointments" for 192.168.65.1 at 2026-09-13 00:56:07 +0000
Processing by AppointmentTypesController#index as HTML
  Parameters: {"appointment_type"=>{}}
Processing by AppointmentsController#index as HTML
  [1m[36mAppointmentType Load (0.1ms)[0m  [1m[34mSELECT "appointment_types".* FROM "appointment_types"[0m
  Parameters: {"appointment"=>{}}
  ↳ app/controllers/appointment_types_controller.rb:8:in `index'
  [1m[36mAppointment Load (0.1ms)[0m  [1m[34mSELECT "appointments".* FROM "appointments" ORDER BY "appointments"."starts_at" ASC[0m
Completed 200 OK in 2ms (Views: 2.1ms | ActiveRecord: 0.1ms (1 query, 0 cached) | GC: 0.0ms)


  ↳ app/controllers/appointments_controller.rb:8:in `index'
  [1m[36mAppointmentType Load (0.1ms)[0m  [1m[34mSELECT "appointment_types".* FROM "appointment_types" WHERE "appointment_types"."id" IN (?, ?)[0m  [["id", 3], ["id", 4]]
  ↳ app/controllers/appointments_controller.rb:8:in `index'
Completed 200 OK in 4ms (Views: 3.7ms | ActiveRecord: 0.2ms (2 queries, 0 cached) | GC: 0.0ms)


Started GET "/appointments" for 192.168.65.1 at 2026-09-13 00:56:13 +0000
Started GET "/appointment_types" for 192.168.65.1 at 2026-09-13 00:56:13 +0000
Processing by AppointmentTypesController#index as HTML
  Parameters: {"appointment_type"=>{}}
Processing by AppointmentsController#index as HTML
  [1m[36mAppointmentType Load (0.1ms)[0m  [1m[34mSELECT "appointment_types".* FROM "appointment_types"[0m
  Parameters: {"appointment"=>{}}
  ↳ app/controllers/appointment_types_controller.rb:8:in `index'
  [1m[36mAppointment Load (0.1ms)[0m  [1m[34mSELECT "appointments".* FROM "appointments" ORDER BY "appointments"."starts_at" ASC[0m
Completed 200 OK in 3ms (Views: 2.2ms | ActiveRecord: 0.1ms (1 query, 0 cached) | GC: 0.0ms)


  ↳ app/controllers/appointments_controller.rb:8:in `index'
  [1m[36mAppointmentType Load (0.2ms)[0m  [1m[34mSELECT "appointment_types".* FROM "appointment_types" WHERE "appointment_types"."id" IN (?, ?)[0m  [["id", 3], ["id", 4]]
  ↳ app/controllers/appointments_controller.rb:8:in `index'
Completed 200 OK in 4ms (Views: 3.6ms | ActiveRecord: 0.2ms (2 queries, 0 cached) | GC: 0.0ms)


Started GET "/appointments" for 192.168.65.1 at 2026-09-13 00:56:47 +0000
Started GET "/appointment_types" for 192.168.65.1 at 2026-09-13 00:56:47 +0000
Processing by AppointmentsController#index as HTML
  Parameters: {"appointment"=>{}}
Processing by AppointmentTypesController#index as HTML
  [1m[36mAppointment Load (0.1ms)[0m  [1m[34mSELECT "appointments".* FROM "appointments" ORDER BY "appointments"."starts_at" ASC[0m
  Parameters: {"appointment_type"=>{}}
  ↳ app/controllers/appointments_controller.rb:8:in `index'
  [1m[36mAppointmentType Load (0.0ms)[0m  [1m[34mSELECT "appointment_types".* FROM "appointment_types"[0m
  [1m[36mAppointmentType Load (0.1ms)[0m  [1m[34mSELECT "appointment_types".* FROM "appointment_types" WHERE "appointment_types"."id" IN (?, ?)[0m  [["id", 3], ["id", 4]]
  ↳ app/controllers/appointment_types_controller.rb:8:in `index'
  ↳ app/controllers/appointments_controller.rb:8:in `index'
Completed 200 OK in 2ms (Views: 2.3ms | ActiveRecord: 0.0ms (1 query, 0 cached) | GC: 0.0ms)


Completed 200 OK in 5ms (Views: 4.7ms | ActiveRecord: 0.2ms (2 queries, 0 cached) | GC: 0.7ms)


Started GET "/appointments" for 192.168.65.1 at 2026-09-13 00:56:49 +0000
Started GET "/appointment_types" for 192.168.65.1 at 2026-09-13 00:56:49 +0000
Processing by AppointmentsController#index as HTML
  Parameters: {"appointment"=>{}}
Processing by AppointmentTypesController#index as HTML
  [1m[36mAppointment Load (0.1ms)[0m  [1m[34mSELECT "appointments".* FROM "appointments" ORDER BY "appointments"."starts_at" ASC[0m
  Parameters: {"appointment_type"=>{}}
  ↳ app/controllers/appointments_controller.rb:8:in `index'
  [1m[36mAppointmentType Load (0.1ms)[0m  [1m[34mSELECT "appointment_types".* FROM "appointment_types"[0m
  [1m[36mAppointmentType Load (0.2ms)[0m  [1m[34mSELECT "appointment_types".* FROM "appointment_types" WHERE "appointment_types"."id" IN (?, ?)[0m  [["id", 3], ["id", 4]]
  ↳ app/controllers/appointment_types_controller.rb:8:in `index'
  ↳ app/controllers/appointments_controller.rb:8:in `index'
Completed 200 OK in 3ms (Views: 2.5ms | ActiveRecord: 0.1ms (1 query, 0 cached) | GC: 0.6ms)


Completed 200 OK in 5ms (Views: 4.8ms | ActiveRecord: 0.3ms (2 queries, 0 cached) | GC: 0.6ms)


Started GET "/appointments" for 192.168.65.1 at 2026-09-13 00:56:51 +0000
Started GET "/appointment_types" for 192.168.65.1 at 2026-09-13 00:56:51 +0000
Processing by AppointmentsController#index as HTML
  Parameters: {"appointment"=>{}}
Processing by AppointmentTypesController#index as HTML
  [1m[36mAppointment Load (0.1ms)[0m  [1m[34mSELECT "appointments".* FROM "appointments" ORDER BY "appointments"."starts_at" ASC[0m
  Parameters: {"appointment_type"=>{}}
  ↳ app/controllers/appointments_controller.rb:8:in `index'
  [1m[36mAppointmentType Load (0.1ms)[0m  [1m[34mSELECT "appointment_types".* FROM "appointment_types"[0m
  [1m[36mAppointmentType Load (0.1ms)[0m  [1m[34mSELECT "appointment_types".* FROM "appointment_types" WHERE "appointment_types"."id" IN (?, ?)[0m  [["id", 3], ["id", 4]]
  ↳ app/controllers/appointment_types_controller.rb:8:in `index'
  ↳ app/controllers/appointments_controller.rb:8:in `index'
Completed 200 OK in 3ms (Views: 2.5ms | ActiveRecord: 0.1ms (1 query, 0 cached) | GC: 0.3ms)


Completed 200 OK in 5ms (Views: 4.6ms | ActiveRecord: 0.2ms (2 queries, 0 cached) | GC: 0.3ms)


Started GET "/appointment_types" for 192.168.65.1 at 2026-09-13 00:57:20 +0000
Started GET "/appointments" for 192.168.65.1 at 2026-09-13 00:57:20 +0000
Processing by AppointmentTypesController#index as HTML
  Parameters: {"appointment_type"=>{}}
Processing by AppointmentsController#index as HTML
  [1m[36mAppointmentType Load (0.0ms)[0m  [1m[34mSELECT "appointment_types".* FROM "appointment_types"[0m
  Parameters: {"appointment"=>{}}
  ↳ app/controllers/appointment_types_controller.rb:8:in `index'
  [1m[36mAppointment Load (0.0ms)[0m  [1m[34mSELECT "appointments".* FROM "appointments" ORDER BY "appointments"."starts_at" ASC[0m
Completed 200 OK in 2ms (Views: 1.6ms | ActiveRecord: 0.0ms (1 query, 0 cached) | GC: 0.0ms)


  ↳ app/controllers/appointments_controller.rb:8:in `index'
  [1m[36mAppointmentType Load (0.1ms)[0m  [1m[34mSELECT "appointment_types".* FROM "appointment_types" WHERE "appointment_types"."id" IN (?, ?)[0m  [["id", 3], ["id", 4]]
  ↳ app/controllers/appointments_controller.rb:8:in `index'
Completed 200 OK in 3ms (Views: 2.5ms | ActiveRecord: 0.1ms (2 queries, 0 cached) | GC: 0.2ms)


Started GET "/appointments" for 192.168.65.1 at 2026-09-13 00:58:01 +0000
Started GET "/appointment_types" for 192.168.65.1 at 2026-09-13 00:58:01 +0000
Processing by AppointmentsController#index as HTML
  Parameters: {"appointment"=>{}}
Processing by AppointmentTypesController#index as HTML
  [1m[36mAppointment Load (0.1ms)[0m  [1m[34mSELECT "appointments".* FROM "appointments" ORDER BY "appointments"."starts_at" ASC[0m
  Parameters: {"appointment_type"=>{}}
  ↳ app/controllers/appointments_controller.rb:8:in `index'
  [1m[36mAppointmentType Load (0.0ms)[0m  [1m[34mSELECT "appointment_types".* FROM "appointment_types"[0m
  [1m[36mAppointmentType Load (0.1ms)[0m  [1m[34mSELECT "appointment_types".* FROM "appointment_types" WHERE "appointment_types"."id" IN (?, ?)[0m  [["id", 3], ["id", 4]]
  ↳ app/controllers/appointment_types_controller.rb:8:in `index'
  ↳ app/controllers/appointments_controller.rb:8:in `index'
Completed 200 OK in 2ms (Views: 1.7ms | ActiveRecord: 0.0ms (1 query, 0 cached) | GC: 0.0ms)


Completed 200 OK in 3ms (Views: 3.0ms | ActiveRecord: 0.1ms (2 queries, 0 cached) | GC: 0.0ms)


Started GET "/appointment_types" for 192.168.65.1 at 2026-09-13 00:58:21 +0000
Started GET "/appointments" for 192.168.65.1 at 2026-09-13 00:58:21 +0000
Processing by AppointmentTypesController#index as HTML
  Parameters: {"appointment_type"=>{}}
Processing by AppointmentsController#index as HTML
  [1m[36mAppointmentType Load (0.1ms)[0m  [1m[34mSELECT "appointment_types".* FROM "appointment_types"[0m
  Parameters: {"appointment"=>{}}
  ↳ app/controllers/appointment_types_controller.rb:8:in `index'
  [1m[36mAppointment Load (0.0ms)[0m  [1m[34mSELECT "appointments".* FROM "appointments" ORDER BY "appointments"."starts_at" ASC[0m
Completed 200 OK in 2ms (Views: 1.5ms | ActiveRecord: 0.1ms (1 query, 0 cached) | GC: 0.0ms)


  ↳ app/controllers/appointments_controller.rb:8:in `index'
  [1m[36mAppointmentType Load (0.1ms)[0m  [1m[34mSELECT "appointment_types".* FROM "appointment_types" WHERE "appointment_types"."id" IN (?, ?)[0m  [["id", 3], ["id", 4]]
  ↳ app/controllers/appointments_controller.rb:8:in `index'
Completed 200 OK in 2ms (Views: 2.1ms | ActiveRecord: 0.1ms (2 queries, 0 cached) | GC: 0.0ms)


Started GET "/appointments" for 192.168.65.1 at 2026-09-13 00:59:43 +0000
Started GET "/appointment_types" for 192.168.65.1 at 2026-09-13 00:59:43 +0000
Processing by AppointmentTypesController#index as HTML
  Parameters: {"appointment_type"=>{}}
  [1m[36mAppointmentType Load (0.1ms)[0m  [1m[34mSELECT "appointment_types".* FROM "appointment_types"[0m
Processing by AppointmentsController#index as HTML
  ↳ app/controllers/appointment_types_controller.rb:8:in `index'
  Parameters: {"appointment"=>{}}
Completed 200 OK in 2ms (Views: 1.5ms | ActiveRecord: 0.1ms (1 query, 0 cached) | GC: 0.0ms)


  [1m[36mAppointment Load (0.1ms)[0m  [1m[34mSELECT "appointments".* FROM "appointments" ORDER BY "appointments"."starts_at" ASC[0m
  ↳ app/controllers/appointments_controller.rb:8:in `index'
  [1m[36mAppointmentType Load (0.1ms)[0m  [1m[34mSELECT "appointment_types".* FROM "appointment_types" WHERE "appointment_types"."id" IN (?, ?)[0m  [["id", 3], ["id", 4]]
  ↳ app/controllers/appointments_controller.rb:8:in `index'
Completed 200 OK in 2ms (Views: 2.2ms | ActiveRecord: 0.2ms (2 queries, 0 cached) | GC: 0.0ms)


Started GET "/appointments" for 192.168.65.1 at 2026-09-13 01:02:00 +0000
Started GET "/appointment_types" for 192.168.65.1 at 2026-09-13 01:02:00 +0000
Processing by AppointmentsController#index as HTML
  Parameters: {"appointment"=>{}}
Processing by AppointmentTypesController#index as HTML
  [1m[36mAppointment Load (0.1ms)[0m  [1m[34mSELECT "appointments".* FROM "appointments" ORDER BY "appointments"."starts_at" ASC[0m
  Parameters: {"appointment_type"=>{}}
  ↳ app/controllers/appointments_controller.rb:8:in `index'
  [1m[36mAppointmentType Load (0.1ms)[0m  [1m[34mSELECT "appointment_types".* FROM "appointment_types"[0m
  [1m[36mAppointmentType Load (0.2ms)[0m  [1m[34mSELECT "appointment_types".* FROM "appointment_types" WHERE "appointment_types"."id" IN (?, ?)[0m  [["id", 3], ["id", 4]]
  ↳ app/controllers/appointment_types_controller.rb:8:in `index'
  ↳ app/controllers/appointments_controller.rb:8:in `index'
Completed 200 OK in 3ms (Views: 2.7ms | ActiveRecord: 0.1ms (1 query, 0 cached) | GC: 0.0ms)


Completed 200 OK in 5ms (Views: 4.6ms | ActiveRecord: 0.2ms (2 queries, 0 cached) | GC: 0.0ms)


Started GET "/appointments" for 192.168.65.1 at 2026-09-13 01:03:02 +0000
Started GET "/appointment_types" for 192.168.65.1 at 2026-09-13 01:03:02 +0000
Processing by AppointmentsController#index as HTML
  Parameters: {"appointment"=>{}}
Processing by AppointmentTypesController#index as HTML
  [1m[36mAppointment Load (0.1ms)[0m  [1m[34mSELECT "appointments".* FROM "appointments" ORDER BY "appointments"."starts_at" ASC[0m
  Parameters: {"appointment_type"=>{}}
  ↳ app/controllers/appointments_controller.rb:8:in `index'
  [1m[36mAppointmentType Load (0.0ms)[0m  [1m[34mSELECT "appointment_types".* FROM "appointment_types"[0m
  [1m[36mAppointmentType Load (0.1ms)[0m  [1m[34mSELECT "appointment_types".* FROM "appointment_types" WHERE "appointment_types"."id" IN (?, ?)[0m  [["id", 3], ["id", 4]]
  ↳ app/controllers/appointment_types_controller.rb:8:in `index'
  ↳ app/controllers/appointments_controller.rb:8:in `index'
Completed 200 OK in 1ms (Views: 1.4ms | ActiveRecord: 0.0ms (1 query, 0 cached) | GC: 0.0ms)


Completed 200 OK in 3ms (Views: 2.5ms | ActiveRecord: 0.2ms (2 queries, 0 cached) | GC: 0.0ms)


Started GET "/appointment_types" for 192.168.65.1 at 2026-09-13 01:03:31 +0000
Started GET "/appointments" for 192.168.65.1 at 2026-09-13 01:03:31 +0000
Processing by AppointmentTypesController#index as HTML
  Parameters: {"appointment_type"=>{}}
Processing by AppointmentsController#index as HTML
  [1m[36mAppointmentType Load (0.0ms)[0m  [1m[34mSELECT "appointment_types".* FROM "appointment_types"[0m
  Parameters: {"appointment"=>{}}
  ↳ app/controllers/appointment_types_controller.rb:8:in `index'
  [1m[36mAppointment Load (0.1ms)[0m  [1m[34mSELECT "appointments".* FROM "appointments" ORDER BY "appointments"."starts_at" ASC[0m
Completed 200 OK in 1ms (Views: 1.2ms | ActiveRecord: 0.0ms (1 query, 0 cached) | GC: 0.0ms)


  ↳ app/controllers/appointments_controller.rb:8:in `index'
  [1m[36mAppointmentType Load (0.1ms)[0m  [1m[34mSELECT "appointment_types".* FROM "appointment_types" WHERE "appointment_types"."id" IN (?, ?)[0m  [["id", 3], ["id", 4]]
  ↳ app/controllers/appointments_controller.rb:8:in `index'
Completed 200 OK in 2ms (Views: 2.1ms | ActiveRecord: 0.1ms (2 queries, 0 cached) | GC: 0.0ms)


Started GET "/appointment_types" for 192.168.65.1 at 2026-09-13 01:03:38 +0000
Started GET "/appointments" for 192.168.65.1 at 2026-09-13 01:03:38 +0000
Processing by AppointmentTypesController#index as HTML
  Parameters: {"appointment_type"=>{}}
Processing by AppointmentsController#index as HTML
  [1m[36mAppointmentType Load (0.1ms)[0m  [1m[34mSELECT "appointment_types".* FROM "appointment_types"[0m
  Parameters: {"appointment"=>{}}
  ↳ app/controllers/appointment_types_controller.rb:8:in `index'
  [1m[36mAppointment Load (0.1ms)[0m  [1m[34mSELECT "appointments".* FROM "appointments" ORDER BY "appointments"."starts_at" ASC[0m
Completed 200 OK in 3ms (Views: 2.8ms | ActiveRecord: 0.1ms (1 query, 0 cached) | GC: 0.3ms)


  ↳ app/controllers/appointments_controller.rb:8:in `index'
  [1m[36mAppointmentType Load (0.2ms)[0m  [1m[34mSELECT "appointment_types".* FROM "appointment_types" WHERE "appointment_types"."id" IN (?, ?)[0m  [["id", 3], ["id", 4]]
  ↳ app/controllers/appointments_controller.rb:8:in `index'
Completed 200 OK in 4ms (Views: 3.7ms | ActiveRecord: 0.2ms (2 queries, 0 cached) | GC: 0.3ms)


Started GET "/appointments" for 192.168.65.1 at 2026-09-13 01:04:57 +0000
Started GET "/appointment_types" for 192.168.65.1 at 2026-09-13 01:04:57 +0000
Processing by AppointmentsController#index as HTML
  Parameters: {"appointment"=>{}}
Processing by AppointmentTypesController#index as HTML
  [1m[36mAppointment Load (0.1ms)[0m  [1m[34mSELECT "appointments".* FROM "appointments" ORDER BY "appointments"."starts_at" ASC[0m
  Parameters: {"appointment_type"=>{}}
  ↳ app/controllers/appointments_controller.rb:8:in `index'
  [1m[36mAppointmentType Load (0.0ms)[0m  [1m[34mSELECT "appointment_types".* FROM "appointment_types"[0m
  [1m[36mAppointmentType Load (0.1ms)[0m  [1m[34mSELECT "appointment_types".* FROM "appointment_types" WHERE "appointment_types"."id" IN (?, ?)[0m  [["id", 3], ["id", 4]]
  ↳ app/controllers/appointment_types_controller.rb:8:in `index'
  ↳ app/controllers/appointments_controller.rb:8:in `index'
Completed 200 OK in 2ms (Views: 1.4ms | ActiveRecord: 0.0ms (1 query, 0 cached) | GC: 0.0ms)


Completed 200 OK in 3ms (Views: 2.3ms | ActiveRecord: 0.2ms (2 queries, 0 cached) | GC: 0.0ms)


Started GET "/appointment_types" for 192.168.65.1 at 2026-09-13 01:05:27 +0000
Started GET "/appointments" for 192.168.65.1 at 2026-09-13 01:05:27 +0000
Processing by AppointmentsController#index as HTML
  Parameters: {"appointment"=>{}}
Processing by AppointmentTypesController#index as HTML
  [1m[36mAppointment Load (0.1ms)[0m  [1m[34mSELECT "appointments".* FROM "appointments" ORDER BY "appointments"."starts_at" ASC[0m
  Parameters: {"appointment_type"=>{}}
  ↳ app/controllers/appointments_controller.rb:8:in `index'
  [1m[36mAppointmentType Load (0.0ms)[0m  [1m[34mSELECT "appointment_types".* FROM "appointment_types"[0m
  [1m[36mAppointmentType Load (0.1ms)[0m  [1m[34mSELECT "appointment_types".* FROM "appointment_types" WHERE "appointment_types"."id" IN (?, ?)[0m  [["id", 3], ["id", 4]]
  ↳ app/controllers/appointment_types_controller.rb:8:in `index'
  ↳ app/controllers/appointments_controller.rb:8:in `index'
Completed 200 OK in 2ms (Views: 1.5ms | ActiveRecord: 0.0ms (1 query, 0 cached) | GC: 0.0ms)


Completed 200 OK in 3ms (Views: 2.5ms | ActiveRecord: 0.1ms (2 queries, 0 cached) | GC: 0.0ms)


Started GET "/appointment_types" for 192.168.65.1 at 2026-09-13 01:05:50 +0000
Started GET "/appointments" for 192.168.65.1 at 2026-09-13 01:05:50 +0000
Processing by AppointmentTypesController#index as HTML
  Parameters: {"appointment_type"=>{}}
Processing by AppointmentsController#index as HTML
  [1m[36mAppointmentType Load (0.1ms)[0m  [1m[34mSELECT "appointment_types".* FROM "appointment_types"[0m
  Parameters: {"appointment"=>{}}
  ↳ app/controllers/appointment_types_controller.rb:8:in `index'
  [1m[36mAppointment Load (0.1ms)[0m  [1m[34mSELECT "appointments".* FROM "appointments" ORDER BY "appointments"."starts_at" ASC[0m
Completed 200 OK in 4ms (Views: 3.4ms | ActiveRecord: 0.1ms (1 query, 0 cached) | GC: 1.6ms)


  ↳ app/controllers/appointments_controller.rb:8:in `index'
  [1m[36mAppointmentType Load (0.1ms)[0m  [1m[34mSELECT "appointment_types".* FROM "appointment_types" WHERE "appointment_types"."id" IN (?, ?)[0m  [["id", 3], ["id", 4]]
  ↳ app/controllers/appointments_controller.rb:8:in `index'
Completed 200 OK in 4ms (Views: 3.6ms | ActiveRecord: 0.2ms (2 queries, 0 cached) | GC: 0.0ms)


Started GET "/appointments" for 192.168.65.1 at 2026-09-13 01:06:09 +0000
Started GET "/appointment_types" for 192.168.65.1 at 2026-09-13 01:06:09 +0000
Processing by AppointmentsController#index as HTML
  Parameters: {"appointment"=>{}}
Processing by AppointmentTypesController#index as HTML
  [1m[36mAppointment Load (0.2ms)[0m  [1m[34mSELECT "appointments".* FROM "appointments" ORDER BY "appointments"."starts_at" ASC[0m
  Parameters: {"appointment_type"=>{}}
  ↳ app/controllers/appointments_controller.rb:8:in `index'
  [1m[36mAppointmentType Load (0.1ms)[0m  [1m[34mSELECT "appointment_types".* FROM "appointment_types"[0m
  [1m[36mAppointmentType Load (0.2ms)[0m  [1m[34mSELECT "appointment_types".* FROM "appointment_types" WHERE "appointment_types"."id" IN (?, ?)[0m  [["id", 3], ["id", 4]]
  ↳ app/controllers/appointment_types_controller.rb:8:in `index'
  ↳ app/controllers/appointments_controller.rb:8:in `index'
Completed 200 OK in 4ms (Views: 3.6ms | ActiveRecord: 0.1ms (1 query, 0 cached) | GC: 0.7ms)


Completed 200 OK in 6ms (Views: 5.6ms | ActiveRecord: 0.4ms (2 queries, 0 cached) | GC: 0.7ms)


Started GET "/appointment_types" for 192.168.65.1 at 2026-09-13 01:06:42 +0000
Started GET "/appointments" for 192.168.65.1 at 2026-09-13 01:06:42 +0000
Processing by AppointmentTypesController#index as HTML
  Parameters: {"appointment_type"=>{}}
  [1m[36mAppointmentType Load (0.1ms)[0m  [1m[34mSELECT "appointment_types".* FROM "appointment_types"[0m
Processing by AppointmentsController#index as HTML
  ↳ app/controllers/appointment_types_controller.rb:8:in `index'
  Parameters: {"appointment"=>{}}
Completed 200 OK in 1ms (Views: 1.3ms | ActiveRecord: 0.1ms (1 query, 0 cached) | GC: 0.0ms)


  [1m[36mAppointment Load (0.1ms)[0m  [1m[34mSELECT "appointments".* FROM "appointments" ORDER BY "appointments"."starts_at" ASC[0m
  ↳ app/controllers/appointments_controller.rb:8:in `index'
  [1m[36mAppointmentType Load (0.1ms)[0m  [1m[34mSELECT "appointment_types".* FROM "appointment_types" WHERE "appointment_types"."id" IN (?, ?)[0m  [["id", 3], ["id", 4]]
  ↳ app/controllers/appointments_controller.rb:8:in `index'
Completed 200 OK in 3ms (Views: 2.3ms | ActiveRecord: 0.2ms (2 queries, 0 cached) | GC: 0.3ms)


Started GET "/appointments" for 192.168.65.1 at 2026-09-13 01:08:10 +0000
Started GET "/appointment_types" for 192.168.65.1 at 2026-09-13 01:08:10 +0000
Processing by AppointmentTypesController#index as HTML
  Parameters: {"appointment_type"=>{}}
  [1m[36mAppointmentType Load (0.1ms)[0m  [1m[34mSELECT "appointment_types".* FROM "appointment_types"[0m
Processing by AppointmentsController#index as HTML
  ↳ app/controllers/appointment_types_controller.rb:8:in `index'
  Parameters: {"appointment"=>{}}
Completed 200 OK in 2ms (Views: 1.4ms | ActiveRecord: 0.1ms (1 query, 0 cached) | GC: 0.2ms)


  [1m[36mAppointment Load (0.0ms)[0m  [1m[34mSELECT "appointments".* FROM "appointments" ORDER BY "appointments"."starts_at" ASC[0m
  ↳ app/controllers/appointments_controller.rb:8:in `index'
  [1m[36mAppointmentType Load (0.1ms)[0m  [1m[34mSELECT "appointment_types".* FROM "appointment_types" WHERE "appointment_types"."id" IN (?, ?)[0m  [["id", 3], ["id", 4]]
  ↳ app/controllers/appointments_controller.rb:8:in `index'
Completed 200 OK in 2ms (Views: 1.8ms | ActiveRecord: 0.1ms (2 queries, 0 cached) | GC: 0.0ms)


Started GET "/appointment_types" for 192.168.65.1 at 2026-09-13 01:08:16 +0000
Processing by AppointmentTypesController#index as HTML
  Parameters: {"appointment_type"=>{}}
  [1m[36mAppointmentType Load (0.1ms)[0m  [1m[34mSELECT "appointment_types".* FROM "appointment_types"[0m
  ↳ app/controllers/appointment_types_controller.rb:8:in `index'
Completed 200 OK in 1ms (Views: 1.2ms | ActiveRecord: 0.1ms (1 query, 0 cached) | GC: 0.0ms)


Started GET "/appointments" for 192.168.65.1 at 2026-09-13 01:08:17 +0000
Processing by AppointmentsController#index as HTML
  Parameters: {"appointment"=>{}}
Started GET "/appointment_types" for 192.168.65.1 at 2026-09-13 01:08:17 +0000
  [1m[36mAppointment Load (0.1ms)[0m  [1m[34mSELECT "appointments".* FROM "appointments" ORDER BY "appointments"."starts_at" ASC[0m
  ↳ app/controllers/appointments_controller.rb:8:in `index'
  [1m[36mAppointmentType Load (0.1ms)[0m  [1m[34mSELECT "appointment_types".* FROM "appointment_types" WHERE "appointment_types"."id" IN (?, ?)[0m  [["id", 3], ["id", 4]]
  ↳ app/controllers/appointments_controller.rb:8:in `index'
Completed 200 OK in 4ms (Views: 3.7ms | ActiveRecord: 0.2ms (2 queries, 0 cached) | GC: 0.3ms)


Processing by AppointmentTypesController#index as HTML
  Parameters: {"appointment_type"=>{}}
  [1m[36mAppointmentType Load (0.1ms)[0m  [1m[34mSELECT "appointment_types".* FROM "appointment_types"[0m
  ↳ app/controllers/appointment_types_controller.rb:8:in `index'
Completed 200 OK in 1ms (Views: 1.0ms | ActiveRecord: 0.1ms (1 query, 0 cached) | GC: 0.0ms)


Started GET "/appointment_types" for 192.168.65.1 at 2026-09-13 01:09:13 +0000
Started GET "/appointments" for 192.168.65.1 at 2026-09-13 01:09:13 +0000
Processing by AppointmentTypesController#index as HTML
  Parameters: {"appointment_type"=>{}}
  [1m[36mAppointmentType Load (0.1ms)[0m  [1m[34mSELECT "appointment_types".* FROM "appointment_types"[0m
Processing by AppointmentsController#index as HTML
  ↳ app/controllers/appointment_types_controller.rb:8:in `index'
  Parameters: {"appointment"=>{}}
Completed 200 OK in 1ms (Views: 1.1ms | ActiveRecord: 0.1ms (1 query, 0 cached) | GC: 0.0ms)


  [1m[36mAppointment Load (0.0ms)[0m  [1m[34mSELECT "appointments".* FROM "appointments" ORDER BY "appointments"."starts_at" ASC[0m
  ↳ app/controllers/appointments_controller.rb:8:in `index'
  [1m[36mAppointmentType Load (0.1ms)[0m  [1m[34mSELECT "appointment_types".* FROM "appointment_types" WHERE "appointment_types"."id" IN (?, ?)[0m  [["id", 3], ["id", 4]]
  ↳ app/controllers/appointments_controller.rb:8:in `index'
Completed 200 OK in 2ms (Views: 1.7ms | ActiveRecord: 0.1ms (2 queries, 0 cached) | GC: 0.0ms)


Started GET "/appointment_types" for 192.168.65.1 at 2026-09-13 01:09:24 +0000
Started GET "/appointments" for 192.168.65.1 at 2026-09-13 01:09:24 +0000
Processing by AppointmentTypesController#index as HTML
  Parameters: {"appointment_type"=>{}}
  [1m[36mAppointmentType Load (0.1ms)[0m  [1m[34mSELECT "appointment_types".* FROM "appointment_types"[0m
  ↳ app/controllers/appointment_types_controller.rb:8:in `index'
Completed 200 OK in 1ms (Views: 0.9ms | ActiveRecord: 0.1ms (1 query, 0 cached) | GC: 0.0ms)


Processing by AppointmentsController#index as HTML
  Parameters: {"appointment"=>{}}
  [1m[36mAppointment Load (0.1ms)[0m  [1m[34mSELECT "appointments".* FROM "appointments" ORDER BY "appointments"."starts_at" ASC[0m
  ↳ app/controllers/appointments_controller.rb:8:in `index'
  [1m[36mAppointmentType Load (0.1ms)[0m  [1m[34mSELECT "appointment_types".* FROM "appointment_types" WHERE "appointment_types"."id" IN (?, ?)[0m  [["id", 3], ["id", 4]]
  ↳ app/controllers/appointments_controller.rb:8:in `index'
Completed 200 OK in 2ms (Views: 1.4ms | ActiveRecord: 0.1ms (2 queries, 0 cached) | GC: 0.0ms)


Started GET "/appointments" for 192.168.65.1 at 2026-09-13 01:09:47 +0000
Started GET "/appointment_types" for 192.168.65.1 at 2026-09-13 01:09:47 +0000
Processing by AppointmentsController#index as HTML
  Parameters: {"appointment"=>{}}
  [1m[36mAppointment Load (0.0ms)[0m  [1m[34mSELECT "appointments".* FROM "appointments" ORDER BY "appointments"."starts_at" ASC[0m
  ↳ app/controllers/appointments_controller.rb:8:in `index'
  [1m[36mAppointmentType Load (0.1ms)[0m  [1m[34mSELECT "appointment_types".* FROM "appointment_types" WHERE "appointment_types"."id" IN (?, ?)[0m  [["id", 3], ["id", 4]]
  ↳ app/controllers/appointments_controller.rb:8:in `index'
Completed 200 OK in 4ms (Views: 3.3ms | ActiveRecord: 0.1ms (2 queries, 0 cached) | GC: 1.0ms)


Processing by AppointmentTypesController#index as HTML
  Parameters: {"appointment_type"=>{}}
  [1m[36mAppointmentType Load (0.1ms)[0m  [1m[34mSELECT "appointment_types".* FROM "appointment_types"[0m
  ↳ app/controllers/appointment_types_controller.rb:8:in `index'
Completed 200 OK in 1ms (Views: 0.6ms | ActiveRecord: 0.1ms (1 query, 0 cached) | GC: 0.0ms)


Started GET "/appointment_types" for 192.168.65.1 at 2026-09-13 01:09:50 +0000
Started GET "/appointments" for 192.168.65.1 at 2026-09-13 01:09:50 +0000
Processing by AppointmentTypesController#index as HTML
  Parameters: {"appointment_type"=>{}}
Processing by AppointmentsController#index as HTML
  [1m[36mAppointmentType Load (0.1ms)[0m  [1m[34mSELECT "appointment_types".* FROM "appointment_types"[0m
  Parameters: {"appointment"=>{}}
  ↳ app/controllers/appointment_types_controller.rb:8:in `index'
  [1m[36mAppointment Load (0.2ms)[0m  [1m[34mSELECT "appointments".* FROM "appointments" ORDER BY "appointments"."starts_at" ASC[0m
Completed 200 OK in 3ms (Views: 2.8ms | ActiveRecord: 0.1ms (1 query, 0 cached) | GC: 0.0ms)


  ↳ app/controllers/appointments_controller.rb:8:in `index'
  [1m[36mAppointmentType Load (0.2ms)[0m  [1m[34mSELECT "appointment_types".* FROM "appointment_types" WHERE "appointment_types"."id" IN (?, ?)[0m  [["id", 3], ["id", 4]]
  ↳ app/controllers/appointments_controller.rb:8:in `index'
Completed 200 OK in 5ms (Views: 4.1ms | ActiveRecord: 0.3ms (2 queries, 0 cached) | GC: 0.8ms)


Started GET "/appointments" for 192.168.65.1 at 2026-09-13 01:09:51 +0000
Started GET "/appointment_types" for 192.168.65.1 at 2026-09-13 01:09:51 +0000
Processing by AppointmentsController#index as HTML
  Parameters: {"appointment"=>{}}
  [1m[36mAppointment Load (0.1ms)[0m  [1m[34mSELECT "appointments".* FROM "appointments" ORDER BY "appointments"."starts_at" ASC[0m
  ↳ app/controllers/appointments_controller.rb:8:in `index'
  [1m[36mAppointmentType Load (0.1ms)[0m  [1m[34mSELECT "appointment_types".* FROM "appointment_types" WHERE "appointment_types"."id" IN (?, ?)[0m  [["id", 3], ["id", 4]]
  ↳ app/controllers/appointments_controller.rb:8:in `index'
Completed 200 OK in 4ms (Views: 3.1ms | ActiveRecord: 0.2ms (2 queries, 0 cached) | GC: 0.0ms)


Processing by AppointmentTypesController#index as HTML
  Parameters: {"appointment_type"=>{}}
  [1m[36mAppointmentType Load (0.1ms)[0m  [1m[34mSELECT "appointment_types".* FROM "appointment_types"[0m
  ↳ app/controllers/appointment_types_controller.rb:8:in `index'
Completed 200 OK in 1ms (Views: 1.1ms | ActiveRecord: 0.1ms (1 query, 0 cached) | GC: 0.0ms)


Started GET "/appointment_types" for 192.168.65.1 at 2026-09-13 01:09:52 +0000
Started GET "/appointments" for 192.168.65.1 at 2026-09-13 01:09:52 +0000
Processing by AppointmentTypesController#index as HTML
  Parameters: {"appointment_type"=>{}}
Processing by AppointmentsController#index as HTML
  [1m[36mAppointmentType Load (0.0ms)[0m  [1m[34mSELECT "appointment_types".* FROM "appointment_types"[0m
  Parameters: {"appointment"=>{}}
  ↳ app/controllers/appointment_types_controller.rb:8:in `index'
  [1m[36mAppointment Load (0.1ms)[0m  [1m[34mSELECT "appointments".* FROM "appointments" ORDER BY "appointments"."starts_at" ASC[0m
Completed 200 OK in 2ms (Views: 1.5ms | ActiveRecord: 0.0ms (1 query, 0 cached) | GC: 0.0ms)


  ↳ app/controllers/appointments_controller.rb:8:in `index'
  [1m[36mAppointmentType Load (0.1ms)[0m  [1m[34mSELECT "appointment_types".* FROM "appointment_types" WHERE "appointment_types"."id" IN (?, ?)[0m  [["id", 3], ["id", 4]]
  ↳ app/controllers/appointments_controller.rb:8:in `index'
Completed 200 OK in 3ms (Views: 2.5ms | ActiveRecord: 0.1ms (2 queries, 0 cached) | GC: 0.2ms)


Started GET "/appointment_types" for 192.168.65.1 at 2026-09-13 01:10:05 +0000
Started GET "/appointments" for 192.168.65.1 at 2026-09-13 01:10:05 +0000
Processing by AppointmentTypesController#index as HTML
  Parameters: {"appointment_type"=>{}}
Processing by AppointmentsController#index as HTML
  [1m[36mAppointmentType Load (0.1ms)[0m  [1m[34mSELECT "appointment_types".* FROM "appointment_types"[0m
  Parameters: {"appointment"=>{}}
  ↳ app/controllers/appointment_types_controller.rb:8:in `index'
  [1m[36mAppointment Load (0.1ms)[0m  [1m[34mSELECT "appointments".* FROM "appointments" ORDER BY "appointments"."starts_at" ASC[0m
Completed 200 OK in 1ms (Views: 1.3ms | ActiveRecord: 0.0ms (1 query, 0 cached) | GC: 0.0ms)


  ↳ app/controllers/appointments_controller.rb:8:in `index'
  [1m[36mAppointmentType Load (0.1ms)[0m  [1m[34mSELECT "appointment_types".* FROM "appointment_types" WHERE "appointment_types"."id" IN (?, ?)[0m  [["id", 3], ["id", 4]]
  ↳ app/controllers/appointments_controller.rb:8:in `index'
Completed 200 OK in 2ms (Views: 2.1ms | ActiveRecord: 0.1ms (2 queries, 0 cached) | GC: 0.1ms)


Started GET "/appointments" for 192.168.65.1 at 2026-09-13 01:10:27 +0000
Started GET "/appointment_types" for 192.168.65.1 at 2026-09-13 01:10:27 +0000
Processing by AppointmentTypesController#index as HTML
  Parameters: {"appointment_type"=>{}}
Processing by AppointmentsController#index as HTML
  [1m[36mAppointmentType Load (0.1ms)[0m  [1m[34mSELECT "appointment_types".* FROM "appointment_types"[0m
  Parameters: {"appointment"=>{}}
  ↳ app/controllers/appointment_types_controller.rb:8:in `index'
  [1m[36mAppointment Load (0.0ms)[0m  [1m[34mSELECT "appointments".* FROM "appointments" ORDER BY "appointments"."starts_at" ASC[0m
Completed 200 OK in 1ms (Views: 1.2ms | ActiveRecord: 0.1ms (1 query, 0 cached) | GC: 0.0ms)


  ↳ app/controllers/appointments_controller.rb:8:in `index'
  [1m[36mAppointmentType Load (0.1ms)[0m  [1m[34mSELECT "appointment_types".* FROM "appointment_types" WHERE "appointment_types"."id" IN (?, ?)[0m  [["id", 3], ["id", 4]]
  ↳ app/controllers/appointments_controller.rb:8:in `index'
Completed 200 OK in 2ms (Views: 1.9ms | ActiveRecord: 0.1ms (2 queries, 0 cached) | GC: 0.0ms)


Started GET "/appointments" for 192.168.65.1 at 2026-09-13 01:10:36 +0000
Started GET "/appointment_types" for 192.168.65.1 at 2026-09-13 01:10:36 +0000
Processing by AppointmentsController#index as HTML
  Parameters: {"appointment"=>{}}
Processing by AppointmentTypesController#index as HTML
  [1m[36mAppointment Load (0.1ms)[0m  [1m[34mSELECT "appointments".* FROM "appointments" ORDER BY "appointments"."starts_at" ASC[0m
  Parameters: {"appointment_type"=>{}}
  ↳ app/controllers/appointments_controller.rb:8:in `index'
  [1m[36mAppointmentType Load (0.1ms)[0m  [1m[34mSELECT "appointment_types".* FROM "appointment_types"[0m
  [1m[36mAppointmentType Load (0.1ms)[0m  [1m[34mSELECT "appointment_types".* FROM "appointment_types" WHERE "appointment_types"."id" IN (?, ?)[0m  [["id", 3], ["id", 4]]
  ↳ app/controllers/appointment_types_controller.rb:8:in `index'
  ↳ app/controllers/appointments_controller.rb:8:in `index'
Completed 200 OK in 2ms (Views: 1.4ms | ActiveRecord: 0.0ms (1 query, 0 cached) | GC: 0.0ms)


Completed 200 OK in 3ms (Views: 2.9ms | ActiveRecord: 0.1ms (2 queries, 0 cached) | GC: 0.0ms)


Started GET "/appointments" for 192.168.65.1 at 2026-09-13 01:10:48 +0000
Started GET "/appointment_types" for 192.168.65.1 at 2026-09-13 01:10:48 +0000
Processing by AppointmentsController#index as HTML
  Parameters: {"appointment"=>{}}
Processing by AppointmentTypesController#index as HTML
  [1m[36mAppointment Load (0.1ms)[0m  [1m[34mSELECT "appointments".* FROM "appointments" ORDER BY "appointments"."starts_at" ASC[0m
  Parameters: {"appointment_type"=>{}}
  ↳ app/controllers/appointments_controller.rb:8:in `index'
  [1m[36mAppointmentType Load (0.0ms)[0m  [1m[34mSELECT "appointment_types".* FROM "appointment_types"[0m
  [1m[36mAppointmentType Load (0.1ms)[0m  [1m[34mSELECT "appointment_types".* FROM "appointment_types" WHERE "appointment_types"."id" IN (?, ?)[0m  [["id", 3], ["id", 4]]
  ↳ app/controllers/appointment_types_controller.rb:8:in `index'
  ↳ app/controllers/appointments_controller.rb:8:in `index'
Completed 200 OK in 2ms (Views: 1.5ms | ActiveRecord: 0.0ms (1 query, 0 cached) | GC: 0.0ms)


Completed 200 OK in 5ms (Views: 4.3ms | ActiveRecord: 0.1ms (2 queries, 0 cached) | GC: 1.3ms)


Started GET "/appointments" for 192.168.65.1 at 2026-09-13 01:11:11 +0000
Started GET "/appointment_types" for 192.168.65.1 at 2026-09-13 01:11:11 +0000
Processing by AppointmentsController#index as HTML
  Parameters: {"appointment"=>{}}
Processing by AppointmentTypesController#index as HTML
  [1m[36mAppointment Load (0.1ms)[0m  [1m[34mSELECT "appointments".* FROM "appointments" ORDER BY "appointments"."starts_at" ASC[0m
  Parameters: {"appointment_type"=>{}}
  ↳ app/controllers/appointments_controller.rb:8:in `index'
  [1m[36mAppointmentType Load (0.0ms)[0m  [1m[34mSELECT "appointment_types".* FROM "appointment_types"[0m
  [1m[36mAppointmentType Load (0.1ms)[0m  [1m[34mSELECT "appointment_types".* FROM "appointment_types" WHERE "appointment_types"."id" IN (?, ?)[0m  [["id", 3], ["id", 4]]
  ↳ app/controllers/appointment_types_controller.rb:8:in `index'
  ↳ app/controllers/appointments_controller.rb:8:in `index'
Completed 200 OK in 2ms (Views: 1.9ms | ActiveRecord: 0.0ms (1 query, 0 cached) | GC: 0.4ms)


Completed 200 OK in 4ms (Views: 3.4ms | ActiveRecord: 0.1ms (2 queries, 0 cached) | GC: 0.4ms)


Started GET "/appointment_types" for 192.168.65.1 at 2026-09-13 01:11:18 +0000
Started GET "/appointments" for 192.168.65.1 at 2026-09-13 01:11:18 +0000
Processing by AppointmentTypesController#index as HTML
  Parameters: {"appointment_type"=>{}}
Processing by AppointmentsController#index as HTML
  [1m[36mAppointmentType Load (0.1ms)[0m  [1m[34mSELECT "appointment_types".* FROM "appointment_types"[0m
  Parameters: {"appointment"=>{}}
  ↳ app/controllers/appointment_types_controller.rb:8:in `index'
  [1m[36mAppointment Load (0.1ms)[0m  [1m[34mSELECT "appointments".* FROM "appointments" ORDER BY "appointments"."starts_at" ASC[0m
Completed 200 OK in 2ms (Views: 1.4ms | ActiveRecord: 0.0ms (1 query, 0 cached) | GC: 0.0ms)


  ↳ app/controllers/appointments_controller.rb:8:in `index'
  [1m[36mAppointmentType Load (0.1ms)[0m  [1m[34mSELECT "appointment_types".* FROM "appointment_types" WHERE "appointment_types"."id" IN (?, ?)[0m  [["id", 3], ["id", 4]]
  ↳ app/controllers/appointments_controller.rb:8:in `index'
Completed 200 OK in 3ms (Views: 2.9ms | ActiveRecord: 0.1ms (2 queries, 0 cached) | GC: 0.4ms)


Started GET "/appointment_types" for 192.168.65.1 at 2026-09-13 01:11:29 +0000
Started GET "/appointments" for 192.168.65.1 at 2026-09-13 01:11:29 +0000
Processing by AppointmentTypesController#index as HTML
  Parameters: {"appointment_type"=>{}}
  [1m[36mAppointmentType Load (0.0ms)[0m  [1m[34mSELECT "appointment_types".* FROM "appointment_types"[0m
Processing by AppointmentsController#index as HTML
  ↳ app/controllers/appointment_types_controller.rb:8:in `index'
  Parameters: {"appointment"=>{}}
Completed 200 OK in 1ms (Views: 1.2ms | ActiveRecord: 0.0ms (1 query, 0 cached) | GC: 0.0ms)


  [1m[36mAppointment Load (0.0ms)[0m  [1m[34mSELECT "appointments".* FROM "appointments" ORDER BY "appointments"."starts_at" ASC[0m
  ↳ app/controllers/appointments_controller.rb:8:in `index'
  [1m[36mAppointmentType Load (0.1ms)[0m  [1m[34mSELECT "appointment_types".* FROM "appointment_types" WHERE "appointment_types"."id" IN (?, ?)[0m  [["id", 3], ["id", 4]]
  ↳ app/controllers/appointments_controller.rb:8:in `index'
Completed 200 OK in 2ms (Views: 2.2ms | ActiveRecord: 0.1ms (2 queries, 0 cached) | GC: 0.2ms)


Started GET "/appointments" for 192.168.65.1 at 2026-09-13 01:11:44 +0000
Started GET "/appointment_types" for 192.168.65.1 at 2026-09-13 01:11:44 +0000
Processing by AppointmentsController#index as HTML
  Parameters: {"appointment"=>{}}
  [1m[36mAppointment Load (0.1ms)[0m  [1m[34mSELECT "appointments".* FROM "appointments" ORDER BY "appointments"."starts_at" ASC[0m
  ↳ app/controllers/appointments_controller.rb:8:in `index'
  [1m[36mAppointmentType Load (0.1ms)[0m  [1m[34mSELECT "appointment_types".* FROM "appointment_types" WHERE "appointment_types"."id" IN (?, ?)[0m  [["id", 3], ["id", 4]]
  ↳ app/controllers/appointments_controller.rb:8:in `index'
Completed 200 OK in 2ms (Views: 2.1ms | ActiveRecord: 0.1ms (2 queries, 0 cached) | GC: 0.0ms)


Processing by AppointmentTypesController#index as HTML
  Parameters: {"appointment_type"=>{}}
  [1m[36mAppointmentType Load (0.0ms)[0m  [1m[34mSELECT "appointment_types".* FROM "appointment_types"[0m
  ↳ app/controllers/appointment_types_controller.rb:8:in `index'
Completed 200 OK in 1ms (Views: 0.7ms | ActiveRecord: 0.0ms (1 query, 0 cached) | GC: 0.0ms)


Started GET "/appointment_types" for 192.168.65.1 at 2026-09-13 01:12:13 +0000
Started GET "/appointments" for 192.168.65.1 at 2026-09-13 01:12:13 +0000
Processing by AppointmentsController#index as HTML
  Parameters: {"appointment"=>{}}
Processing by AppointmentTypesController#index as HTML
  [1m[36mAppointment Load (0.1ms)[0m  [1m[34mSELECT "appointments".* FROM "appointments" ORDER BY "appointments"."starts_at" ASC[0m
  Parameters: {"appointment_type"=>{}}
  ↳ app/controllers/appointments_controller.rb:8:in `index'
  [1m[36mAppointmentType Load (0.1ms)[0m  [1m[34mSELECT "appointment_types".* FROM "appointment_types"[0m
  [1m[36mAppointmentType Load (0.1ms)[0m  [1m[34mSELECT "appointment_types".* FROM "appointment_types" WHERE "appointment_types"."id" IN (?, ?)[0m  [["id", 3], ["id", 4]]
  ↳ app/controllers/appointment_types_controller.rb:8:in `index'
  ↳ app/controllers/appointments_controller.rb:8:in `index'
Completed 200 OK in 2ms (Views: 1.4ms | ActiveRecord: 0.1ms (1 query, 0 cached) | GC: 0.0ms)


Completed 200 OK in 3ms (Views: 2.3ms | ActiveRecord: 0.2ms (2 queries, 0 cached) | GC: 0.0ms)


Started GET "/appointment_types" for 192.168.65.1 at 2026-09-13 01:13:48 +0000
Started GET "/appointments" for 192.168.65.1 at 2026-09-13 01:13:48 +0000
Processing by AppointmentTypesController#index as HTML
  Parameters: {"appointment_type"=>{}}
  [1m[36mAppointmentType Load (0.1ms)[0m  [1m[34mSELECT "appointment_types".* FROM "appointment_types"[0m
Processing by AppointmentsController#index as HTML
  ↳ app/controllers/appointment_types_controller.rb:8:in `index'
  Parameters: {"appointment"=>{}}
Completed 200 OK in 2ms (Views: 1.3ms | ActiveRecord: 0.1ms (1 query, 0 cached) | GC: 0.0ms)


  [1m[36mAppointment Load (0.0ms)[0m  [1m[34mSELECT "appointments".* FROM "appointments" ORDER BY "appointments"."starts_at" ASC[0m
  ↳ app/controllers/appointments_controller.rb:8:in `index'
  [1m[36mAppointmentType Load (0.1ms)[0m  [1m[34mSELECT "appointment_types".* FROM "appointment_types" WHERE "appointment_types"."id" IN (?, ?)[0m  [["id", 3], ["id", 4]]
  ↳ app/controllers/appointments_controller.rb:8:in `index'
Completed 200 OK in 2ms (Views: 1.9ms | ActiveRecord: 0.1ms (2 queries, 0 cached) | GC: 0.0ms)


Started GET "/appointments" for 192.168.65.1 at 2026-09-13 01:13:56 +0000
Started GET "/appointment_types" for 192.168.65.1 at 2026-09-13 01:13:56 +0000
Processing by AppointmentsController#index as HTML
  Parameters: {"appointment"=>{}}
Processing by AppointmentTypesController#index as HTML
  [1m[36mAppointment Load (0.0ms)[0m  [1m[34mSELECT "appointments".* FROM "appointments" ORDER BY "appointments"."starts_at" ASC[0m
  Parameters: {"appointment_type"=>{}}
  ↳ app/controllers/appointments_controller.rb:8:in `index'
  [1m[36mAppointmentType Load (0.1ms)[0m  [1m[34mSELECT "appointment_types".* FROM "appointment_types"[0m
  [1m[36mAppointmentType Load (0.1ms)[0m  [1m[34mSELECT "appointment_types".* FROM "appointment_types" WHERE "appointment_types"."id" IN (?, ?)[0m  [["id", 3], ["id", 4]]
  ↳ app/controllers/appointment_types_controller.rb:8:in `index'
  ↳ app/controllers/appointments_controller.rb:8:in `index'
Completed 200 OK in 3ms (Views: 2.4ms | ActiveRecord: 0.1ms (1 query, 0 cached) | GC: 0.9ms)


Completed 200 OK in 4ms (Views: 3.4ms | ActiveRecord: 0.2ms (2 queries, 0 cached) | GC: 0.9ms)


Started GET "/appointment_types" for 192.168.65.1 at 2026-09-13 01:14:08 +0000
Started GET "/appointments" for 192.168.65.1 at 2026-09-13 01:14:08 +0000
Processing by AppointmentTypesController#index as HTML
  Parameters: {"appointment_type"=>{}}
  [1m[36mAppointmentType Load (0.1ms)[0m  [1m[34mSELECT "appointment_types".* FROM "appointment_types"[0m
Processing by AppointmentsController#index as HTML
  ↳ app/controllers/appointment_types_controller.rb:8:in `index'
  Parameters: {"appointment"=>{}}
Completed 200 OK in 1ms (Views: 1.3ms | ActiveRecord: 0.1ms (1 query, 0 cached) | GC: 0.0ms)


  [1m[36mAppointment Load (0.0ms)[0m  [1m[34mSELECT "appointments".* FROM "appointments" ORDER BY "appointments"."starts_at" ASC[0m
  ↳ app/controllers/appointments_controller.rb:8:in `index'
  [1m[36mAppointmentType Load (0.1ms)[0m  [1m[34mSELECT "appointment_types".* FROM "appointment_types" WHERE "appointment_types"."id" IN (?, ?)[0m  [["id", 3], ["id", 4]]
  ↳ app/controllers/appointments_controller.rb:8:in `index'
Completed 200 OK in 3ms (Views: 2.4ms | ActiveRecord: 0.1ms (2 queries, 0 cached) | GC: 0.4ms)


Started GET "/appointments" for 192.168.65.1 at 2026-09-13 01:14:17 +0000
Started GET "/appointment_types" for 192.168.65.1 at 2026-09-13 01:14:17 +0000
Processing by AppointmentTypesController#index as HTML
  Parameters: {"appointment_type"=>{}}
  [1m[36mAppointmentType Load (0.0ms)[0m  [1m[34mSELECT "appointment_types".* FROM "appointment_types"[0m
Processing by AppointmentsController#index as HTML
  ↳ app/controllers/appointment_types_controller.rb:8:in `index'
  Parameters: {"appointment"=>{}}
Completed 200 OK in 1ms (Views: 1.1ms | ActiveRecord: 0.0ms (1 query, 0 cached) | GC: 0.0ms)


  [1m[36mAppointment Load (0.0ms)[0m  [1m[34mSELECT "appointments".* FROM "appointments" ORDER BY "appointments"."starts_at" ASC[0m
  ↳ app/controllers/appointments_controller.rb:8:in `index'
  [1m[36mAppointmentType Load (0.1ms)[0m  [1m[34mSELECT "appointment_types".* FROM "appointment_types" WHERE "appointment_types"."id" IN (?, ?)[0m  [["id", 3], ["id", 4]]
  ↳ app/controllers/appointments_controller.rb:8:in `index'
Completed 200 OK in 2ms (Views: 2.0ms | ActiveRecord: 0.1ms (2 queries, 0 cached) | GC: 0.0ms)


Started GET "/appointments" for 192.168.65.1 at 2026-09-13 01:14:24 +0000
Started GET "/appointment_types" for 192.168.65.1 at 2026-09-13 01:14:24 +0000
Processing by AppointmentsController#index as HTML
  Parameters: {"appointment"=>{}}
Processing by AppointmentTypesController#index as HTML
  [1m[36mAppointment Load (0.1ms)[0m  [1m[34mSELECT "appointments".* FROM "appointments" ORDER BY "appointments"."starts_at" ASC[0m
  Parameters: {"appointment_type"=>{}}
  ↳ app/controllers/appointments_controller.rb:8:in `index'
  [1m[36mAppointmentType Load (0.0ms)[0m  [1m[34mSELECT "appointment_types".* FROM "appointment_types"[0m
  [1m[36mAppointmentType Load (0.1ms)[0m  [1m[34mSELECT "appointment_types".* FROM "appointment_types" WHERE "appointment_types"."id" IN (?, ?)[0m  [["id", 3], ["id", 4]]
  ↳ app/controllers/appointment_types_controller.rb:8:in `index'
  ↳ app/controllers/appointments_controller.rb:8:in `index'
Completed 200 OK in 2ms (Views: 1.6ms | ActiveRecord: 0.0ms (1 query, 0 cached) | GC: 0.0ms)


Completed 200 OK in 3ms (Views: 2.8ms | ActiveRecord: 0.2ms (2 queries, 0 cached) | GC: 0.0ms)


Started GET "/appointments" for 192.168.65.1 at 2026-09-13 01:14:45 +0000
Started GET "/appointment_types" for 192.168.65.1 at 2026-09-13 01:14:45 +0000
Processing by AppointmentsController#index as HTML
  Parameters: {"appointment"=>{}}
  [1m[36mAppointment Load (0.1ms)[0m  [1m[34mSELECT "appointments".* FROM "appointments" ORDER BY "appointments"."starts_at" ASC[0m
Processing by AppointmentTypesController#index as HTML
  ↳ app/controllers/appointments_controller.rb:8:in `index'
  Parameters: {"appointment_type"=>{}}
  [1m[36mAppointmentType Load (0.1ms)[0m  [1m[34mSELECT "appointment_types".* FROM "appointment_types" WHERE "appointment_types"."id" IN (?, ?)[0m  [["id", 3], ["id", 4]]
  [1m[36mAppointmentType Load (0.1ms)[0m  [1m[34mSELECT "appointment_types".* FROM "appointment_types"[0m
  ↳ app/controllers/appointments_controller.rb:8:in `index'
  ↳ app/controllers/appointment_types_controller.rb:8:in `index'
Completed 200 OK in 3ms (Views: 2.9ms | ActiveRecord: 0.1ms (2 queries, 0 cached) | GC: 0.0ms)


Completed 200 OK in 1ms (Views: 1.3ms | ActiveRecord: 0.1ms (1 query, 0 cached) | GC: 0.0ms)


Started GET "/appointments" for 192.168.65.1 at 2026-09-13 01:14:52 +0000
Started GET "/appointment_types" for 192.168.65.1 at 2026-09-13 01:14:52 +0000
Processing by AppointmentsController#index as HTML
  Parameters: {"appointment"=>{}}
Processing by AppointmentTypesController#index as HTML
  [1m[36mAppointment Load (0.1ms)[0m  [1m[34mSELECT "appointments".* FROM "appointments" ORDER BY "appointments"."starts_at" ASC[0m
  Parameters: {"appointment_type"=>{}}
  ↳ app/controllers/appointments_controller.rb:8:in `index'
  [1m[36mAppointmentType Load (0.0ms)[0m  [1m[34mSELECT "appointment_types".* FROM "appointment_types"[0m
  [1m[36mAppointmentType Load (0.1ms)[0m  [1m[34mSELECT "appointment_types".* FROM "appointment_types" WHERE "appointment_types"."id" IN (?, ?)[0m  [["id", 3], ["id", 4]]
  ↳ app/controllers/appointment_types_controller.rb:8:in `index'
  ↳ app/controllers/appointments_controller.rb:8:in `index'
Completed 200 OK in 3ms (Views: 3.2ms | ActiveRecord: 0.0ms (1 query, 0 cached) | GC: 0.0ms)


Completed 200 OK in 6ms (Views: 5.0ms | ActiveRecord: 0.2ms (2 queries, 0 cached) | GC: 0.0ms)


Started GET "/appointments" for 192.168.65.1 at 2026-09-13 01:15:04 +0000
Started GET "/appointment_types" for 192.168.65.1 at 2026-09-13 01:15:04 +0000
Processing by AppointmentsController#index as HTML
  Parameters: {"appointment"=>{}}
Processing by AppointmentTypesController#index as HTML
  [1m[36mAppointment Load (0.1ms)[0m  [1m[34mSELECT "appointments".* FROM "appointments" ORDER BY "appointments"."starts_at" ASC[0m
  Parameters: {"appointment_type"=>{}}
  ↳ app/controllers/appointments_controller.rb:8:in `index'
  [1m[36mAppointmentType Load (0.0ms)[0m  [1m[34mSELECT "appointment_types".* FROM "appointment_types"[0m
  [1m[36mAppointmentType Load (0.1ms)[0m  [1m[34mSELECT "appointment_types".* FROM "appointment_types" WHERE "appointment_types"."id" IN (?, ?)[0m  [["id", 3], ["id", 4]]
  ↳ app/controllers/appointment_types_controller.rb:8:in `index'
  ↳ app/controllers/appointments_controller.rb:8:in `index'
Completed 200 OK in 2ms (Views: 1.7ms | ActiveRecord: 0.0ms (1 query, 0 cached) | GC: 0.0ms)


Completed 200 OK in 3ms (Views: 2.9ms | ActiveRecord: 0.1ms (2 queries, 0 cached) | GC: 0.0ms)


Started GET "/appointment_types" for 192.168.65.1 at 2026-09-13 01:15:15 +0000
Started GET "/appointments" for 192.168.65.1 at 2026-09-13 01:15:15 +0000
Processing by AppointmentTypesController#index as HTML
  Parameters: {"appointment_type"=>{}}
Processing by AppointmentsController#index as HTML
  [1m[36mAppointmentType Load (0.0ms)[0m  [1m[34mSELECT "appointment_types".* FROM "appointment_types"[0m
  Parameters: {"appointment"=>{}}
  ↳ app/controllers/appointment_types_controller.rb:8:in `index'
  [1m[36mAppointment Load (0.1ms)[0m  [1m[34mSELECT "appointments".* FROM "appointments" ORDER BY "appointments"."starts_at" ASC[0m
Completed 200 OK in 1ms (Views: 1.4ms | ActiveRecord: 0.0ms (1 query, 0 cached) | GC: 0.0ms)


  ↳ app/controllers/appointments_controller.rb:8:in `index'
  [1m[36mAppointmentType Load (0.1ms)[0m  [1m[34mSELECT "appointment_types".* FROM "appointment_types" WHERE "appointment_types"."id" IN (?, ?)[0m  [["id", 3], ["id", 4]]
  ↳ app/controllers/appointments_controller.rb:8:in `index'
Completed 200 OK in 4ms (Views: 3.3ms | ActiveRecord: 0.2ms (2 queries, 0 cached) | GC: 1.0ms)


Started GET "/appointments" for 192.168.65.1 at 2026-09-13 01:15:24 +0000
Started GET "/appointment_types" for 192.168.65.1 at 2026-09-13 01:15:24 +0000
Processing by AppointmentTypesController#index as HTML
  Parameters: {"appointment_type"=>{}}
  [1m[36mAppointmentType Load (0.1ms)[0m  [1m[34mSELECT "appointment_types".* FROM "appointment_types"[0m
Processing by AppointmentsController#index as HTML
  ↳ app/controllers/appointment_types_controller.rb:8:in `index'
  Parameters: {"appointment"=>{}}
Completed 200 OK in 1ms (Views: 1.2ms | ActiveRecord: 0.1ms (1 query, 0 cached) | GC: 0.0ms)


  [1m[36mAppointment Load (0.0ms)[0m  [1m[34mSELECT "appointments".* FROM "appointments" ORDER BY "appointments"."starts_at" ASC[0m
  ↳ app/controllers/appointments_controller.rb:8:in `index'
  [1m[36mAppointmentType Load (0.1ms)[0m  [1m[34mSELECT "appointment_types".* FROM "appointment_types" WHERE "appointment_types"."id" IN (?, ?)[0m  [["id", 3], ["id", 4]]
  ↳ app/controllers/appointments_controller.rb:8:in `index'
Completed 200 OK in 2ms (Views: 1.9ms | ActiveRecord: 0.1ms (2 queries, 0 cached) | GC: 0.0ms)


Started GET "/appointment_types" for 192.168.65.1 at 2026-09-13 01:15:57 +0000
Started GET "/appointments" for 192.168.65.1 at 2026-09-13 01:15:57 +0000
Processing by AppointmentsController#index as HTML
  Parameters: {"appointment"=>{}}
Processing by AppointmentTypesController#index as HTML
  [1m[36mAppointment Load (0.1ms)[0m  [1m[34mSELECT "appointments".* FROM "appointments" ORDER BY "appointments"."starts_at" ASC[0m
  Parameters: {"appointment_type"=>{}}
  ↳ app/controllers/appointments_controller.rb:8:in `index'
  [1m[36mAppointmentType Load (0.0ms)[0m  [1m[34mSELECT "appointment_types".* FROM "appointment_types"[0m
  [1m[36mAppointmentType Load (0.1ms)[0m  [1m[34mSELECT "appointment_types".* FROM "appointment_types" WHERE "appointment_types"."id" IN (?, ?)[0m  [["id", 3], ["id", 4]]
  ↳ app/controllers/appointment_types_controller.rb:8:in `index'
  ↳ app/controllers/appointments_controller.rb:8:in `index'
Completed 200 OK in 2ms (Views: 1.4ms | ActiveRecord: 0.0ms (1 query, 0 cached) | GC: 0.0ms)


Completed 200 OK in 3ms (Views: 2.7ms | ActiveRecord: 0.1ms (2 queries, 0 cached) | GC: 0.0ms)


Started GET "/appointments" for 192.168.65.1 at 2026-09-13 01:16:06 +0000
Started GET "/appointment_types" for 192.168.65.1 at 2026-09-13 01:16:06 +0000
Processing by AppointmentsController#index as HTML
  Parameters: {"appointment"=>{}}
  [1m[36mAppointment Load (0.1ms)[0m  [1m[34mSELECT "appointments".* FROM "appointments" ORDER BY "appointments"."starts_at" ASC[0m
Processing by AppointmentTypesController#index as HTML
  ↳ app/controllers/appointments_controller.rb:8:in `index'
  Parameters: {"appointment_type"=>{}}
  [1m[36mAppointmentType Load (0.1ms)[0m  [1m[34mSELECT "appointment_types".* FROM "appointment_types" WHERE "appointment_types"."id" IN (?, ?)[0m  [["id", 3], ["id", 4]]
  [1m[36mAppointmentType Load (0.0ms)[0m  [1m[34mSELECT "appointment_types".* FROM "appointment_types"[0m
  ↳ app/controllers/appointments_controller.rb:8:in `index'
  ↳ app/controllers/appointment_types_controller.rb:8:in `index'
Completed 200 OK in 3ms (Views: 2.7ms | ActiveRecord: 0.1ms (2 queries, 0 cached) | GC: 0.0ms)


Completed 200 OK in 1ms (Views: 1.3ms | ActiveRecord: 0.0ms (1 query, 0 cached) | GC: 0.0ms)


Started GET "/appointments" for 192.168.65.1 at 2026-09-13 01:16:13 +0000
Started GET "/appointment_types" for 192.168.65.1 at 2026-09-13 01:16:13 +0000
Processing by AppointmentsController#index as HTML
  Parameters: {"appointment"=>{}}
Processing by AppointmentTypesController#index as HTML
  [1m[36mAppointment Load (0.1ms)[0m  [1m[34mSELECT "appointments".* FROM "appointments" ORDER BY "appointments"."starts_at" ASC[0m
  Parameters: {"appointment_type"=>{}}
  ↳ app/controllers/appointments_controller.rb:8:in `index'
  [1m[36mAppointmentType Load (0.1ms)[0m  [1m[34mSELECT "appointment_types".* FROM "appointment_types"[0m
  [1m[36mAppointmentType Load (0.1ms)[0m  [1m[34mSELECT "appointment_types".* FROM "appointment_types" WHERE "appointment_types"."id" IN (?, ?)[0m  [["id", 3], ["id", 4]]
  ↳ app/controllers/appointment_types_controller.rb:8:in `index'
  ↳ app/controllers/appointments_controller.rb:8:in `index'
Completed 200 OK in 2ms (Views: 1.5ms | ActiveRecord: 0.1ms (1 query, 0 cached) | GC: 0.0ms)


Completed 200 OK in 3ms (Views: 2.7ms | ActiveRecord: 0.1ms (2 queries, 0 cached) | GC: 0.0ms)


Started GET "/appointments" for 192.168.65.1 at 2026-09-13 01:16:20 +0000
Started GET "/appointment_types" for 192.168.65.1 at 2026-09-13 01:16:20 +0000
Processing by AppointmentsController#index as HTML
  Parameters: {"appointment"=>{}}
  [1m[36mAppointment Load (0.1ms)[0m  [1m[34mSELECT "appointments".* FROM "appointments" ORDER BY "appointments"."starts_at" ASC[0m
Processing by AppointmentTypesController#index as HTML
  ↳ app/controllers/appointments_controller.rb:8:in `index'
  Parameters: {"appointment_type"=>{}}
  [1m[36mAppointmentType Load (0.1ms)[0m  [1m[34mSELECT "appointment_types".* FROM "appointment_types" WHERE "appointment_types"."id" IN (?, ?)[0m  [["id", 3], ["id", 4]]
  [1m[36mAppointmentType Load (0.0ms)[0m  [1m[34mSELECT "appointment_types".* FROM "appointment_types"[0m
  ↳ app/controllers/appointments_controller.rb:8:in `index'
  ↳ app/controllers/appointment_types_controller.rb:8:in `index'
Completed 200 OK in 3ms (Views: 2.9ms | ActiveRecord: 0.2ms (2 queries, 0 cached) | GC: 0.0ms)


Completed 200 OK in 1ms (Views: 1.4ms | ActiveRecord: 0.0ms (1 query, 0 cached) | GC: 0.0ms)


Started GET "/appointment_types" for 192.168.65.1 at 2026-09-13 01:16:39 +0000
Started GET "/appointments" for 192.168.65.1 at 2026-09-13 01:16:39 +0000
Processing by AppointmentTypesController#index as HTML
  Parameters: {"appointment_type"=>{}}
Processing by AppointmentsController#index as HTML
  [1m[36mAppointmentType Load (0.1ms)[0m  [1m[34mSELECT "appointment_types".* FROM "appointment_types"[0m
  Parameters: {"appointment"=>{}}
  ↳ app/controllers/appointment_types_controller.rb:8:in `index'
  [1m[36mAppointment Load (0.0ms)[0m  [1m[34mSELECT "appointments".* FROM "appointments" ORDER BY "appointments"."starts_at" ASC[0m
Completed 200 OK in 2ms (Views: 1.4ms | ActiveRecord: 0.0ms (1 query, 0 cached) | GC: 0.0ms)


  ↳ app/controllers/appointments_controller.rb:8:in `index'
  [1m[36mAppointmentType Load (0.1ms)[0m  [1m[34mSELECT "appointment_types".* FROM "appointment_types" WHERE "appointment_types"."id" IN (?, ?)[0m  [["id", 3], ["id", 4]]
  ↳ app/controllers/appointments_controller.rb:8:in `index'
Completed 200 OK in 3ms (Views: 2.3ms | ActiveRecord: 0.1ms (2 queries, 0 cached) | GC: 0.0ms)


Started GET "/appointments" for 192.168.65.1 at 2026-09-13 01:16:44 +0000
Started GET "/appointment_types" for 192.168.65.1 at 2026-09-13 01:16:44 +0000
Processing by AppointmentTypesController#index as HTML
  Parameters: {"appointment_type"=>{}}
Processing by AppointmentsController#index as HTML
  [1m[36mAppointmentType Load (0.1ms)[0m  [1m[34mSELECT "appointment_types".* FROM "appointment_types"[0m
  Parameters: {"appointment"=>{}}
  ↳ app/controllers/appointment_types_controller.rb:8:in `index'
  [1m[36mAppointment Load (0.1ms)[0m  [1m[34mSELECT "appointments".* FROM "appointments" ORDER BY "appointments"."starts_at" ASC[0m
Completed 200 OK in 1ms (Views: 1.3ms | ActiveRecord: 0.1ms (1 query, 0 cached) | GC: 0.0ms)


  ↳ app/controllers/appointments_controller.rb:8:in `index'
  [1m[36mAppointmentType Load (0.1ms)[0m  [1m[34mSELECT "appointment_types".* FROM "appointment_types" WHERE "appointment_types"."id" IN (?, ?)[0m  [["id", 3], ["id", 4]]
  ↳ app/controllers/appointments_controller.rb:8:in `index'
Completed 200 OK in 4ms (Views: 3.6ms | ActiveRecord: 0.1ms (2 queries, 0 cached) | GC: 1.0ms)


Started GET "/appointment_types" for 192.168.65.1 at 2026-09-13 01:16:58 +0000
Started GET "/appointments" for 192.168.65.1 at 2026-09-13 01:16:58 +0000
Processing by AppointmentTypesController#index as HTML
  Parameters: {"appointment_type"=>{}}
Processing by AppointmentsController#index as HTML
  [1m[36mAppointmentType Load (0.0ms)[0m  [1m[34mSELECT "appointment_types".* FROM "appointment_types"[0m
  Parameters: {"appointment"=>{}}
  ↳ app/controllers/appointment_types_controller.rb:8:in `index'
  [1m[36mAppointment Load (0.0ms)[0m  [1m[34mSELECT "appointments".* FROM "appointments" ORDER BY "appointments"."starts_at" ASC[0m
Completed 200 OK in 1ms (Views: 1.2ms | ActiveRecord: 0.0ms (1 query, 0 cached) | GC: 0.0ms)


  ↳ app/controllers/appointments_controller.rb:8:in `index'
  [1m[36mAppointmentType Load (0.1ms)[0m  [1m[34mSELECT "appointment_types".* FROM "appointment_types" WHERE "appointment_types"."id" IN (?, ?)[0m  [["id", 3], ["id", 4]]
  ↳ app/controllers/appointments_controller.rb:8:in `index'
Completed 200 OK in 3ms (Views: 2.3ms | ActiveRecord: 0.1ms (2 queries, 0 cached) | GC: 0.0ms)


Started GET "/appointment_types" for 192.168.65.1 at 2026-09-13 01:17:09 +0000
Started GET "/appointments" for 192.168.65.1 at 2026-09-13 01:17:09 +0000
Processing by AppointmentsController#index as HTML
  Parameters: {"appointment"=>{}}
  [1m[36mAppointment Load (0.1ms)[0m  [1m[34mSELECT "appointments".* FROM "appointments" ORDER BY "appointments"."starts_at" ASC[0m
Processing by AppointmentTypesController#index as HTML
  ↳ app/controllers/appointments_controller.rb:8:in `index'
  Parameters: {"appointment_type"=>{}}
  [1m[36mAppointmentType Load (0.1ms)[0m  [1m[34mSELECT "appointment_types".* FROM "appointment_types" WHERE "appointment_types"."id" IN (?, ?)[0m  [["id", 3], ["id", 4]]
  [1m[36mAppointmentType Load (0.1ms)[0m  [1m[34mSELECT "appointment_types".* FROM "appointment_types"[0m
  ↳ app/controllers/appointments_controller.rb:8:in `index'
  ↳ app/controllers/appointment_types_controller.rb:8:in `index'
Completed 200 OK in 3ms (Views: 3.0ms | ActiveRecord: 0.2ms (2 queries, 0 cached) | GC: 0.0ms)


Completed 200 OK in 2ms (Views: 1.5ms | ActiveRecord: 0.1ms (1 query, 0 cached) | GC: 0.0ms)


Started GET "/appointments" for 192.168.65.1 at 2026-09-13 01:17:24 +0000
Started GET "/appointment_types" for 192.168.65.1 at 2026-09-13 01:17:24 +0000
Processing by AppointmentsController#index as HTML
  Parameters: {"appointment"=>{}}
Processing by AppointmentTypesController#index as HTML
  [1m[36mAppointment Load (0.1ms)[0m  [1m[34mSELECT "appointments".* FROM "appointments" ORDER BY "appointments"."starts_at" ASC[0m
  Parameters: {"appointment_type"=>{}}
  ↳ app/controllers/appointments_controller.rb:8:in `index'
  [1m[36mAppointmentType Load (0.0ms)[0m  [1m[34mSELECT "appointment_types".* FROM "appointment_types"[0m
  [1m[36mAppointmentType Load (0.1ms)[0m  [1m[34mSELECT "appointment_types".* FROM "appointment_types" WHERE "appointment_types"."id" IN (?, ?)[0m  [["id", 3], ["id", 4]]
  ↳ app/controllers/appointment_types_controller.rb:8:in `index'
  ↳ app/controllers/appointments_controller.rb:8:in `index'
Completed 200 OK in 2ms (Views: 1.8ms | ActiveRecord: 0.0ms (1 query, 0 cached) | GC: 0.0ms)


Completed 200 OK in 3ms (Views: 2.9ms | ActiveRecord: 0.2ms (2 queries, 0 cached) | GC: 0.0ms)


Started GET "/appointment_types" for 192.168.65.1 at 2026-09-13 01:17:30 +0000
Started GET "/appointments" for 192.168.65.1 at 2026-09-13 01:17:30 +0000
Processing by AppointmentsController#index as HTML
  Parameters: {"appointment"=>{}}
Processing by AppointmentTypesController#index as HTML
  [1m[36mAppointment Load (0.1ms)[0m  [1m[34mSELECT "appointments".* FROM "appointments" ORDER BY "appointments"."starts_at" ASC[0m
  Parameters: {"appointment_type"=>{}}
  ↳ app/controllers/appointments_controller.rb:8:in `index'
  [1m[36mAppointmentType Load (0.0ms)[0m  [1m[34mSELECT "appointment_types".* FROM "appointment_types"[0m
  [1m[36mAppointmentType Load (0.1ms)[0m  [1m[34mSELECT "appointment_types".* FROM "appointment_types" WHERE "appointment_types"."id" IN (?, ?)[0m  [["id", 3], ["id", 4]]
  ↳ app/controllers/appointment_types_controller.rb:8:in `index'
  ↳ app/controllers/appointments_controller.rb:8:in `index'
Completed 200 OK in 2ms (Views: 1.7ms | ActiveRecord: 0.0ms (1 query, 0 cached) | GC: 0.0ms)


Completed 200 OK in 3ms (Views: 3.0ms | ActiveRecord: 0.2ms (2 queries, 0 cached) | GC: 0.0ms)


Started GET "/appointment_types" for 192.168.65.1 at 2026-09-13 01:17:40 +0000
Started GET "/appointments" for 192.168.65.1 at 2026-09-13 01:17:40 +0000
Processing by AppointmentTypesController#index as HTML
  Parameters: {"appointment_type"=>{}}
Processing by AppointmentsController#index as HTML
  [1m[36mAppointmentType Load (0.0ms)[0m  [1m[34mSELECT "appointment_types".* FROM "appointment_types"[0m
  Parameters: {"appointment"=>{}}
  ↳ app/controllers/appointment_types_controller.rb:8:in `index'
  [1m[36mAppointment Load (0.0ms)[0m  [1m[34mSELECT "appointments".* FROM "appointments" ORDER BY "appointments"."starts_at" ASC[0m
Completed 200 OK in 2ms (Views: 1.4ms | ActiveRecord: 0.0ms (1 query, 0 cached) | GC: 0.1ms)


  ↳ app/controllers/appointments_controller.rb:8:in `index'
  [1m[36mAppointmentType Load (0.1ms)[0m  [1m[34mSELECT "appointment_types".* FROM "appointment_types" WHERE "appointment_types"."id" IN (?, ?)[0m  [["id", 3], ["id", 4]]
  ↳ app/controllers/appointments_controller.rb:8:in `index'
Completed 200 OK in 2ms (Views: 1.8ms | ActiveRecord: 0.1ms (2 queries, 0 cached) | GC: 0.0ms)


Started GET "/appointments" for 192.168.65.1 at 2026-09-13 01:17:50 +0000
Started GET "/appointment_types" for 192.168.65.1 at 2026-09-13 01:17:50 +0000
Processing by AppointmentTypesController#index as HTML
  Parameters: {"appointment_type"=>{}}
  [1m[36mAppointmentType Load (0.1ms)[0m  [1m[34mSELECT "appointment_types".* FROM "appointment_types"[0m
Processing by AppointmentsController#index as HTML
  ↳ app/controllers/appointment_types_controller.rb:8:in `index'
  Parameters: {"appointment"=>{}}
Completed 200 OK in 1ms (Views: 1.1ms | ActiveRecord: 0.1ms (1 query, 0 cached) | GC: 0.0ms)


  [1m[36mAppointment Load (0.1ms)[0m  [1m[34mSELECT "appointments".* FROM "appointments" ORDER BY "appointments"."starts_at" ASC[0m
  ↳ app/controllers/appointments_controller.rb:8:in `index'
  [1m[36mAppointmentType Load (0.1ms)[0m  [1m[34mSELECT "appointment_types".* FROM "appointment_types" WHERE "appointment_types"."id" IN (?, ?)[0m  [["id", 3], ["id", 4]]
  ↳ app/controllers/appointments_controller.rb:8:in `index'
Completed 200 OK in 2ms (Views: 1.6ms | ActiveRecord: 0.1ms (2 queries, 0 cached) | GC: 0.0ms)


Started GET "/appointment_types" for 192.168.65.1 at 2026-09-13 01:17:57 +0000
Started GET "/appointments" for 192.168.65.1 at 2026-09-13 01:17:57 +0000
Processing by AppointmentTypesController#index as HTML
  Parameters: {"appointment_type"=>{}}
Processing by AppointmentsController#index as HTML
  [1m[36mAppointmentType Load (0.0ms)[0m  [1m[34mSELECT "appointment_types".* FROM "appointment_types"[0m
  Parameters: {"appointment"=>{}}
  ↳ app/controllers/appointment_types_controller.rb:8:in `index'
  [1m[36mAppointment Load (0.0ms)[0m  [1m[34mSELECT "appointments".* FROM "appointments" ORDER BY "appointments"."starts_at" ASC[0m
Completed 200 OK in 1ms (Views: 1.3ms | ActiveRecord: 0.0ms (1 query, 0 cached) | GC: 0.0ms)


  ↳ app/controllers/appointments_controller.rb:8:in `index'
  [1m[36mAppointmentType Load (0.1ms)[0m  [1m[34mSELECT "appointment_types".* FROM "appointment_types" WHERE "appointment_types"."id" IN (?, ?)[0m  [["id", 3], ["id", 4]]
  ↳ app/controllers/appointments_controller.rb:8:in `index'
Completed 200 OK in 2ms (Views: 2.1ms | ActiveRecord: 0.1ms (2 queries, 0 cached) | GC: 0.0ms)


Started GET "/appointments" for 192.168.65.1 at 2026-09-13 01:18:04 +0000
Started GET "/appointment_types" for 192.168.65.1 at 2026-09-13 01:18:04 +0000
Processing by AppointmentsController#index as HTML
  Parameters: {"appointment"=>{}}
  [1m[36mAppointment Load (0.1ms)[0m  [1m[34mSELECT "appointments".* FROM "appointments" ORDER BY "appointments"."starts_at" ASC[0m
  ↳ app/controllers/appointments_controller.rb:8:in `index'
  [1m[36mAppointmentType Load (0.1ms)[0m  [1m[34mSELECT "appointment_types".* FROM "appointment_types" WHERE "appointment_types"."id" IN (?, ?)[0m  [["id", 3], ["id", 4]]
  ↳ app/controllers/appointments_controller.rb:8:in `index'
Completed 200 OK in 3ms (Views: 2.3ms | ActiveRecord: 0.2ms (2 queries, 0 cached) | GC: 0.0ms)


Processing by AppointmentTypesController#index as HTML
  Parameters: {"appointment_type"=>{}}
  [1m[36mAppointmentType Load (0.1ms)[0m  [1m[34mSELECT "appointment_types".* FROM "appointment_types"[0m
  ↳ app/controllers/appointment_types_controller.rb:8:in `index'
Completed 200 OK in 1ms (Views: 0.7ms | ActiveRecord: 0.0ms (1 query, 0 cached) | GC: 0.0ms)


Started GET "/appointment_types" for 192.168.65.1 at 2026-09-13 01:18:21 +0000
Started GET "/appointments" for 192.168.65.1 at 2026-09-13 01:18:21 +0000
Processing by AppointmentTypesController#index as HTML
  Parameters: {"appointment_type"=>{}}
Processing by AppointmentsController#index as HTML
  [1m[36mAppointmentType Load (0.1ms)[0m  [1m[34mSELECT "appointment_types".* FROM "appointment_types"[0m
  Parameters: {"appointment"=>{}}
  ↳ app/controllers/appointment_types_controller.rb:8:in `index'
  [1m[36mAppointment Load (0.0ms)[0m  [1m[34mSELECT "appointments".* FROM "appointments" ORDER BY "appointments"."starts_at" ASC[0m
Completed 200 OK in 1ms (Views: 1.3ms | ActiveRecord: 0.1ms (1 query, 0 cached) | GC: 0.0ms)


  ↳ app/controllers/appointments_controller.rb:8:in `index'
  [1m[36mAppointmentType Load (0.1ms)[0m  [1m[34mSELECT "appointment_types".* FROM "appointment_types" WHERE "appointment_types"."id" IN (?, ?)[0m  [["id", 3], ["id", 4]]
  ↳ app/controllers/appointments_controller.rb:8:in `index'
Completed 200 OK in 3ms (Views: 2.3ms | ActiveRecord: 0.2ms (2 queries, 0 cached) | GC: 0.0ms)


Started GET "/appointment_types" for 192.168.65.1 at 2026-09-13 01:19:46 +0000
Started GET "/appointments" for 192.168.65.1 at 2026-09-13 01:19:46 +0000
Processing by AppointmentTypesController#index as HTML
  Parameters: {"appointment_type"=>{}}
Processing by AppointmentsController#index as HTML
  [1m[36mAppointmentType Load (0.0ms)[0m  [1m[34mSELECT "appointment_types".* FROM "appointment_types"[0m
  Parameters: {"appointment"=>{}}
  ↳ app/controllers/appointment_types_controller.rb:8:in `index'
  [1m[36mAppointment Load (0.0ms)[0m  [1m[34mSELECT "appointments".* FROM "appointments" ORDER BY "appointments"."starts_at" ASC[0m
Completed 200 OK in 1ms (Views: 1.1ms | ActiveRecord: 0.0ms (1 query, 0 cached) | GC: 0.0ms)


  ↳ app/controllers/appointments_controller.rb:8:in `index'
  [1m[36mAppointmentType Load (0.1ms)[0m  [1m[34mSELECT "appointment_types".* FROM "appointment_types" WHERE "appointment_types"."id" IN (?, ?)[0m  [["id", 3], ["id", 4]]
  ↳ app/controllers/appointments_controller.rb:8:in `index'
Completed 200 OK in 2ms (Views: 2.2ms | ActiveRecord: 0.1ms (2 queries, 0 cached) | GC: 0.0ms)


Started GET "/appointments" for 192.168.65.1 at 2026-09-13 01:19:58 +0000
Started GET "/appointment_types" for 192.168.65.1 at 2026-09-13 01:19:58 +0000
Processing by AppointmentsController#index as HTML
  Parameters: {"appointment"=>{}}
Processing by AppointmentTypesController#index as HTML
  [1m[36mAppointment Load (0.1ms)[0m  [1m[34mSELECT "appointments".* FROM "appointments" ORDER BY "appointments"."starts_at" ASC[0m
  Parameters: {"appointment_type"=>{}}
  ↳ app/controllers/appointments_controller.rb:8:in `index'
  [1m[36mAppointmentType Load (0.0ms)[0m  [1m[34mSELECT "appointment_types".* FROM "appointment_types"[0m
  [1m[36mAppointmentType Load (0.1ms)[0m  [1m[34mSELECT "appointment_types".* FROM "appointment_types" WHERE "appointment_types"."id" IN (?, ?)[0m  [["id", 3], ["id", 4]]
  ↳ app/controllers/appointment_types_controller.rb:8:in `index'
  ↳ app/controllers/appointments_controller.rb:8:in `index'
Completed 200 OK in 2ms (Views: 1.4ms | ActiveRecord: 0.0ms (1 query, 0 cached) | GC: 0.0ms)


Completed 200 OK in 3ms (Views: 2.6ms | ActiveRecord: 0.1ms (2 queries, 0 cached) | GC: 0.0ms)


Started GET "/appointments" for 192.168.65.1 at 2026-09-13 01:20:07 +0000
Started GET "/appointment_types" for 192.168.65.1 at 2026-09-13 01:20:07 +0000
Processing by AppointmentsController#index as HTML
  Parameters: {"appointment"=>{}}
Processing by AppointmentTypesController#index as HTML
  [1m[36mAppointment Load (0.1ms)[0m  [1m[34mSELECT "appointments".* FROM "appointments" ORDER BY "appointments"."starts_at" ASC[0m
  Parameters: {"appointment_type"=>{}}
  ↳ app/controllers/appointments_controller.rb:8:in `index'
  [1m[36mAppointmentType Load (0.0ms)[0m  [1m[34mSELECT "appointment_types".* FROM "appointment_types"[0m
  [1m[36mAppointmentType Load (0.1ms)[0m  [1m[34mSELECT "appointment_types".* FROM "appointment_types" WHERE "appointment_types"."id" IN (?, ?)[0m  [["id", 3], ["id", 4]]
  ↳ app/controllers/appointment_types_controller.rb:8:in `index'
  ↳ app/controllers/appointments_controller.rb:8:in `index'
Completed 200 OK in 2ms (Views: 1.5ms | ActiveRecord: 0.0ms (1 query, 0 cached) | GC: 0.2ms)


Completed 200 OK in 3ms (Views: 2.7ms | ActiveRecord: 0.1ms (2 queries, 0 cached) | GC: 0.2ms)


Started GET "/appointments" for 192.168.65.1 at 2026-09-13 01:20:50 +0000
Started GET "/appointment_types" for 192.168.65.1 at 2026-09-13 01:20:50 +0000
Processing by AppointmentsController#index as HTML
  Parameters: {"appointment"=>{}}
Processing by AppointmentTypesController#index as HTML
  [1m[36mAppointment Load (0.1ms)[0m  [1m[34mSELECT "appointments".* FROM "appointments" ORDER BY "appointments"."starts_at" ASC[0m
  Parameters: {"appointment_type"=>{}}
  ↳ app/controllers/appointments_controller.rb:8:in `index'
  [1m[36mAppointmentType Load (0.0ms)[0m  [1m[34mSELECT "appointment_types".* FROM "appointment_types"[0m
  [1m[36mAppointmentType Load (0.1ms)[0m  [1m[34mSELECT "appointment_types".* FROM "appointment_types" WHERE "appointment_types"."id" IN (?, ?)[0m  [["id", 3], ["id", 4]]
  ↳ app/controllers/appointment_types_controller.rb:8:in `index'
  ↳ app/controllers/appointments_controller.rb:8:in `index'
Completed 200 OK in 2ms (Views: 1.5ms | ActiveRecord: 0.0ms (1 query, 0 cached) | GC: 0.0ms)


Completed 200 OK in 3ms (Views: 2.7ms | ActiveRecord: 0.1ms (2 queries, 0 cached) | GC: 0.0ms)


Started GET "/appointments" for 192.168.65.1 at 2026-09-13 01:22:08 +0000
Started GET "/appointment_types" for 192.168.65.1 at 2026-09-13 01:22:08 +0000
Processing by AppointmentsController#index as HTML
  Parameters: {"appointment"=>{}}
Processing by AppointmentTypesController#index as HTML
  [1m[36mAppointment Load (0.1ms)[0m  [1m[34mSELECT "appointments".* FROM "appointments" ORDER BY "appointments"."starts_at" ASC[0m
  Parameters: {"appointment_type"=>{}}
  ↳ app/controllers/appointments_controller.rb:8:in `index'
  [1m[36mAppointmentType Load (0.0ms)[0m  [1m[34mSELECT "appointment_types".* FROM "appointment_types"[0m
  [1m[36mAppointmentType Load (0.1ms)[0m  [1m[34mSELECT "appointment_types".* FROM "appointment_types" WHERE "appointment_types"."id" IN (?, ?)[0m  [["id", 3], ["id", 4]]
  ↳ app/controllers/appointment_types_controller.rb:8:in `index'
  ↳ app/controllers/appointments_controller.rb:8:in `index'
Completed 200 OK in 2ms (Views: 1.6ms | ActiveRecord: 0.0ms (1 query, 0 cached) | GC: 0.0ms)


Completed 200 OK in 3ms (Views: 3.0ms | ActiveRecord: 0.1ms (2 queries, 0 cached) | GC: 0.0ms)


Started GET "/appointment_types" for 192.168.65.1 at 2026-09-13 01:22:21 +0000
Started GET "/appointments" for 192.168.65.1 at 2026-09-13 01:22:21 +0000
Processing by AppointmentTypesController#index as HTML
  Parameters: {"appointment_type"=>{}}
Processing by AppointmentsController#index as HTML
  [1m[36mAppointmentType Load (0.1ms)[0m  [1m[34mSELECT "appointment_types".* FROM "appointment_types"[0m
  Parameters: {"appointment"=>{}}
  ↳ app/controllers/appointment_types_controller.rb:8:in `index'
  [1m[36mAppointment Load (0.1ms)[0m  [1m[34mSELECT "appointments".* FROM "appointments" ORDER BY "appointments"."starts_at" ASC[0m
Completed 200 OK in 2ms (Views: 1.4ms | ActiveRecord: 0.1ms (1 query, 0 cached) | GC: 0.0ms)


  ↳ app/controllers/appointments_controller.rb:8:in `index'
  [1m[36mAppointmentType Load (0.1ms)[0m  [1m[34mSELECT "appointment_types".* FROM "appointment_types" WHERE "appointment_types"."id" IN (?, ?)[0m  [["id", 3], ["id", 4]]
  ↳ app/controllers/appointments_controller.rb:8:in `index'
Completed 200 OK in 3ms (Views: 2.2ms | ActiveRecord: 0.1ms (2 queries, 0 cached) | GC: 0.0ms)


Started GET "/appointment_types" for 192.168.65.1 at 2026-09-13 01:22:32 +0000
Started GET "/appointments" for 192.168.65.1 at 2026-09-13 01:22:32 +0000
Processing by AppointmentTypesController#index as HTML
  Parameters: {"appointment_type"=>{}}
Processing by AppointmentsController#index as HTML
  [1m[36mAppointmentType Load (0.0ms)[0m  [1m[34mSELECT "appointment_types".* FROM "appointment_types"[0m
  Parameters: {"appointment"=>{}}
  ↳ app/controllers/appointment_types_controller.rb:8:in `index'
  [1m[36mAppointment Load (0.1ms)[0m  [1m[34mSELECT "appointments".* FROM "appointments" ORDER BY "appointments"."starts_at" ASC[0m
Completed 200 OK in 2ms (Views: 1.7ms | ActiveRecord: 0.0ms (1 query, 0 cached) | GC: 0.4ms)


  ↳ app/controllers/appointments_controller.rb:8:in `index'
  [1m[36mAppointmentType Load (0.1ms)[0m  [1m[34mSELECT "appointment_types".* FROM "appointment_types" WHERE "appointment_types"."id" IN (?, ?)[0m  [["id", 3], ["id", 4]]
  ↳ app/controllers/appointments_controller.rb:8:in `index'
Completed 200 OK in 3ms (Views: 2.3ms | ActiveRecord: 0.1ms (2 queries, 0 cached) | GC: 0.4ms)


Started GET "/appointment_types" for 192.168.65.1 at 2026-09-13 01:22:35 +0000
Started GET "/appointments" for 192.168.65.1 at 2026-09-13 01:22:35 +0000
Processing by AppointmentTypesController#index as HTML
  Parameters: {"appointment_type"=>{}}
Processing by AppointmentsController#index as HTML
  [1m[36mAppointmentType Load (0.0ms)[0m  [1m[34mSELECT "appointment_types".* FROM "appointment_types"[0m
  Parameters: {"appointment"=>{}}
  ↳ app/controllers/appointment_types_controller.rb:8:in `index'
  [1m[36mAppointment Load (0.0ms)[0m  [1m[34mSELECT "appointments".* FROM "appointments" ORDER BY "appointments"."starts_at" ASC[0m
Completed 200 OK in 2ms (Views: 1.7ms | ActiveRecord: 0.0ms (1 query, 0 cached) | GC: 0.4ms)


  ↳ app/controllers/appointments_controller.rb:8:in `index'
  [1m[36mAppointmentType Load (0.1ms)[0m  [1m[34mSELECT "appointment_types".* FROM "appointment_types" WHERE "appointment_types"."id" IN (?, ?)[0m  [["id", 3], ["id", 4]]
  ↳ app/controllers/appointments_controller.rb:8:in `index'
Completed 200 OK in 3ms (Views: 2.5ms | ActiveRecord: 0.2ms (2 queries, 0 cached) | GC: 0.4ms)


Started GET "/appointments" for 192.168.65.1 at 2026-09-13 01:23:04 +0000
Started GET "/appointment_types" for 192.168.65.1 at 2026-09-13 01:23:04 +0000
Processing by AppointmentsController#index as HTML
  Parameters: {"appointment"=>{}}
Processing by AppointmentTypesController#index as HTML
  [1m[36mAppointment Load (0.1ms)[0m  [1m[34mSELECT "appointments".* FROM "appointments" ORDER BY "appointments"."starts_at" ASC[0m
  Parameters: {"appointment_type"=>{}}
  ↳ app/controllers/appointments_controller.rb:8:in `index'
  [1m[36mAppointmentType Load (0.0ms)[0m  [1m[34mSELECT "appointment_types".* FROM "appointment_types"[0m
  [1m[36mAppointmentType Load (0.1ms)[0m  [1m[34mSELECT "appointment_types".* FROM "appointment_types" WHERE "appointment_types"."id" IN (?, ?)[0m  [["id", 3], ["id", 4]]
  ↳ app/controllers/appointment_types_controller.rb:8:in `index'
  ↳ app/controllers/appointments_controller.rb:8:in `index'
Completed 200 OK in 2ms (Views: 1.5ms | ActiveRecord: 0.0ms (1 query, 0 cached) | GC: 0.2ms)


Completed 200 OK in 3ms (Views: 2.6ms | ActiveRecord: 0.1ms (2 queries, 0 cached) | GC: 0.2ms)


Started GET "/appointment_types" for 192.168.65.1 at 2026-09-13 01:23:14 +0000
Started GET "/appointments" for 192.168.65.1 at 2026-09-13 01:23:14 +0000
Processing by AppointmentTypesController#index as HTML
  Parameters: {"appointment_type"=>{}}
Processing by AppointmentsController#index as HTML
  [1m[36mAppointmentType Load (0.0ms)[0m  [1m[34mSELECT "appointment_types".* FROM "appointment_types"[0m
  Parameters: {"appointment"=>{}}
  ↳ app/controllers/appointment_types_controller.rb:8:in `index'
  [1m[36mAppointment Load (0.1ms)[0m  [1m[34mSELECT "appointments".* FROM "appointments" ORDER BY "appointments"."starts_at" ASC[0m
Completed 200 OK in 1ms (Views: 1.3ms | ActiveRecord: 0.0ms (1 query, 0 cached) | GC: 0.0ms)


  ↳ app/controllers/appointments_controller.rb:8:in `index'
  [1m[36mAppointmentType Load (0.1ms)[0m  [1m[34mSELECT "appointment_types".* FROM "appointment_types" WHERE "appointment_types"."id" IN (?, ?)[0m  [["id", 3], ["id", 4]]
  ↳ app/controllers/appointments_controller.rb:8:in `index'
Completed 200 OK in 2ms (Views: 2.2ms | ActiveRecord: 0.1ms (2 queries, 0 cached) | GC: 0.2ms)


Started GET "/appointment_types" for 192.168.65.1 at 2026-09-13 01:23:24 +0000
Started GET "/appointments" for 192.168.65.1 at 2026-09-13 01:23:24 +0000
Processing by AppointmentsController#index as HTML
  Parameters: {"appointment"=>{}}
  [1m[36mAppointment Load (0.1ms)[0m  [1m[34mSELECT "appointments".* FROM "appointments" ORDER BY "appointments"."starts_at" ASC[0m
Processing by AppointmentTypesController#index as HTML
  ↳ app/controllers/appointments_controller.rb:8:in `index'
  Parameters: {"appointment_type"=>{}}
  [1m[36mAppointmentType Load (0.1ms)[0m  [1m[34mSELECT "appointment_types".* FROM "appointment_types" WHERE "appointment_types"."id" IN (?, ?)[0m  [["id", 3], ["id", 4]]
  [1m[36mAppointmentType Load (0.0ms)[0m  [1m[34mSELECT "appointment_types".* FROM "appointment_types"[0m
  ↳ app/controllers/appointments_controller.rb:8:in `index'
  ↳ app/controllers/appointment_types_controller.rb:8:in `index'
Completed 200 OK in 3ms (Views: 3.1ms | ActiveRecord: 0.2ms (2 queries, 0 cached) | GC: 0.0ms)


Completed 200 OK in 2ms (Views: 1.5ms | ActiveRecord: 0.0ms (1 query, 0 cached) | GC: 0.0ms)


Started GET "/appointment_types" for 192.168.65.1 at 2026-09-13 01:23:33 +0000
Started GET "/appointments" for 192.168.65.1 at 2026-09-13 01:23:33 +0000
Processing by AppointmentTypesController#index as HTML
  Parameters: {"appointment_type"=>{}}
  [1m[36mAppointmentType Load (0.1ms)[0m  [1m[34mSELECT "appointment_types".* FROM "appointment_types"[0m
Processing by AppointmentsController#index as HTML
  ↳ app/controllers/appointment_types_controller.rb:8:in `index'
  Parameters: {"appointment"=>{}}
Completed 200 OK in 1ms (Views: 1.2ms | ActiveRecord: 0.1ms (1 query, 0 cached) | GC: 0.0ms)


  [1m[36mAppointment Load (0.1ms)[0m  [1m[34mSELECT "appointments".* FROM "appointments" ORDER BY "appointments"."starts_at" ASC[0m
  ↳ app/controllers/appointments_controller.rb:8:in `index'
  [1m[36mAppointmentType Load (0.1ms)[0m  [1m[34mSELECT "appointment_types".* FROM "appointment_types" WHERE "appointment_types"."id" IN (?, ?)[0m  [["id", 3], ["id", 4]]
  ↳ app/controllers/appointments_controller.rb:8:in `index'
Completed 200 OK in 2ms (Views: 1.9ms | ActiveRecord: 0.1ms (2 queries, 0 cached) | GC: 0.0ms)


Started GET "/appointment_types" for 192.168.65.1 at 2026-09-13 01:24:09 +0000
Started GET "/appointments" for 192.168.65.1 at 2026-09-13 01:24:09 +0000
Processing by AppointmentTypesController#index as HTML
  Parameters: {"appointment_type"=>{}}
  [1m[36mAppointmentType Load (0.0ms)[0m  [1m[34mSELECT "appointment_types".* FROM "appointment_types"[0m
Processing by AppointmentsController#index as HTML
  ↳ app/controllers/appointment_types_controller.rb:8:in `index'
  Parameters: {"appointment"=>{}}
Completed 200 OK in 1ms (Views: 1.2ms | ActiveRecord: 0.0ms (1 query, 0 cached) | GC: 0.0ms)


  [1m[36mAppointment Load (0.1ms)[0m  [1m[34mSELECT "appointments".* FROM "appointments" ORDER BY "appointments"."starts_at" ASC[0m
  ↳ app/controllers/appointments_controller.rb:8:in `index'
  [1m[36mAppointmentType Load (0.1ms)[0m  [1m[34mSELECT "appointment_types".* FROM "appointment_types" WHERE "appointment_types"."id" IN (?, ?)[0m  [["id", 3], ["id", 4]]
  ↳ app/controllers/appointments_controller.rb:8:in `index'
Completed 200 OK in 2ms (Views: 1.9ms | ActiveRecord: 0.1ms (2 queries, 0 cached) | GC: 0.0ms)


Started GET "/appointment_types" for 192.168.65.1 at 2026-09-13 01:24:14 +0000
Started GET "/appointments" for 192.168.65.1 at 2026-09-13 01:24:14 +0000
Processing by AppointmentTypesController#index as HTML
  Parameters: {"appointment_type"=>{}}
Processing by AppointmentsController#index as HTML
  [1m[36mAppointmentType Load (0.1ms)[0m  [1m[34mSELECT "appointment_types".* FROM "appointment_types"[0m
  Parameters: {"appointment"=>{}}
  ↳ app/controllers/appointment_types_controller.rb:8:in `index'
  [1m[36mAppointment Load (0.1ms)[0m  [1m[34mSELECT "appointments".* FROM "appointments" ORDER BY "appointments"."starts_at" ASC[0m
Completed 200 OK in 2ms (Views: 1.9ms | ActiveRecord: 0.0ms (1 query, 0 cached) | GC: 0.4ms)


  ↳ app/controllers/appointments_controller.rb:8:in `index'
  [1m[36mAppointmentType Load (0.1ms)[0m  [1m[34mSELECT "appointment_types".* FROM "appointment_types" WHERE "appointment_types"."id" IN (?, ?)[0m  [["id", 3], ["id", 4]]
  ↳ app/controllers/appointments_controller.rb:8:in `index'
Completed 200 OK in 2ms (Views: 2.2ms | ActiveRecord: 0.2ms (2 queries, 0 cached) | GC: 0.4ms)


Started GET "/appointment_types" for 192.168.65.1 at 2026-09-13 01:24:23 +0000
Started GET "/appointments" for 192.168.65.1 at 2026-09-13 01:24:23 +0000
Processing by AppointmentTypesController#index as HTML
  Parameters: {"appointment_type"=>{}}
Processing by AppointmentsController#index as HTML
  [1m[36mAppointmentType Load (0.0ms)[0m  [1m[34mSELECT "appointment_types".* FROM "appointment_types"[0m
  Parameters: {"appointment"=>{}}
  ↳ app/controllers/appointment_types_controller.rb:8:in `index'
  [1m[36mAppointment Load (0.1ms)[0m  [1m[34mSELECT "appointments".* FROM "appointments" ORDER BY "appointments"."starts_at" ASC[0m
Completed 200 OK in 1ms (Views: 1.3ms | ActiveRecord: 0.0ms (1 query, 0 cached) | GC: 0.0ms)


  ↳ app/controllers/appointments_controller.rb:8:in `index'
  [1m[36mAppointmentType Load (0.1ms)[0m  [1m[34mSELECT "appointment_types".* FROM "appointment_types" WHERE "appointment_types"."id" IN (?, ?)[0m  [["id", 3], ["id", 4]]
  ↳ app/controllers/appointments_controller.rb:8:in `index'
Completed 200 OK in 3ms (Views: 2.4ms | ActiveRecord: 0.2ms (2 queries, 0 cached) | GC: 0.4ms)


Started GET "/appointment_types" for 192.168.65.1 at 2026-09-13 01:24:30 +0000
Started GET "/appointments" for 192.168.65.1 at 2026-09-13 01:24:30 +0000
Processing by AppointmentTypesController#index as HTML
  Parameters: {"appointment_type"=>{}}
Processing by AppointmentsController#index as HTML
  [1m[36mAppointmentType Load (0.1ms)[0m  [1m[34mSELECT "appointment_types".* FROM "appointment_types"[0m
  Parameters: {"appointment"=>{}}
  ↳ app/controllers/appointment_types_controller.rb:8:in `index'
  [1m[36mAppointment Load (0.0ms)[0m  [1m[34mSELECT "appointments".* FROM "appointments" ORDER BY "appointments"."starts_at" ASC[0m
Completed 200 OK in 2ms (Views: 1.6ms | ActiveRecord: 0.1ms (1 query, 0 cached) | GC: 0.0ms)


  ↳ app/controllers/appointments_controller.rb:8:in `index'
  [1m[36mAppointmentType Load (0.1ms)[0m  [1m[34mSELECT "appointment_types".* FROM "appointment_types" WHERE "appointment_types"."id" IN (?, ?)[0m  [["id", 3], ["id", 4]]
  ↳ app/controllers/appointments_controller.rb:8:in `index'
Completed 200 OK in 3ms (Views: 2.6ms | ActiveRecord: 0.2ms (2 queries, 0 cached) | GC: 0.3ms)


Started GET "/appointments" for 192.168.65.1 at 2026-09-13 01:24:55 +0000
Started GET "/appointment_types" for 192.168.65.1 at 2026-09-13 01:24:55 +0000
Processing by AppointmentsController#index as HTML
  Parameters: {"appointment"=>{}}
  [1m[36mAppointment Load (0.1ms)[0m  [1m[34mSELECT "appointments".* FROM "appointments" ORDER BY "appointments"."starts_at" ASC[0m
Processing by AppointmentTypesController#index as HTML
  ↳ app/controllers/appointments_controller.rb:8:in `index'
  Parameters: {"appointment_type"=>{}}
  [1m[36mAppointmentType Load (0.1ms)[0m  [1m[34mSELECT "appointment_types".* FROM "appointment_types" WHERE "appointment_types"."id" IN (?, ?)[0m  [["id", 3], ["id", 4]]
  [1m[36mAppointmentType Load (0.0ms)[0m  [1m[34mSELECT "appointment_types".* FROM "appointment_types"[0m
  ↳ app/controllers/appointments_controller.rb:8:in `index'
  ↳ app/controllers/appointment_types_controller.rb:8:in `index'
Completed 200 OK in 3ms (Views: 3.1ms | ActiveRecord: 0.2ms (2 queries, 0 cached) | GC: 0.2ms)


Completed 200 OK in 2ms (Views: 1.5ms | ActiveRecord: 0.0ms (1 query, 0 cached) | GC: 0.2ms)


Started GET "/appointment_types" for 192.168.65.1 at 2026-09-13 01:25:03 +0000
Started GET "/appointments" for 192.168.65.1 at 2026-09-13 01:25:03 +0000
Processing by AppointmentTypesController#index as HTML
  Parameters: {"appointment_type"=>{}}
Processing by AppointmentsController#index as HTML
  [1m[36mAppointmentType Load (0.0ms)[0m  [1m[34mSELECT "appointment_types".* FROM "appointment_types"[0m
  Parameters: {"appointment"=>{}}
  ↳ app/controllers/appointment_types_controller.rb:8:in `index'
  [1m[36mAppointment Load (0.1ms)[0m  [1m[34mSELECT "appointments".* FROM "appointments" ORDER BY "appointments"."starts_at" ASC[0m
Completed 200 OK in 1ms (Views: 1.2ms | ActiveRecord: 0.0ms (1 query, 0 cached) | GC: 0.0ms)


  ↳ app/controllers/appointments_controller.rb:8:in `index'
  [1m[36mAppointmentType Load (0.1ms)[0m  [1m[34mSELECT "appointment_types".* FROM "appointment_types" WHERE "appointment_types"."id" IN (?, ?)[0m  [["id", 3], ["id", 4]]
  ↳ app/controllers/appointments_controller.rb:8:in `index'
Completed 200 OK in 2ms (Views: 2.3ms | ActiveRecord: 0.1ms (2 queries, 0 cached) | GC: 0.0ms)


Started GET "/appointments" for 192.168.65.1 at 2026-09-13 01:25:33 +0000
Started GET "/appointment_types" for 192.168.65.1 at 2026-09-13 01:25:33 +0000
Processing by AppointmentsController#index as HTML
  Parameters: {"appointment"=>{}}
  [1m[36mAppointment Load (0.1ms)[0m  [1m[34mSELECT "appointments".* FROM "appointments" ORDER BY "appointments"."starts_at" ASC[0m
  ↳ app/controllers/appointments_controller.rb:8:in `index'
  [1m[36mAppointmentType Load (0.1ms)[0m  [1m[34mSELECT "appointment_types".* FROM "appointment_types" WHERE "appointment_types"."id" IN (?, ?)[0m  [["id", 3], ["id", 4]]
  ↳ app/controllers/appointments_controller.rb:8:in `index'
Completed 200 OK in 3ms (Views: 2.2ms | ActiveRecord: 0.2ms (2 queries, 0 cached) | GC: 0.0ms)


Processing by AppointmentTypesController#index as HTML
  Parameters: {"appointment_type"=>{}}
  [1m[36mAppointmentType Load (0.0ms)[0m  [1m[34mSELECT "appointment_types".* FROM "appointment_types"[0m
  ↳ app/controllers/appointment_types_controller.rb:8:in `index'
Completed 200 OK in 1ms (Views: 0.7ms | ActiveRecord: 0.0ms (1 query, 0 cached) | GC: 0.0ms)


Started GET "/appointment_types" for 192.168.65.1 at 2026-09-13 01:25:41 +0000
Started GET "/appointments" for 192.168.65.1 at 2026-09-13 01:25:41 +0000
Processing by AppointmentTypesController#index as HTML
  Parameters: {"appointment_type"=>{}}
Processing by AppointmentsController#index as HTML
  [1m[36mAppointmentType Load (0.1ms)[0m  [1m[34mSELECT "appointment_types".* FROM "appointment_types"[0m
  Parameters: {"appointment"=>{}}
  ↳ app/controllers/appointment_types_controller.rb:8:in `index'
  [1m[36mAppointment Load (0.1ms)[0m  [1m[34mSELECT "appointments".* FROM "appointments" ORDER BY "appointments"."starts_at" ASC[0m
Completed 200 OK in 3ms (Views: 2.7ms | ActiveRecord: 0.1ms (1 query, 0 cached) | GC: 1.2ms)


  ↳ app/controllers/appointments_controller.rb:8:in `index'
  [1m[36mAppointmentType Load (0.1ms)[0m  [1m[34mSELECT "appointment_types".* FROM "appointment_types" WHERE "appointment_types"."id" IN (?, ?)[0m  [["id", 3], ["id", 4]]
  ↳ app/controllers/appointments_controller.rb:8:in `index'
Completed 200 OK in 2ms (Views: 2.3ms | ActiveRecord: 0.1ms (2 queries, 0 cached) | GC: 0.0ms)


Started GET "/appointment_types" for 192.168.65.1 at 2026-09-13 01:25:52 +0000
Started GET "/appointments" for 192.168.65.1 at 2026-09-13 01:25:52 +0000
Processing by AppointmentTypesController#index as HTML
  Parameters: {"appointment_type"=>{}}
Processing by AppointmentsController#index as HTML
  [1m[36mAppointmentType Load (0.0ms)[0m  [1m[34mSELECT "appointment_types".* FROM "appointment_types"[0m
  Parameters: {"appointment"=>{}}
  ↳ app/controllers/appointment_types_controller.rb:8:in `index'
  [1m[36mAppointment Load (0.1ms)[0m  [1m[34mSELECT "appointments".* FROM "appointments" ORDER BY "appointments"."starts_at" ASC[0m
Completed 200 OK in 2ms (Views: 1.6ms | ActiveRecord: 0.0ms (1 query, 0 cached) | GC: 0.0ms)


  ↳ app/controllers/appointments_controller.rb:8:in `index'
  [1m[36mAppointmentType Load (0.1ms)[0m  [1m[34mSELECT "appointment_types".* FROM "appointment_types" WHERE "appointment_types"."id" IN (?, ?)[0m  [["id", 3], ["id", 4]]
  ↳ app/controllers/appointments_controller.rb:8:in `index'
Completed 200 OK in 3ms (Views: 3.0ms | ActiveRecord: 0.2ms (2 queries, 0 cached) | GC: 0.5ms)


Started GET "/appointments" for 192.168.65.1 at 2026-09-13 01:26:03 +0000
Started GET "/appointment_types" for 192.168.65.1 at 2026-09-13 01:26:03 +0000
Processing by AppointmentsController#index as HTML
  Parameters: {"appointment"=>{}}
Processing by AppointmentTypesController#index as HTML
  [1m[36mAppointment Load (0.0ms)[0m  [1m[34mSELECT "appointments".* FROM "appointments" ORDER BY "appointments"."starts_at" ASC[0m
  Parameters: {"appointment_type"=>{}}
  ↳ app/controllers/appointments_controller.rb:8:in `index'
  [1m[36mAppointmentType Load (0.0ms)[0m  [1m[34mSELECT "appointment_types".* FROM "appointment_types"[0m
  [1m[36mAppointmentType Load (0.1ms)[0m  [1m[34mSELECT "appointment_types".* FROM "appointment_types" WHERE "appointment_types"."id" IN (?, ?)[0m  [["id", 3], ["id", 4]]
  ↳ app/controllers/appointment_types_controller.rb:8:in `index'
  ↳ app/controllers/appointments_controller.rb:8:in `index'
Completed 200 OK in 2ms (Views: 1.8ms | ActiveRecord: 0.0ms (1 query, 0 cached) | GC: 0.3ms)


Completed 200 OK in 3ms (Views: 2.8ms | ActiveRecord: 0.2ms (2 queries, 0 cached) | GC: 0.3ms)


Started GET "/appointment_types" for 192.168.65.1 at 2026-09-13 01:26:08 +0000
Started GET "/appointments" for 192.168.65.1 at 2026-09-13 01:26:08 +0000
Processing by AppointmentTypesController#index as HTML
  Parameters: {"appointment_type"=>{}}
  [1m[36mAppointmentType Load (0.0ms)[0m  [1m[34mSELECT "appointment_types".* FROM "appointment_types"[0m
  ↳ app/controllers/appointment_types_controller.rb:8:in `index'
Completed 200 OK in 1ms (Views: 1.0ms | ActiveRecord: 0.0ms (1 query, 0 cached) | GC: 0.0ms)


Processing by AppointmentsController#index as HTML
  Parameters: {"appointment"=>{}}
  [1m[36mAppointment Load (0.0ms)[0m  [1m[34mSELECT "appointments".* FROM "appointments" ORDER BY "appointments"."starts_at" ASC[0m
  ↳ app/controllers/appointments_controller.rb:8:in `index'
  [1m[36mAppointmentType Load (0.1ms)[0m  [1m[34mSELECT "appointment_types".* FROM "appointment_types" WHERE "appointment_types"."id" IN (?, ?)[0m  [["id", 3], ["id", 4]]
  ↳ app/controllers/appointments_controller.rb:8:in `index'
Completed 200 OK in 2ms (Views: 1.5ms | ActiveRecord: 0.1ms (2 queries, 0 cached) | GC: 0.2ms)


Started GET "/appointments" for 192.168.65.1 at 2026-09-13 01:26:16 +0000
Started GET "/appointment_types" for 192.168.65.1 at 2026-09-13 01:26:16 +0000
Processing by AppointmentsController#index as HTML
  Parameters: {"appointment"=>{}}
Processing by AppointmentTypesController#index as HTML
  [1m[36mAppointment Load (0.1ms)[0m  [1m[34mSELECT "appointments".* FROM "appointments" ORDER BY "appointments"."starts_at" ASC[0m
  Parameters: {"appointment_type"=>{}}
  ↳ app/controllers/appointments_controller.rb:8:in `index'
  [1m[36mAppointmentType Load (0.1ms)[0m  [1m[34mSELECT "appointment_types".* FROM "appointment_types"[0m
  [1m[36mAppointmentType Load (0.1ms)[0m  [1m[34mSELECT "appointment_types".* FROM "appointment_types" WHERE "appointment_types"."id" IN (?, ?)[0m  [["id", 3], ["id", 4]]
  ↳ app/controllers/appointment_types_controller.rb:8:in `index'
  ↳ app/controllers/appointments_controller.rb:8:in `index'
Completed 200 OK in 2ms (Views: 1.5ms | ActiveRecord: 0.1ms (1 query, 0 cached) | GC: 0.0ms)


Completed 200 OK in 3ms (Views: 2.8ms | ActiveRecord: 0.2ms (2 queries, 0 cached) | GC: 0.0ms)


Started GET "/appointment_types" for 192.168.65.1 at 2026-09-13 01:26:29 +0000
Started GET "/appointments" for 192.168.65.1 at 2026-09-13 01:26:29 +0000
Processing by AppointmentTypesController#index as HTML
  Parameters: {"appointment_type"=>{}}
Processing by AppointmentsController#index as HTML
  [1m[36mAppointmentType Load (0.1ms)[0m  [1m[34mSELECT "appointment_types".* FROM "appointment_types"[0m
  Parameters: {"appointment"=>{}}
  ↳ app/controllers/appointment_types_controller.rb:8:in `index'
  [1m[36mAppointment Load (0.1ms)[0m  [1m[34mSELECT "appointments".* FROM "appointments" ORDER BY "appointments"."starts_at" ASC[0m
Completed 200 OK in 2ms (Views: 1.4ms | ActiveRecord: 0.1ms (1 query, 0 cached) | GC: 0.0ms)


  ↳ app/controllers/appointments_controller.rb:8:in `index'
  [1m[36mAppointmentType Load (0.1ms)[0m  [1m[34mSELECT "appointment_types".* FROM "appointment_types" WHERE "appointment_types"."id" IN (?, ?)[0m  [["id", 3], ["id", 4]]
  ↳ app/controllers/appointments_controller.rb:8:in `index'
Completed 200 OK in 2ms (Views: 2.1ms | ActiveRecord: 0.1ms (2 queries, 0 cached) | GC: 0.0ms)


Started GET "/appointments" for 192.168.65.1 at 2026-09-13 01:26:38 +0000
Started GET "/appointment_types" for 192.168.65.1 at 2026-09-13 01:26:38 +0000
Processing by AppointmentTypesController#index as HTML
  Parameters: {"appointment_type"=>{}}
  [1m[36mAppointmentType Load (0.1ms)[0m  [1m[34mSELECT "appointment_types".* FROM "appointment_types"[0m
Processing by AppointmentsController#index as HTML
  ↳ app/controllers/appointment_types_controller.rb:8:in `index'
  Parameters: {"appointment"=>{}}
Completed 200 OK in 1ms (Views: 1.3ms | ActiveRecord: 0.1ms (1 query, 0 cached) | GC: 0.0ms)


  [1m[36mAppointment Load (0.0ms)[0m  [1m[34mSELECT "appointments".* FROM "appointments" ORDER BY "appointments"."starts_at" ASC[0m
  ↳ app/controllers/appointments_controller.rb:8:in `index'
  [1m[36mAppointmentType Load (0.1ms)[0m  [1m[34mSELECT "appointment_types".* FROM "appointment_types" WHERE "appointment_types"."id" IN (?, ?)[0m  [["id", 3], ["id", 4]]
  ↳ app/controllers/appointments_controller.rb:8:in `index'
Completed 200 OK in 2ms (Views: 2.0ms | ActiveRecord: 0.1ms (2 queries, 0 cached) | GC: 0.0ms)


Started GET "/appointments" for 192.168.65.1 at 2026-09-13 01:26:52 +0000
Started GET "/appointment_types" for 192.168.65.1 at 2026-09-13 01:26:52 +0000
Processing by AppointmentsController#index as HTML
  Parameters: {"appointment"=>{}}
  [1m[36mAppointment Load (0.1ms)[0m  [1m[34mSELECT "appointments".* FROM "appointments" ORDER BY "appointments"."starts_at" ASC[0m
  ↳ app/controllers/appointments_controller.rb:8:in `index'
  [1m[36mAppointmentType Load (0.1ms)[0m  [1m[34mSELECT "appointment_types".* FROM "appointment_types" WHERE "appointment_types"."id" IN (?, ?)[0m  [["id", 3], ["id", 4]]
  ↳ app/controllers/appointments_controller.rb:8:in `index'
Completed 200 OK in 4ms (Views: 3.7ms | ActiveRecord: 0.1ms (2 queries, 0 cached) | GC: 1.3ms)


Processing by AppointmentTypesController#index as HTML
  Parameters: {"appointment_type"=>{}}
  [1m[36mAppointmentType Load (0.1ms)[0m  [1m[34mSELECT "appointment_types".* FROM "appointment_types"[0m
  ↳ app/controllers/appointment_types_controller.rb:8:in `index'
Completed 200 OK in 1ms (Views: 0.7ms | ActiveRecord: 0.1ms (1 query, 0 cached) | GC: 0.0ms)


Started GET "/appointments" for 192.168.65.1 at 2026-09-13 01:26:59 +0000
Started GET "/appointment_types" for 192.168.65.1 at 2026-09-13 01:26:59 +0000
Processing by AppointmentsController#index as HTML
  Parameters: {"appointment"=>{}}
Processing by AppointmentTypesController#index as HTML
  [1m[36mAppointment Load (0.1ms)[0m  [1m[34mSELECT "appointments".* FROM "appointments" ORDER BY "appointments"."starts_at" ASC[0m
  Parameters: {"appointment_type"=>{}}
  ↳ app/controllers/appointments_controller.rb:8:in `index'
  [1m[36mAppointmentType Load (0.1ms)[0m  [1m[34mSELECT "appointment_types".* FROM "appointment_types"[0m
  [1m[36mAppointmentType Load (0.1ms)[0m  [1m[34mSELECT "appointment_types".* FROM "appointment_types" WHERE "appointment_types"."id" IN (?, ?)[0m  [["id", 3], ["id", 4]]
  ↳ app/controllers/appointment_types_controller.rb:8:in `index'
  ↳ app/controllers/appointments_controller.rb:8:in `index'
Completed 200 OK in 2ms (Views: 1.7ms | ActiveRecord: 0.1ms (1 query, 0 cached) | GC: 0.0ms)


Completed 200 OK in 4ms (Views: 3.4ms | ActiveRecord: 0.1ms (2 queries, 0 cached) | GC: 0.4ms)


Started GET "/appointments" for 192.168.65.1 at 2026-09-13 01:27:13 +0000
Started GET "/appointment_types" for 192.168.65.1 at 2026-09-13 01:27:13 +0000
Processing by AppointmentsController#index as HTML
  Parameters: {"appointment"=>{}}
Processing by AppointmentTypesController#index as HTML
  [1m[36mAppointment Load (0.1ms)[0m  [1m[34mSELECT "appointments".* FROM "appointments" ORDER BY "appointments"."starts_at" ASC[0m
  Parameters: {"appointment_type"=>{}}
  ↳ app/controllers/appointments_controller.rb:8:in `index'
  [1m[36mAppointmentType Load (0.0ms)[0m  [1m[34mSELECT "appointment_types".* FROM "appointment_types"[0m
  [1m[36mAppointmentType Load (0.1ms)[0m  [1m[34mSELECT "appointment_types".* FROM "appointment_types" WHERE "appointment_types"."id" IN (?, ?)[0m  [["id", 3], ["id", 4]]
  ↳ app/controllers/appointment_types_controller.rb:8:in `index'
  ↳ app/controllers/appointments_controller.rb:8:in `index'
Completed 200 OK in 1ms (Views: 1.3ms | ActiveRecord: 0.0ms (1 query, 0 cached) | GC: 0.0ms)


Completed 200 OK in 3ms (Views: 2.5ms | ActiveRecord: 0.2ms (2 queries, 0 cached) | GC: 0.0ms)


Started GET "/appointment_types" for 192.168.65.1 at 2026-09-13 01:27:16 +0000
Processing by AppointmentTypesController#index as HTML
  Parameters: {"appointment_type"=>{}}
  [1m[36mAppointmentType Load (0.1ms)[0m  [1m[34mSELECT "appointment_types".* FROM "appointment_types"[0m
  ↳ app/controllers/appointment_types_controller.rb:8:in `index'
Completed 200 OK in 1ms (Views: 0.9ms | ActiveRecord: 0.1ms (1 query, 0 cached) | GC: 0.0ms)


Started GET "/appointment_types" for 192.168.65.1 at 2026-09-13 01:27:44 +0000
Processing by AppointmentTypesController#index as HTML
  Parameters: {"appointment_type"=>{}}
  [1m[36mAppointmentType Load (0.1ms)[0m  [1m[34mSELECT "appointment_types".* FROM "appointment_types"[0m
  ↳ app/controllers/appointment_types_controller.rb:8:in `index'
Completed 200 OK in 1ms (Views: 1.0ms | ActiveRecord: 0.1ms (1 query, 0 cached) | GC: 0.0ms)


Started GET "/appointment_types" for 192.168.65.1 at 2026-09-13 01:27:50 +0000
Processing by AppointmentTypesController#index as HTML
  Parameters: {"appointment_type"=>{}}
  [1m[36mAppointmentType Load (0.0ms)[0m  [1m[34mSELECT "appointment_types".* FROM "appointment_types"[0m
  ↳ app/controllers/appointment_types_controller.rb:8:in `index'
Completed 200 OK in 1ms (Views: 1.2ms | ActiveRecord: 0.0ms (1 query, 0 cached) | GC: 0.0ms)


Started GET "/appointment_types" for 192.168.65.1 at 2026-09-13 01:29:31 +0000
Processing by AppointmentTypesController#index as HTML
  Parameters: {"appointment_type"=>{}}
  [1m[36mAppointmentType Load (0.1ms)[0m  [1m[34mSELECT "appointment_types".* FROM "appointment_types"[0m
  ↳ app/controllers/appointment_types_controller.rb:8:in `index'
Completed 200 OK in 1ms (Views: 0.9ms | ActiveRecord: 0.1ms (1 query, 0 cached) | GC: 0.0ms)


Started GET "/appointment_types" for 192.168.65.1 at 2026-09-13 01:29:34 +0000
Processing by AppointmentTypesController#index as HTML
  Parameters: {"appointment_type"=>{}}
  [1m[36mAppointmentType Load (0.0ms)[0m  [1m[34mSELECT "appointment_types".* FROM "appointment_types"[0m
  ↳ app/controllers/appointment_types_controller.rb:8:in `index'
Completed 200 OK in 1ms (Views: 0.7ms | ActiveRecord: 0.0ms (1 query, 0 cached) | GC: 0.0ms)


Started GET "/appointment_types" for 192.168.65.1 at 2026-09-13 01:29:41 +0000
Processing by AppointmentTypesController#index as HTML
  Parameters: {"appointment_type"=>{}}
  [1m[36mAppointmentType Load (0.1ms)[0m  [1m[34mSELECT "appointment_types".* FROM "appointment_types"[0m
  ↳ app/controllers/appointment_types_controller.rb:8:in `index'
Completed 200 OK in 1ms (Views: 0.7ms | ActiveRecord: 0.1ms (1 query, 0 cached) | GC: 0.0ms)


Started GET "/appointment_types" for 192.168.65.1 at 2026-09-13 01:30:29 +0000
Processing by AppointmentTypesController#index as HTML
  Parameters: {"appointment_type"=>{}}
  [1m[36mAppointmentType Load (0.0ms)[0m  [1m[34mSELECT "appointment_types".* FROM "appointment_types"[0m
  ↳ app/controllers/appointment_types_controller.rb:8:in `index'
Completed 200 OK in 1ms (Views: 0.7ms | ActiveRecord: 0.0ms (1 query, 0 cached) | GC: 0.0ms)


Started GET "/appointment_types" for 192.168.65.1 at 2026-09-13 01:30:37 +0000
Processing by AppointmentTypesController#index as HTML
  Parameters: {"appointment_type"=>{}}
  [1m[36mAppointmentType Load (0.1ms)[0m  [1m[34mSELECT "appointment_types".* FROM "appointment_types"[0m
  ↳ app/controllers/appointment_types_controller.rb:8:in `index'
Completed 200 OK in 1ms (Views: 0.7ms | ActiveRecord: 0.1ms (1 query, 0 cached) | GC: 0.0ms)


Started GET "/appointment_types" for 192.168.65.1 at 2026-09-13 01:30:49 +0000
Processing by AppointmentTypesController#index as HTML
  Parameters: {"appointment_type"=>{}}
  [1m[36mAppointmentType Load (0.1ms)[0m  [1m[34mSELECT "appointment_types".* FROM "appointment_types"[0m
  ↳ app/controllers/appointment_types_controller.rb:8:in `index'
Completed 200 OK in 1ms (Views: 0.9ms | ActiveRecord: 0.1ms (1 query, 0 cached) | GC: 0.0ms)


Started GET "/appointment_types" for 192.168.65.1 at 2026-09-13 01:30:58 +0000
Processing by AppointmentTypesController#index as HTML
  Parameters: {"appointment_type"=>{}}
  [1m[36mAppointmentType Load (0.1ms)[0m  [1m[34mSELECT "appointment_types".* FROM "appointment_types"[0m
  ↳ app/controllers/appointment_types_controller.rb:8:in `index'
Completed 200 OK in 2ms (Views: 1.5ms | ActiveRecord: 0.1ms (1 query, 0 cached) | GC: 0.0ms)


Started GET "/appointment_types" for 192.168.65.1 at 2026-09-13 01:31:19 +0000
Processing by AppointmentTypesController#index as HTML
  Parameters: {"appointment_type"=>{}}
  [1m[36mAppointmentType Load (0.1ms)[0m  [1m[34mSELECT "appointment_types".* FROM "appointment_types"[0m
  ↳ app/controllers/appointment_types_controller.rb:8:in `index'
Completed 200 OK in 1ms (Views: 0.8ms | ActiveRecord: 0.1ms (1 query, 0 cached) | GC: 0.0ms)


Started GET "/appointment_types" for 192.168.65.1 at 2026-09-13 01:31:38 +0000
Processing by AppointmentTypesController#index as HTML
  Parameters: {"appointment_type"=>{}}
  [1m[36mAppointmentType Load (0.0ms)[0m  [1m[34mSELECT "appointment_types".* FROM "appointment_types"[0m
  ↳ app/controllers/appointment_types_controller.rb:8:in `index'
Completed 200 OK in 1ms (Views: 0.8ms | ActiveRecord: 0.0ms (1 query, 0 cached) | GC: 0.0ms)


Started GET "/appointment_types" for 192.168.65.1 at 2026-09-13 01:31:47 +0000
Processing by AppointmentTypesController#index as HTML
  Parameters: {"appointment_type"=>{}}
  [1m[36mAppointmentType Load (0.1ms)[0m  [1m[34mSELECT "appointment_types".* FROM "appointment_types"[0m
  ↳ app/controllers/appointment_types_controller.rb:8:in `index'
Completed 200 OK in 2ms (Views: 1.7ms | ActiveRecord: 0.1ms (1 query, 0 cached) | GC: 1.0ms)


Started GET "/appointment_types" for 192.168.65.1 at 2026-09-13 01:31:59 +0000
Processing by AppointmentTypesController#index as HTML
  Parameters: {"appointment_type"=>{}}
  [1m[36mAppointmentType Load (0.1ms)[0m  [1m[34mSELECT "appointment_types".* FROM "appointment_types"[0m
  ↳ app/controllers/appointment_types_controller.rb:8:in `index'
Completed 200 OK in 1ms (Views: 0.8ms | ActiveRecord: 0.1ms (1 query, 0 cached) | GC: 0.0ms)


Started GET "/appointment_types" for 192.168.65.1 at 2026-09-13 01:32:06 +0000
Processing by AppointmentTypesController#index as HTML
  Parameters: {"appointment_type"=>{}}
  [1m[36mAppointmentType Load (0.0ms)[0m  [1m[34mSELECT "appointment_types".* FROM "appointment_types"[0m
  ↳ app/controllers/appointment_types_controller.rb:8:in `index'
Completed 200 OK in 1ms (Views: 1.1ms | ActiveRecord: 0.0ms (1 query, 0 cached) | GC: 0.0ms)


Started GET "/appointment_types" for 192.168.65.1 at 2026-09-13 01:32:13 +0000
Processing by AppointmentTypesController#index as HTML
  Parameters: {"appointment_type"=>{}}
  [1m[36mAppointmentType Load (0.1ms)[0m  [1m[34mSELECT "appointment_types".* FROM "appointment_types"[0m
  ↳ app/controllers/appointment_types_controller.rb:8:in `index'
Completed 200 OK in 1ms (Views: 1.2ms | ActiveRecord: 0.1ms (1 query, 0 cached) | GC: 0.4ms)


Started GET "/appointment_types" for 192.168.65.1 at 2026-09-13 01:32:20 +0000
Processing by AppointmentTypesController#index as HTML
  Parameters: {"appointment_type"=>{}}
  [1m[36mAppointmentType Load (0.1ms)[0m  [1m[34mSELECT "appointment_types".* FROM "appointment_types"[0m
  ↳ app/controllers/appointment_types_controller.rb:8:in `index'
Completed 200 OK in 1ms (Views: 0.7ms | ActiveRecord: 0.1ms (1 query, 0 cached) | GC: 0.0ms)


Started GET "/appointment_types" for 192.168.65.1 at 2026-09-13 01:32:42 +0000
Processing by AppointmentTypesController#index as HTML
  Parameters: {"appointment_type"=>{}}
  [1m[36mAppointmentType Load (0.1ms)[0m  [1m[34mSELECT "appointment_types".* FROM "appointment_types"[0m
  ↳ app/controllers/appointment_types_controller.rb:8:in `index'
Completed 200 OK in 1ms (Views: 0.9ms | ActiveRecord: 0.1ms (1 query, 0 cached) | GC: 0.0ms)


Started GET "/appointment_types" for 192.168.65.1 at 2026-09-13 01:33:38 +0000
Processing by AppointmentTypesController#index as HTML
  Parameters: {"appointment_type"=>{}}
  [1m[36mAppointmentType Load (0.0ms)[0m  [1m[34mSELECT "appointment_types".* FROM "appointment_types"[0m
  ↳ app/controllers/appointment_types_controller.rb:8:in `index'
Completed 200 OK in 1ms (Views: 0.8ms | ActiveRecord: 0.0ms (1 query, 0 cached) | GC: 0.0ms)


Started GET "/appointment_types" for 192.168.65.1 at 2026-09-13 01:33:41 +0000
Processing by AppointmentTypesController#index as HTML
  Parameters: {"appointment_type"=>{}}
  [1m[36mAppointmentType Load (0.0ms)[0m  [1m[34mSELECT "appointment_types".* FROM "appointment_types"[0m
  ↳ app/controllers/appointment_types_controller.rb:8:in `index'
Completed 200 OK in 1ms (Views: 0.8ms | ActiveRecord: 0.0ms (1 query, 0 cached) | GC: 0.0ms)


Started GET "/appointment_types" for 192.168.65.1 at 2026-09-13 01:33:56 +0000
Processing by AppointmentTypesController#index as HTML
  Parameters: {"appointment_type"=>{}}
  [1m[36mAppointmentType Load (0.1ms)[0m  [1m[34mSELECT "appointment_types".* FROM "appointment_types"[0m
  ↳ app/controllers/appointment_types_controller.rb:8:in `index'
Completed 200 OK in 1ms (Views: 0.8ms | ActiveRecord: 0.0ms (1 query, 0 cached) | GC: 0.0ms)


Started GET "/appointment_types" for 192.168.65.1 at 2026-09-13 01:34:04 +0000
Processing by AppointmentTypesController#index as HTML
  Parameters: {"appointment_type"=>{}}
  [1m[36mAppointmentType Load (0.0ms)[0m  [1m[34mSELECT "appointment_types".* FROM "appointment_types"[0m
  ↳ app/controllers/appointment_types_controller.rb:8:in `index'
Completed 200 OK in 1ms (Views: 0.7ms | ActiveRecord: 0.0ms (1 query, 0 cached) | GC: 0.0ms)


Started GET "/appointment_types" for 192.168.65.1 at 2026-09-13 01:34:10 +0000
Processing by AppointmentTypesController#index as HTML
  Parameters: {"appointment_type"=>{}}
  [1m[36mAppointmentType Load (0.1ms)[0m  [1m[34mSELECT "appointment_types".* FROM "appointment_types"[0m
  ↳ app/controllers/appointment_types_controller.rb:8:in `index'
Completed 200 OK in 1ms (Views: 0.8ms | ActiveRecord: 0.1ms (1 query, 0 cached) | GC: 0.0ms)


Started GET "/appointment_types" for 192.168.65.1 at 2026-09-13 01:34:20 +0000
Processing by AppointmentTypesController#index as HTML
  Parameters: {"appointment_type"=>{}}
  [1m[36mAppointmentType Load (0.0ms)[0m  [1m[34mSELECT "appointment_types".* FROM "appointment_types"[0m
  ↳ app/controllers/appointment_types_controller.rb:8:in `index'
Completed 200 OK in 1ms (Views: 1.1ms | ActiveRecord: 0.0ms (1 query, 0 cached) | GC: 0.0ms)


Started GET "/appointment_types" for 192.168.65.1 at 2026-09-13 01:34:33 +0000
Processing by AppointmentTypesController#index as HTML
  Parameters: {"appointment_type"=>{}}
  [1m[36mAppointmentType Load (0.1ms)[0m  [1m[34mSELECT "appointment_types".* FROM "appointment_types"[0m
  ↳ app/controllers/appointment_types_controller.rb:8:in `index'
Completed 200 OK in 1ms (Views: 0.9ms | ActiveRecord: 0.0ms (1 query, 0 cached) | GC: 0.0ms)


Started GET "/appointment_types" for 192.168.65.1 at 2026-09-13 01:34:46 +0000
Processing by AppointmentTypesController#index as HTML
  Parameters: {"appointment_type"=>{}}
  [1m[36mAppointmentType Load (0.2ms)[0m  [1m[34mSELECT "appointment_types".* FROM "appointment_types"[0m
  ↳ app/controllers/appointment_types_controller.rb:8:in `index'
Completed 200 OK in 1ms (Views: 1.1ms | ActiveRecord: 0.1ms (1 query, 0 cached) | GC: 0.0ms)


Started GET "/appointment_types" for 192.168.65.1 at 2026-09-13 01:35:01 +0000
Processing by AppointmentTypesController#index as HTML
  Parameters: {"appointment_type"=>{}}
  [1m[36mAppointmentType Load (0.1ms)[0m  [1m[34mSELECT "appointment_types".* FROM "appointment_types"[0m
  ↳ app/controllers/appointment_types_controller.rb:8:in `index'
Completed 200 OK in 1ms (Views: 0.6ms | ActiveRecord: 0.1ms (1 query, 0 cached) | GC: 0.0ms)


Started GET "/appointment_types" for 192.168.65.1 at 2026-09-13 01:35:51 +0000
Processing by AppointmentTypesController#index as HTML
  Parameters: {"appointment_type"=>{}}
  [1m[36mAppointmentType Load (0.1ms)[0m  [1m[34mSELECT "appointment_types".* FROM "appointment_types"[0m
  ↳ app/controllers/appointment_types_controller.rb:8:in `index'
Completed 200 OK in 1ms (Views: 0.8ms | ActiveRecord: 0.1ms (1 query, 0 cached) | GC: 0.0ms)


Started GET "/appointment_types" for 192.168.65.1 at 2026-09-13 01:36:10 +0000
Processing by AppointmentTypesController#index as HTML
  Parameters: {"appointment_type"=>{}}
  [1m[36mAppointmentType Load (0.1ms)[0m  [1m[34mSELECT "appointment_types".* FROM "appointment_types"[0m
  ↳ app/controllers/appointment_types_controller.rb:8:in `index'
Completed 200 OK in 1ms (Views: 0.7ms | ActiveRecord: 0.1ms (1 query, 0 cached) | GC: 0.0ms)


Started GET "/appointment_types" for 192.168.65.1 at 2026-09-13 01:36:15 +0000
Processing by AppointmentTypesController#index as HTML
  Parameters: {"appointment_type"=>{}}
  [1m[36mAppointmentType Load (0.1ms)[0m  [1m[34mSELECT "appointment_types".* FROM "appointment_types"[0m
  ↳ app/controllers/appointment_types_controller.rb:8:in `index'
Completed 200 OK in 2ms (Views: 1.3ms | ActiveRecord: 0.1ms (1 query, 0 cached) | GC: 0.0ms)


Started GET "/appointment_types" for 192.168.65.1 at 2026-09-13 01:36:25 +0000
Processing by AppointmentTypesController#index as HTML
  Parameters: {"appointment_type"=>{}}
  [1m[36mAppointmentType Load (0.1ms)[0m  [1m[34mSELECT "appointment_types".* FROM "appointment_types"[0m
  ↳ app/controllers/appointment_types_controller.rb:8:in `index'
Completed 200 OK in 1ms (Views: 0.8ms | ActiveRecord: 0.1ms (1 query, 0 cached) | GC: 0.0ms)


Started GET "/appointment_types" for 192.168.65.1 at 2026-09-13 01:36:40 +0000
Processing by AppointmentTypesController#index as HTML
  Parameters: {"appointment_type"=>{}}
  [1m[36mAppointmentType Load (0.1ms)[0m  [1m[34mSELECT "appointment_types".* FROM "appointment_types"[0m
  ↳ app/controllers/appointment_types_controller.rb:8:in `index'
Completed 200 OK in 2ms (Views: 2.1ms | ActiveRecord: 0.1ms (1 query, 0 cached) | GC: 1.2ms)


Started GET "/appointment_types" for 192.168.65.1 at 2026-09-13 01:37:05 +0000
Processing by AppointmentTypesController#index as HTML
  Parameters: {"appointment_type"=>{}}
  [1m[36mAppointmentType Load (0.1ms)[0m  [1m[34mSELECT "appointment_types".* FROM "appointment_types"[0m
  ↳ app/controllers/appointment_types_controller.rb:8:in `index'
Completed 200 OK in 1ms (Views: 0.7ms | ActiveRecord: 0.1ms (1 query, 0 cached) | GC: 0.0ms)


Started GET "/appointments" for 192.168.65.1 at 2026-09-13 01:37:14 +0000
Started GET "/appointment_types" for 192.168.65.1 at 2026-09-13 01:37:14 +0000
Processing by AppointmentTypesController#index as HTML
  Parameters: {"appointment_type"=>{}}
  [1m[36mAppointmentType Load (0.3ms)[0m  [1m[34mSELECT "appointment_types".* FROM "appointment_types"[0m
Processing by AppointmentsController#index as HTML
  ↳ app/controllers/appointment_types_controller.rb:8:in `index'
  Parameters: {"appointment"=>{}}
Completed 200 OK in 3ms (Views: 2.4ms | ActiveRecord: 0.3ms (1 query, 0 cached) | GC: 0.0ms)


  [1m[36mAppointment Load (0.1ms)[0m  [1m[34mSELECT "appointments".* FROM "appointments" ORDER BY "appointments"."starts_at" ASC[0m
  ↳ app/controllers/appointments_controller.rb:8:in `index'
  [1m[36mAppointmentType Load (0.1ms)[0m  [1m[34mSELECT "appointment_types".* FROM "appointment_types" WHERE "appointment_types"."id" IN (?, ?)[0m  [["id", 3], ["id", 4]]
  ↳ app/controllers/appointments_controller.rb:8:in `index'
Completed 200 OK in 4ms (Views: 3.8ms | ActiveRecord: 0.2ms (2 queries, 0 cached) | GC: 0.8ms)


Started GET "/appointment_types" for 192.168.65.1 at 2026-09-13 01:37:15 +0000
Started GET "/appointments" for 192.168.65.1 at 2026-09-13 01:37:15 +0000
Processing by AppointmentTypesController#index as HTML
  Parameters: {"appointment_type"=>{}}
  [1m[36mAppointmentType Load (0.1ms)[0m  [1m[34mSELECT "appointment_types".* FROM "appointment_types"[0m
  ↳ app/controllers/appointment_types_controller.rb:8:in `index'
Completed 200 OK in 1ms (Views: 1.2ms | ActiveRecord: 0.1ms (1 query, 0 cached) | GC: 0.0ms)


Processing by AppointmentsController#index as HTML
  Parameters: {"appointment"=>{}}
  [1m[36mAppointment Load (0.1ms)[0m  [1m[34mSELECT "appointments".* FROM "appointments" ORDER BY "appointments"."starts_at" ASC[0m
  ↳ app/controllers/appointments_controller.rb:8:in `index'
  [1m[36mAppointmentType Load (0.1ms)[0m  [1m[34mSELECT "appointment_types".* FROM "appointment_types" WHERE "appointment_types"."id" IN (?, ?)[0m  [["id", 3], ["id", 4]]
  ↳ app/controllers/appointments_controller.rb:8:in `index'
Completed 200 OK in 3ms (Views: 2.3ms | ActiveRecord: 0.2ms (2 queries, 0 cached) | GC: 0.5ms)


Started GET "/appointments" for 192.168.65.1 at 2026-09-13 01:37:16 +0000
Started GET "/appointment_types" for 192.168.65.1 at 2026-09-13 01:37:16 +0000
Processing by AppointmentsController#index as HTML
  Parameters: {"appointment"=>{}}
Processing by AppointmentTypesController#index as HTML
  [1m[36mAppointment Load (0.0ms)[0m  [1m[34mSELECT "appointments".* FROM "appointments" ORDER BY "appointments"."starts_at" ASC[0m
  Parameters: {"appointment_type"=>{}}
  ↳ app/controllers/appointments_controller.rb:8:in `index'
  [1m[36mAppointmentType Load (0.1ms)[0m  [1m[34mSELECT "appointment_types".* FROM "appointment_types" WHERE "appointment_types"."id" IN (?, ?)[0m  [["id", 3], ["id", 4]]
  [1m[36mAppointmentType Load (1.4ms)[0m  [1m[34mSELECT "appointment_types".* FROM "appointment_types"[0m
  ↳ app/controllers/appointments_controller.rb:8:in `index'
  ↳ app/controllers/appointment_types_controller.rb:8:in `index'
Completed 200 OK in 5ms (Views: 4.4ms | ActiveRecord: 0.1ms (2 queries, 0 cached) | GC: 0.2ms)


Completed 200 OK in 4ms (Views: 2.4ms | ActiveRecord: 1.4ms (1 query, 0 cached) | GC: 0.2ms)


Started GET "/appointment_types" for 192.168.65.1 at 2026-09-13 01:37:17 +0000
Processing by AppointmentTypesController#index as HTML
  Parameters: {"appointment_type"=>{}}
  [1m[36mAppointmentType Load (0.1ms)[0m  [1m[34mSELECT "appointment_types".* FROM "appointment_types"[0m
  ↳ app/controllers/appointment_types_controller.rb:8:in `index'
Completed 200 OK in 2ms (Views: 1.8ms | ActiveRecord: 0.1ms (1 query, 0 cached) | GC: 0.0ms)


Started GET "/appointment_types" for 192.168.65.1 at 2026-09-13 01:42:42 +0000
Processing by AppointmentTypesController#index as HTML
  Parameters: {"appointment_type"=>{}}
  [1m[36mAppointmentType Load (1.5ms)[0m  [1m[34mSELECT "appointment_types".* FROM "appointment_types"[0m
  ↳ app/controllers/appointment_types_controller.rb:8:in `index'
Completed 200 OK in 12ms (Views: 7.4ms | ActiveRecord: 1.5ms (1 query, 0 cached) | GC: 0.0ms)


Started GET "/appointment_types" for 192.168.65.1 at 2026-09-13 01:42:56 +0000
Processing by AppointmentTypesController#index as HTML
  Parameters: {"appointment_type"=>{}}
  [1m[36mAppointmentType Load (0.3ms)[0m  [1m[34mSELECT "appointment_types".* FROM "appointment_types"[0m
  ↳ app/controllers/appointment_types_controller.rb:8:in `index'
Completed 200 OK in 4ms (Views: 2.6ms | ActiveRecord: 0.3ms (1 query, 0 cached) | GC: 0.0ms)


Started GET "/appointment_types" for 192.168.65.1 at 2026-09-13 01:44:15 +0000
Processing by AppointmentTypesController#index as HTML
  Parameters: {"appointment_type"=>{}}
  [1m[36mAppointmentType Load (0.4ms)[0m  [1m[34mSELECT "appointment_types".* FROM "appointment_types"[0m
  ↳ app/controllers/appointment_types_controller.rb:8:in `index'
Completed 200 OK in 4ms (Views: 3.4ms | ActiveRecord: 0.4ms (1 query, 0 cached) | GC: 2.5ms)


Started GET "/appointment_types" for 192.168.65.1 at 2026-09-13 01:44:24 +0000
Processing by AppointmentTypesController#index as HTML
  Parameters: {"appointment_type"=>{}}
  [1m[36mAppointmentType Load (0.1ms)[0m  [1m[34mSELECT "appointment_types".* FROM "appointment_types"[0m
  ↳ app/controllers/appointment_types_controller.rb:8:in `index'
Completed 200 OK in 1ms (Views: 0.8ms | ActiveRecord: 0.1ms (1 query, 0 cached) | GC: 0.0ms)


Started GET "/appointment_types" for 192.168.65.1 at 2026-09-13 01:44:49 +0000
Processing by AppointmentTypesController#index as HTML
  Parameters: {"appointment_type"=>{}}
  [1m[36mAppointmentType Load (0.1ms)[0m  [1m[34mSELECT "appointment_types".* FROM "appointment_types"[0m
  ↳ app/controllers/appointment_types_controller.rb:8:in `index'
Completed 200 OK in 1ms (Views: 0.9ms | ActiveRecord: 0.1ms (1 query, 0 cached) | GC: 0.0ms)


Started GET "/appointment_types" for 192.168.65.1 at 2026-09-13 01:45:31 +0000
Processing by AppointmentTypesController#index as HTML
  Parameters: {"appointment_type"=>{}}
  [1m[36mAppointmentType Load (0.2ms)[0m  [1m[34mSELECT "appointment_types".* FROM "appointment_types"[0m
  ↳ app/controllers/appointment_types_controller.rb:8:in `index'
Completed 200 OK in 1ms (Views: 0.9ms | ActiveRecord: 0.2ms (1 query, 0 cached) | GC: 0.0ms)


Started GET "/appointment_types" for 192.168.65.1 at 2026-09-13 01:45:46 +0000
Processing by AppointmentTypesController#index as HTML
  Parameters: {"appointment_type"=>{}}
  [1m[36mAppointmentType Load (0.1ms)[0m  [1m[34mSELECT "appointment_types".* FROM "appointment_types"[0m
  ↳ app/controllers/appointment_types_controller.rb:8:in `index'
Completed 200 OK in 1ms (Views: 0.8ms | ActiveRecord: 0.1ms (1 query, 0 cached) | GC: 0.0ms)


Started GET "/appointment_types" for 192.168.65.1 at 2026-09-13 01:45:53 +0000
Processing by AppointmentTypesController#index as HTML
  Parameters: {"appointment_type"=>{}}
  [1m[36mAppointmentType Load (0.1ms)[0m  [1m[34mSELECT "appointment_types".* FROM "appointment_types"[0m
  ↳ app/controllers/appointment_types_controller.rb:8:in `index'
Completed 200 OK in 1ms (Views: 1.2ms | ActiveRecord: 0.1ms (1 query, 0 cached) | GC: 0.4ms)


Started GET "/appointment_types" for 192.168.65.1 at 2026-09-13 01:46:00 +0000
Processing by AppointmentTypesController#index as HTML
  Parameters: {"appointment_type"=>{}}
  [1m[36mAppointmentType Load (0.1ms)[0m  [1m[34mSELECT "appointment_types".* FROM "appointment_types"[0m
  ↳ app/controllers/appointment_types_controller.rb:8:in `index'
Completed 200 OK in 1ms (Views: 0.7ms | ActiveRecord: 0.1ms (1 query, 0 cached) | GC: 0.0ms)


Started GET "/appointment_types" for 192.168.65.1 at 2026-09-13 01:46:07 +0000
Processing by AppointmentTypesController#index as HTML
  Parameters: {"appointment_type"=>{}}
  [1m[36mAppointmentType Load (0.2ms)[0m  [1m[34mSELECT "appointment_types".* FROM "appointment_types"[0m
  ↳ app/controllers/appointment_types_controller.rb:8:in `index'
Completed 200 OK in 1ms (Views: 0.8ms | ActiveRecord: 0.2ms (1 query, 0 cached) | GC: 0.0ms)


Started GET "/appointment_types" for 192.168.65.1 at 2026-09-13 01:46:15 +0000
Processing by AppointmentTypesController#index as HTML
  Parameters: {"appointment_type"=>{}}
  [1m[36mAppointmentType Load (0.1ms)[0m  [1m[34mSELECT "appointment_types".* FROM "appointment_types"[0m
  ↳ app/controllers/appointment_types_controller.rb:8:in `index'
Completed 200 OK in 1ms (Views: 0.9ms | ActiveRecord: 0.1ms (1 query, 0 cached) | GC: 0.0ms)


Started GET "/appointment_types" for 192.168.65.1 at 2026-09-13 01:46:27 +0000
Processing by AppointmentTypesController#index as HTML
  Parameters: {"appointment_type"=>{}}
  [1m[36mAppointmentType Load (0.1ms)[0m  [1m[34mSELECT "appointment_types".* FROM "appointment_types"[0m
  ↳ app/controllers/appointment_types_controller.rb:8:in `index'
Completed 200 OK in 1ms (Views: 0.8ms | ActiveRecord: 0.1ms (1 query, 0 cached) | GC: 0.0ms)


Started GET "/appointment_types" for 192.168.65.1 at 2026-09-13 01:46:38 +0000
Processing by AppointmentTypesController#index as HTML
  Parameters: {"appointment_type"=>{}}
  [1m[36mAppointmentType Load (0.1ms)[0m  [1m[34mSELECT "appointment_types".* FROM "appointment_types"[0m
  ↳ app/controllers/appointment_types_controller.rb:8:in `index'
Completed 200 OK in 1ms (Views: 0.7ms | ActiveRecord: 0.1ms (1 query, 0 cached) | GC: 0.0ms)


Started GET "/appointment_types" for 192.168.65.1 at 2026-09-13 01:46:44 +0000
Processing by AppointmentTypesController#index as HTML
  Parameters: {"appointment_type"=>{}}
  [1m[36mAppointmentType Load (0.1ms)[0m  [1m[34mSELECT "appointment_types".* FROM "appointment_types"[0m
  ↳ app/controllers/appointment_types_controller.rb:8:in `index'
Completed 200 OK in 1ms (Views: 1.1ms | ActiveRecord: 0.1ms (1 query, 0 cached) | GC: 0.2ms)


Started GET "/appointment_types" for 192.168.65.1 at 2026-09-13 01:46:55 +0000
Processing by AppointmentTypesController#index as HTML
  Parameters: {"appointment_type"=>{}}
  [1m[36mAppointmentType Load (0.1ms)[0m  [1m[34mSELECT "appointment_types".* FROM "appointment_types"[0m
  ↳ app/controllers/appointment_types_controller.rb:8:in `index'
Completed 200 OK in 1ms (Views: 0.9ms | ActiveRecord: 0.1ms (1 query, 0 cached) | GC: 0.0ms)


Started GET "/appointment_types" for 192.168.65.1 at 2026-09-13 01:47:05 +0000
Processing by AppointmentTypesController#index as HTML
  Parameters: {"appointment_type"=>{}}
  [1m[36mAppointmentType Load (0.1ms)[0m  [1m[34mSELECT "appointment_types".* FROM "appointment_types"[0m
  ↳ app/controllers/appointment_types_controller.rb:8:in `index'
Completed 200 OK in 1ms (Views: 0.8ms | ActiveRecord: 0.1ms (1 query, 0 cached) | GC: 0.0ms)


Started GET "/appointment_types" for 192.168.65.1 at 2026-09-13 01:47:18 +0000
Processing by AppointmentTypesController#index as HTML
  Parameters: {"appointment_type"=>{}}
  [1m[36mAppointmentType Load (0.1ms)[0m  [1m[34mSELECT "appointment_types".* FROM "appointment_types"[0m
  ↳ app/controllers/appointment_types_controller.rb:8:in `index'
Completed 200 OK in 1ms (Views: 0.7ms | ActiveRecord: 0.1ms (1 query, 0 cached) | GC: 0.0ms)


Started GET "/appointment_types" for 192.168.65.1 at 2026-09-13 01:47:34 +0000
Processing by AppointmentTypesController#index as HTML
  Parameters: {"appointment_type"=>{}}
  [1m[36mAppointmentType Load (0.1ms)[0m  [1m[34mSELECT "appointment_types".* FROM "appointment_types"[0m
  ↳ app/controllers/appointment_types_controller.rb:8:in `index'
Completed 200 OK in 1ms (Views: 0.7ms | ActiveRecord: 0.1ms (1 query, 0 cached) | GC: 0.0ms)


Started GET "/appointment_types" for 192.168.65.1 at 2026-09-13 01:47:49 +0000
Processing by AppointmentTypesController#index as HTML
  Parameters: {"appointment_type"=>{}}
  [1m[36mAppointmentType Load (0.2ms)[0m  [1m[34mSELECT "appointment_types".* FROM "appointment_types"[0m
  ↳ app/controllers/appointment_types_controller.rb:8:in `index'
Completed 200 OK in 1ms (Views: 0.8ms | ActiveRecord: 0.2ms (1 query, 0 cached) | GC: 0.0ms)


Started GET "/appointment_types" for 192.168.65.1 at 2026-09-13 01:48:18 +0000
Processing by AppointmentTypesController#index as HTML
  Parameters: {"appointment_type"=>{}}
  [1m[36mAppointmentType Load (0.1ms)[0m  [1m[34mSELECT "appointment_types".* FROM "appointment_types"[0m
  ↳ app/controllers/appointment_types_controller.rb:8:in `index'
Completed 200 OK in 1ms (Views: 0.8ms | ActiveRecord: 0.1ms (1 query, 0 cached) | GC: 0.0ms)


Started GET "/appointment_types" for 192.168.65.1 at 2026-09-13 01:48:29 +0000
Processing by AppointmentTypesController#index as HTML
  Parameters: {"appointment_type"=>{}}
  [1m[36mAppointmentType Load (0.1ms)[0m  [1m[34mSELECT "appointment_types".* FROM "appointment_types"[0m
  ↳ app/controllers/appointment_types_controller.rb:8:in `index'
Completed 200 OK in 1ms (Views: 0.9ms | ActiveRecord: 0.1ms (1 query, 0 cached) | GC: 0.0ms)


Started GET "/appointment_types" for 192.168.65.1 at 2026-09-13 01:48:40 +0000
Processing by AppointmentTypesController#index as HTML
  Parameters: {"appointment_type"=>{}}
  [1m[36mAppointmentType Load (0.1ms)[0m  [1m[34mSELECT "appointment_types".* FROM "appointment_types"[0m
  ↳ app/controllers/appointment_types_controller.rb:8:in `index'
Completed 200 OK in 1ms (Views: 0.8ms | ActiveRecord: 0.1ms (1 query, 0 cached) | GC: 0.0ms)


Started GET "/appointment_types" for 192.168.65.1 at 2026-09-13 01:48:47 +0000
Processing by AppointmentTypesController#index as HTML
  Parameters: {"appointment_type"=>{}}
  [1m[36mAppointmentType Load (0.1ms)[0m  [1m[34mSELECT "appointment_types".* FROM "appointment_types"[0m
  ↳ app/controllers/appointment_types_controller.rb:8:in `index'
Completed 200 OK in 1ms (Views: 0.8ms | ActiveRecord: 0.1ms (1 query, 0 cached) | GC: 0.0ms)


Started GET "/appointment_types" for 192.168.65.1 at 2026-09-13 01:49:06 +0000
Processing by AppointmentTypesController#index as HTML
  Parameters: {"appointment_type"=>{}}
  [1m[36mAppointmentType Load (0.2ms)[0m  [1m[34mSELECT "appointment_types".* FROM "appointment_types"[0m
  ↳ app/controllers/appointment_types_controller.rb:8:in `index'
Completed 200 OK in 1ms (Views: 1.1ms | ActiveRecord: 0.2ms (1 query, 0 cached) | GC: 0.0ms)


Started GET "/appointment_types" for 192.168.65.1 at 2026-09-13 01:49:18 +0000
Processing by AppointmentTypesController#index as HTML
  Parameters: {"appointment_type"=>{}}
  [1m[36mAppointmentType Load (0.1ms)[0m  [1m[34mSELECT "appointment_types".* FROM "appointment_types"[0m
  ↳ app/controllers/appointment_types_controller.rb:8:in `index'
Completed 200 OK in 1ms (Views: 0.7ms | ActiveRecord: 0.1ms (1 query, 0 cached) | GC: 0.0ms)


Started GET "/appointment_types" for 192.168.65.1 at 2026-09-13 01:49:32 +0000
Started GET "/appointments" for 192.168.65.1 at 2026-09-13 01:49:32 +0000
Processing by AppointmentTypesController#index as HTML
  Parameters: {"appointment_type"=>{}}
Processing by AppointmentsController#index as HTML
  [1m[36mAppointmentType Load (0.2ms)[0m  [1m[34mSELECT "appointment_types".* FROM "appointment_types"[0m
  Parameters: {"appointment"=>{}}
  ↳ app/controllers/appointment_types_controller.rb:8:in `index'
Completed 200 OK in 7ms (Views: 7.1ms | ActiveRecord: 0.2ms (1 query, 0 cached) | GC: 0.0ms)


  [1m[36mAppointment Load (1.5ms)[0m  [1m[34mSELECT "appointments".* FROM "appointments" ORDER BY "appointments"."starts_at" ASC[0m
  ↳ app/controllers/appointments_controller.rb:8:in `index'
  [1m[36mAppointmentType Load (0.2ms)[0m  [1m[34mSELECT "appointment_types".* FROM "appointment_types" WHERE "appointment_types"."id" IN (?, ?)[0m  [["id", 3], ["id", 4]]
  ↳ app/controllers/appointments_controller.rb:8:in `index'
Completed 200 OK in 24ms (Views: 17.9ms | ActiveRecord: 1.7ms (2 queries, 0 cached) | GC: 0.3ms)


Started GET "/appointments" for 192.168.65.1 at 2026-09-13 01:50:28 +0000
Started GET "/appointment_types" for 192.168.65.1 at 2026-09-13 01:50:28 +0000
Processing by AppointmentTypesController#index as HTML
  Parameters: {"appointment_type"=>{}}
Processing by AppointmentsController#index as HTML
  [1m[36mAppointmentType Load (0.2ms)[0m  [1m[34mSELECT "appointment_types".* FROM "appointment_types"[0m
  Parameters: {"appointment"=>{}}
  ↳ app/controllers/appointment_types_controller.rb:8:in `index'
  [1m[36mAppointment Load (0.1ms)[0m  [1m[34mSELECT "appointments".* FROM "appointments" ORDER BY "appointments"."starts_at" ASC[0m
Completed 200 OK in 3ms (Views: 3.0ms | ActiveRecord: 0.2ms (1 query, 0 cached) | GC: 0.0ms)


  ↳ app/controllers/appointments_controller.rb:8:in `index'
  [1m[36mAppointmentType Load (0.1ms)[0m  [1m[34mSELECT "appointment_types".* FROM "appointment_types" WHERE "appointment_types"."id" IN (?, ?)[0m  [["id", 3], ["id", 4]]
  ↳ app/controllers/appointments_controller.rb:8:in `index'
Completed 200 OK in 6ms (Views: 4.2ms | ActiveRecord: 0.2ms (2 queries, 0 cached) | GC: 0.3ms)


Started GET "/appointment_types" for 192.168.65.1 at 2026-09-13 01:50:45 +0000
Started GET "/appointments" for 192.168.65.1 at 2026-09-13 01:50:45 +0000
Processing by AppointmentTypesController#index as HTML
  Parameters: {"appointment_type"=>{}}
Processing by AppointmentsController#index as HTML
  [1m[36mAppointmentType Load (0.2ms)[0m  [1m[34mSELECT "appointment_types".* FROM "appointment_types"[0m
  Parameters: {"appointment"=>{}}
  ↳ app/controllers/appointment_types_controller.rb:8:in `index'
  [1m[36mAppointment Load (0.1ms)[0m  [1m[34mSELECT "appointments".* FROM "appointments" ORDER BY "appointments"."starts_at" ASC[0m
Completed 200 OK in 3ms (Views: 2.4ms | ActiveRecord: 0.2ms (1 query, 0 cached) | GC: 0.0ms)


  ↳ app/controllers/appointments_controller.rb:8:in `index'
  [1m[36mAppointmentType Load (0.1ms)[0m  [1m[34mSELECT "appointment_types".* FROM "appointment_types" WHERE "appointment_types"."id" IN (?, ?)[0m  [["id", 3], ["id", 4]]
  ↳ app/controllers/appointments_controller.rb:8:in `index'
Completed 200 OK in 4ms (Views: 3.4ms | ActiveRecord: 0.2ms (2 queries, 0 cached) | GC: 0.0ms)


Started GET "/appointments" for 192.168.65.1 at 2026-09-13 01:52:19 +0000
Started GET "/appointment_types" for 192.168.65.1 at 2026-09-13 01:52:19 +0000
Processing by AppointmentsController#index as HTML
  Parameters: {"appointment"=>{}}
Processing by AppointmentTypesController#index as HTML
  [1m[36mAppointment Load (0.1ms)[0m  [1m[34mSELECT "appointments".* FROM "appointments" ORDER BY "appointments"."starts_at" ASC[0m
  Parameters: {"appointment_type"=>{}}
  ↳ app/controllers/appointments_controller.rb:8:in `index'
  [1m[36mAppointmentType Load (0.0ms)[0m  [1m[34mSELECT "appointment_types".* FROM "appointment_types"[0m
  [1m[36mAppointmentType Load (0.1ms)[0m  [1m[34mSELECT "appointment_types".* FROM "appointment_types" WHERE "appointment_types"."id" IN (?, ?)[0m  [["id", 3], ["id", 4]]
  ↳ app/controllers/appointment_types_controller.rb:8:in `index'
  ↳ app/controllers/appointments_controller.rb:8:in `index'
Completed 200 OK in 2ms (Views: 1.7ms | ActiveRecord: 0.0ms (1 query, 0 cached) | GC: 0.0ms)


Completed 200 OK in 3ms (Views: 2.9ms | ActiveRecord: 0.2ms (2 queries, 0 cached) | GC: 0.0ms)


Started GET "/appointments" for 192.168.65.1 at 2026-09-13 01:52:26 +0000
Started GET "/appointment_types" for 192.168.65.1 at 2026-09-13 01:52:26 +0000
Processing by AppointmentsController#index as HTML
  Parameters: {"appointment"=>{}}
  [1m[36mAppointment Load (0.1ms)[0m  [1m[34mSELECT "appointments".* FROM "appointments" ORDER BY "appointments"."starts_at" ASC[0m
Processing by AppointmentTypesController#index as HTML
  ↳ app/controllers/appointments_controller.rb:8:in `index'
  Parameters: {"appointment_type"=>{}}
  [1m[36mAppointmentType Load (0.1ms)[0m  [1m[34mSELECT "appointment_types".* FROM "appointment_types" WHERE "appointment_types"."id" IN (?, ?)[0m  [["id", 3], ["id", 4]]
  [1m[36mAppointmentType Load (0.0ms)[0m  [1m[34mSELECT "appointment_types".* FROM "appointment_types"[0m
  ↳ app/controllers/appointments_controller.rb:8:in `index'
  ↳ app/controllers/appointment_types_controller.rb:8:in `index'
Completed 200 OK in 4ms (Views: 3.7ms | ActiveRecord: 0.2ms (2 queries, 0 cached) | GC: 0.0ms)


Completed 200 OK in 2ms (Views: 1.6ms | ActiveRecord: 0.0ms (1 query, 0 cached) | GC: 0.0ms)


Started GET "/appointments" for 192.168.65.1 at 2026-09-13 01:52:33 +0000
Started GET "/appointment_types" for 192.168.65.1 at 2026-09-13 01:52:33 +0000
Processing by AppointmentsController#index as HTML
  Parameters: {"appointment"=>{}}
Processing by AppointmentTypesController#index as HTML
  [1m[36mAppointment Load (0.1ms)[0m  [1m[34mSELECT "appointments".* FROM "appointments" ORDER BY "appointments"."starts_at" ASC[0m
  Parameters: {"appointment_type"=>{}}
  ↳ app/controllers/appointments_controller.rb:8:in `index'
  [1m[36mAppointmentType Load (0.0ms)[0m  [1m[34mSELECT "appointment_types".* FROM "appointment_types"[0m
  [1m[36mAppointmentType Load (0.1ms)[0m  [1m[34mSELECT "appointment_types".* FROM "appointment_types" WHERE "appointment_types"."id" IN (?, ?)[0m  [["id", 3], ["id", 4]]
  ↳ app/controllers/appointment_types_controller.rb:8:in `index'
  ↳ app/controllers/appointments_controller.rb:8:in `index'
Completed 200 OK in 2ms (Views: 1.8ms | ActiveRecord: 0.1ms (1 query, 0 cached) | GC: 0.0ms)


Completed 200 OK in 3ms (Views: 3.2ms | ActiveRecord: 0.2ms (2 queries, 0 cached) | GC: 0.0ms)


Started GET "/appointments" for 192.168.65.1 at 2026-09-13 01:52:37 +0000
Started GET "/appointment_types" for 192.168.65.1 at 2026-09-13 01:52:37 +0000
Processing by AppointmentTypesController#index as HTML
  Parameters: {"appointment_type"=>{}}
Processing by AppointmentsController#index as HTML
  [1m[36mAppointmentType Load (0.5ms)[0m  [1m[34mSELECT "appointment_types".* FROM "appointment_types"[0m
  Parameters: {"appointment"=>{}}
  ↳ app/controllers/appointment_types_controller.rb:8:in `index'
  [1m[36mAppointment Load (0.0ms)[0m  [1m[34mSELECT "appointments".* FROM "appointments" ORDER BY "appointments"."starts_at" ASC[0m
Completed 200 OK in 2ms (Views: 1.4ms | ActiveRecord: 0.5ms (1 query, 0 cached) | GC: 0.4ms)


  ↳ app/controllers/appointments_controller.rb:8:in `index'
  [1m[36mAppointmentType Load (0.1ms)[0m  [1m[34mSELECT "appointment_types".* FROM "appointment_types" WHERE "appointment_types"."id" IN (?, ?)[0m  [["id", 3], ["id", 4]]
  ↳ app/controllers/appointments_controller.rb:8:in `index'
Completed 200 OK in 3ms (Views: 2.3ms | ActiveRecord: 0.1ms (2 queries, 0 cached) | GC: 0.0ms)


Started GET "/appointments" for 192.168.65.1 at 2026-09-13 01:52:58 +0000
Started GET "/appointment_types" for 192.168.65.1 at 2026-09-13 01:52:58 +0000
Processing by AppointmentsController#index as HTML
  Parameters: {"appointment"=>{}}
Processing by AppointmentTypesController#index as HTML
  [1m[36mAppointment Load (0.1ms)[0m  [1m[34mSELECT "appointments".* FROM "appointments" ORDER BY "appointments"."starts_at" ASC[0m
  Parameters: {"appointment_type"=>{}}
  ↳ app/controllers/appointments_controller.rb:8:in `index'
  [1m[36mAppointmentType Load (0.0ms)[0m  [1m[34mSELECT "appointment_types".* FROM "appointment_types"[0m
  [1m[36mAppointmentType Load (0.1ms)[0m  [1m[34mSELECT "appointment_types".* FROM "appointment_types" WHERE "appointment_types"."id" IN (?, ?)[0m  [["id", 3], ["id", 4]]
  ↳ app/controllers/appointment_types_controller.rb:8:in `index'
  ↳ app/controllers/appointments_controller.rb:8:in `index'
Completed 200 OK in 2ms (Views: 1.5ms | ActiveRecord: 0.0ms (1 query, 0 cached) | GC: 0.0ms)


Completed 200 OK in 3ms (Views: 2.9ms | ActiveRecord: 0.2ms (2 queries, 0 cached) | GC: 0.1ms)


Started GET "/appointment_types" for 192.168.65.1 at 2026-09-13 01:53:09 +0000
Started GET "/appointments" for 192.168.65.1 at 2026-09-13 01:53:09 +0000
Processing by AppointmentTypesController#index as HTML
  Parameters: {"appointment_type"=>{}}
Processing by AppointmentsController#index as HTML
  [1m[36mAppointmentType Load (0.1ms)[0m  [1m[34mSELECT "appointment_types".* FROM "appointment_types"[0m
  Parameters: {"appointment"=>{}}
  ↳ app/controllers/appointment_types_controller.rb:8:in `index'
  [1m[36mAppointment Load (0.0ms)[0m  [1m[34mSELECT "appointments".* FROM "appointments" ORDER BY "appointments"."starts_at" ASC[0m
Completed 200 OK in 2ms (Views: 1.8ms | ActiveRecord: 0.1ms (1 query, 0 cached) | GC: 0.0ms)


  ↳ app/controllers/appointments_controller.rb:8:in `index'
  [1m[36mAppointmentType Load (0.1ms)[0m  [1m[34mSELECT "appointment_types".* FROM "appointment_types" WHERE "appointment_types"."id" IN (?, ?)[0m  [["id", 3], ["id", 4]]
  ↳ app/controllers/appointments_controller.rb:8:in `index'
Completed 200 OK in 3ms (Views: 2.5ms | ActiveRecord: 0.1ms (2 queries, 0 cached) | GC: 0.0ms)


Started GET "/appointments" for 192.168.65.1 at 2026-09-13 01:53:22 +0000
Started GET "/appointment_types" for 192.168.65.1 at 2026-09-13 01:53:22 +0000
Processing by AppointmentsController#index as HTML
  Parameters: {"appointment"=>{}}
Processing by AppointmentTypesController#index as HTML
  [1m[36mAppointment Load (0.1ms)[0m  [1m[34mSELECT "appointments".* FROM "appointments" ORDER BY "appointments"."starts_at" ASC[0m
  Parameters: {"appointment_type"=>{}}
  ↳ app/controllers/appointments_controller.rb:8:in `index'
  [1m[36mAppointmentType Load (0.0ms)[0m  [1m[34mSELECT "appointment_types".* FROM "appointment_types"[0m
  [1m[36mAppointmentType Load (0.1ms)[0m  [1m[34mSELECT "appointment_types".* FROM "appointment_types" WHERE "appointment_types"."id" IN (?, ?)[0m  [["id", 3], ["id", 4]]
  ↳ app/controllers/appointment_types_controller.rb:8:in `index'
  ↳ app/controllers/appointments_controller.rb:8:in `index'
Completed 200 OK in 2ms (Views: 1.4ms | ActiveRecord: 0.0ms (1 query, 0 cached) | GC: 0.0ms)


Completed 200 OK in 3ms (Views: 2.8ms | ActiveRecord: 0.2ms (2 queries, 0 cached) | GC: 0.0ms)


Started GET "/appointment_types" for 192.168.65.1 at 2026-09-13 01:53:31 +0000
Started GET "/appointments" for 192.168.65.1 at 2026-09-13 01:53:31 +0000
Processing by AppointmentTypesController#index as HTML
  Parameters: {"appointment_type"=>{}}
  [1m[36mAppointmentType Load (0.1ms)[0m  [1m[34mSELECT "appointment_types".* FROM "appointment_types"[0m
  ↳ app/controllers/appointment_types_controller.rb:8:in `index'
Completed 200 OK in 1ms (Views: 0.7ms | ActiveRecord: 0.1ms (1 query, 0 cached) | GC: 0.0ms)


Processing by AppointmentsController#index as HTML
  Parameters: {"appointment"=>{}}
  [1m[36mAppointment Load (0.1ms)[0m  [1m[34mSELECT "appointments".* FROM "appointments" ORDER BY "appointments"."starts_at" ASC[0m
  ↳ app/controllers/appointments_controller.rb:8:in `index'
  [1m[36mAppointmentType Load (0.1ms)[0m  [1m[34mSELECT "appointment_types".* FROM "appointment_types" WHERE "appointment_types"."id" IN (?, ?)[0m  [["id", 3], ["id", 4]]
  ↳ app/controllers/appointments_controller.rb:8:in `index'
Completed 200 OK in 5ms (Views: 4.5ms | ActiveRecord: 0.1ms (2 queries, 0 cached) | GC: 2.4ms)


Started GET "/appointments" for 192.168.65.1 at 2026-09-13 01:53:45 +0000
Started GET "/appointment_types" for 192.168.65.1 at 2026-09-13 01:53:45 +0000
Processing by AppointmentsController#index as HTML
  Parameters: {"appointment"=>{}}
Processing by AppointmentTypesController#index as HTML
  [1m[36mAppointment Load (0.1ms)[0m  [1m[34mSELECT "appointments".* FROM "appointments" ORDER BY "appointments"."starts_at" ASC[0m
  Parameters: {"appointment_type"=>{}}
  ↳ app/controllers/appointments_controller.rb:8:in `index'
  [1m[36mAppointmentType Load (0.1ms)[0m  [1m[34mSELECT "appointment_types".* FROM "appointment_types"[0m
  [1m[36mAppointmentType Load (0.1ms)[0m  [1m[34mSELECT "appointment_types".* FROM "appointment_types" WHERE "appointment_types"."id" IN (?, ?)[0m  [["id", 3], ["id", 4]]
  ↳ app/controllers/appointment_types_controller.rb:8:in `index'
  ↳ app/controllers/appointments_controller.rb:8:in `index'
Completed 200 OK in 2ms (Views: 1.6ms | ActiveRecord: 0.1ms (1 query, 0 cached) | GC: 0.0ms)


Completed 200 OK in 3ms (Views: 3.0ms | ActiveRecord: 0.2ms (2 queries, 0 cached) | GC: 0.0ms)


Started GET "/appointments" for 192.168.65.1 at 2026-09-13 01:53:53 +0000
Started GET "/appointment_types" for 192.168.65.1 at 2026-09-13 01:53:53 +0000
Processing by AppointmentsController#index as HTML
  Parameters: {"appointment"=>{}}
  [1m[36mAppointment Load (0.1ms)[0m  [1m[34mSELECT "appointments".* FROM "appointments" ORDER BY "appointments"."starts_at" ASC[0m
Processing by AppointmentTypesController#index as HTML
  ↳ app/controllers/appointments_controller.rb:8:in `index'
  Parameters: {"appointment_type"=>{}}
  [1m[36mAppointmentType Load (0.1ms)[0m  [1m[34mSELECT "appointment_types".* FROM "appointment_types" WHERE "appointment_types"."id" IN (?, ?)[0m  [["id", 3], ["id", 4]]
  [1m[36mAppointmentType Load (0.1ms)[0m  [1m[34mSELECT "appointment_types".* FROM "appointment_types"[0m
  ↳ app/controllers/appointments_controller.rb:8:in `index'
  ↳ app/controllers/appointment_types_controller.rb:8:in `index'
Completed 200 OK in 4ms (Views: 3.4ms | ActiveRecord: 0.3ms (2 queries, 0 cached) | GC: 0.0ms)


Completed 200 OK in 2ms (Views: 1.7ms | ActiveRecord: 0.0ms (1 query, 0 cached) | GC: 0.0ms)


Started GET "/appointment_types" for 192.168.65.1 at 2026-09-13 01:54:02 +0000
Started GET "/appointments" for 192.168.65.1 at 2026-09-13 01:54:02 +0000
Processing by AppointmentTypesController#index as HTML
  Parameters: {"appointment_type"=>{}}
  [1m[36mAppointmentType Load (0.1ms)[0m  [1m[34mSELECT "appointment_types".* FROM "appointment_types"[0m
  ↳ app/controllers/appointment_types_controller.rb:8:in `index'
Completed 200 OK in 1ms (Views: 0.9ms | ActiveRecord: 0.1ms (1 query, 0 cached) | GC: 0.0ms)


Processing by AppointmentsController#index as HTML
  Parameters: {"appointment"=>{}}
  [1m[36mAppointment Load (0.0ms)[0m  [1m[34mSELECT "appointments".* FROM "appointments" ORDER BY "appointments"."starts_at" ASC[0m
  ↳ app/controllers/appointments_controller.rb:8:in `index'
  [1m[36mAppointmentType Load (0.1ms)[0m  [1m[34mSELECT "appointment_types".* FROM "appointment_types" WHERE "appointment_types"."id" IN (?, ?)[0m  [["id", 3], ["id", 4]]
  ↳ app/controllers/appointments_controller.rb:8:in `index'
Completed 200 OK in 2ms (Views: 1.5ms | ActiveRecord: 0.1ms (2 queries, 0 cached) | GC: 0.0ms)


Started GET "/appointment_types" for 192.168.65.1 at 2026-09-13 01:54:09 +0000
Started GET "/appointments" for 192.168.65.1 at 2026-09-13 01:54:09 +0000
Processing by AppointmentsController#index as HTML
  Parameters: {"appointment"=>{}}
Processing by AppointmentTypesController#index as HTML
  [1m[36mAppointment Load (0.1ms)[0m  [1m[34mSELECT "appointments".* FROM "appointments" ORDER BY "appointments"."starts_at" ASC[0m
  Parameters: {"appointment_type"=>{}}
  ↳ app/controllers/appointments_controller.rb:8:in `index'
  [1m[36mAppointmentType Load (0.0ms)[0m  [1m[34mSELECT "appointment_types".* FROM "appointment_types"[0m
  [1m[36mAppointmentType Load (0.1ms)[0m  [1m[34mSELECT "appointment_types".* FROM "appointment_types" WHERE "appointment_types"."id" IN (?, ?)[0m  [["id", 3], ["id", 4]]
  ↳ app/controllers/appointment_types_controller.rb:8:in `index'
  ↳ app/controllers/appointments_controller.rb:8:in `index'
Completed 200 OK in 2ms (Views: 1.7ms | ActiveRecord: 0.0ms (1 query, 0 cached) | GC: 0.2ms)


Completed 200 OK in 4ms (Views: 3.1ms | ActiveRecord: 0.2ms (2 queries, 0 cached) | GC: 0.2ms)


Started GET "/appointments" for 192.168.65.1 at 2026-09-13 01:54:17 +0000
Started GET "/appointment_types" for 192.168.65.1 at 2026-09-13 01:54:17 +0000
Processing by AppointmentsController#index as HTML
  Parameters: {"appointment"=>{}}
Processing by AppointmentTypesController#index as HTML
  [1m[36mAppointment Load (0.1ms)[0m  [1m[34mSELECT "appointments".* FROM "appointments" ORDER BY "appointments"."starts_at" ASC[0m
  Parameters: {"appointment_type"=>{}}
  ↳ app/controllers/appointments_controller.rb:8:in `index'
  [1m[36mAppointmentType Load (0.0ms)[0m  [1m[34mSELECT "appointment_types".* FROM "appointment_types"[0m
  [1m[36mAppointmentType Load (0.1ms)[0m  [1m[34mSELECT "appointment_types".* FROM "appointment_types" WHERE "appointment_types"."id" IN (?, ?)[0m  [["id", 3], ["id", 4]]
  ↳ app/controllers/appointment_types_controller.rb:8:in `index'
  ↳ app/controllers/appointments_controller.rb:8:in `index'
Completed 200 OK in 2ms (Views: 1.5ms | ActiveRecord: 0.0ms (1 query, 0 cached) | GC: 0.0ms)


Completed 200 OK in 3ms (Views: 3.0ms | ActiveRecord: 0.2ms (2 queries, 0 cached) | GC: 0.0ms)


Started GET "/appointment_types" for 192.168.65.1 at 2026-09-13 01:54:28 +0000
Started GET "/appointments" for 192.168.65.1 at 2026-09-13 01:54:28 +0000
Processing by AppointmentTypesController#index as HTML
  Parameters: {"appointment_type"=>{}}
Processing by AppointmentsController#index as HTML
  [1m[36mAppointmentType Load (0.1ms)[0m  [1m[34mSELECT "appointment_types".* FROM "appointment_types"[0m
  Parameters: {"appointment"=>{}}
  ↳ app/controllers/appointment_types_controller.rb:8:in `index'
  [1m[36mAppointment Load (0.0ms)[0m  [1m[34mSELECT "appointments".* FROM "appointments" ORDER BY "appointments"."starts_at" ASC[0m
Completed 200 OK in 2ms (Views: 1.4ms | ActiveRecord: 0.1ms (1 query, 0 cached) | GC: 0.0ms)


  ↳ app/controllers/appointments_controller.rb:8:in `index'
  [1m[36mAppointmentType Load (0.1ms)[0m  [1m[34mSELECT "appointment_types".* FROM "appointment_types" WHERE "appointment_types"."id" IN (?, ?)[0m  [["id", 3], ["id", 4]]
  ↳ app/controllers/appointments_controller.rb:8:in `index'
Completed 200 OK in 3ms (Views: 2.7ms | ActiveRecord: 0.1ms (2 queries, 0 cached) | GC: 0.0ms)


Started GET "/appointments" for 192.168.65.1 at 2026-09-13 01:54:35 +0000
Started GET "/appointment_types" for 192.168.65.1 at 2026-09-13 01:54:35 +0000
Processing by AppointmentsController#index as HTML
  Parameters: {"appointment"=>{}}
  [1m[36mAppointment Load (0.1ms)[0m  [1m[34mSELECT "appointments".* FROM "appointments" ORDER BY "appointments"."starts_at" ASC[0m
Processing by AppointmentTypesController#index as HTML
  ↳ app/controllers/appointments_controller.rb:8:in `index'
  Parameters: {"appointment_type"=>{}}
  [1m[36mAppointmentType Load (0.1ms)[0m  [1m[34mSELECT "appointment_types".* FROM "appointment_types" WHERE "appointment_types"."id" IN (?, ?)[0m  [["id", 3], ["id", 4]]
  [1m[36mAppointmentType Load (0.0ms)[0m  [1m[34mSELECT "appointment_types".* FROM "appointment_types"[0m
  ↳ app/controllers/appointments_controller.rb:8:in `index'
  ↳ app/controllers/appointment_types_controller.rb:8:in `index'
Completed 200 OK in 3ms (Views: 3.0ms | ActiveRecord: 0.2ms (2 queries, 0 cached) | GC: 0.0ms)


Completed 200 OK in 2ms (Views: 1.5ms | ActiveRecord: 0.0ms (1 query, 0 cached) | GC: 0.0ms)


Started GET "/appointments" for 192.168.65.1 at 2026-09-13 01:54:45 +0000
Started GET "/appointment_types" for 192.168.65.1 at 2026-09-13 01:54:45 +0000
Processing by AppointmentsController#index as HTML
  Parameters: {"appointment"=>{}}
Processing by AppointmentTypesController#index as HTML
  [1m[36mAppointment Load (0.1ms)[0m  [1m[34mSELECT "appointments".* FROM "appointments" ORDER BY "appointments"."starts_at" ASC[0m
  Parameters: {"appointment_type"=>{}}
  ↳ app/controllers/appointments_controller.rb:8:in `index'
  [1m[36mAppointmentType Load (0.0ms)[0m  [1m[34mSELECT "appointment_types".* FROM "appointment_types"[0m
  [1m[36mAppointmentType Load (0.1ms)[0m  [1m[34mSELECT "appointment_types".* FROM "appointment_types" WHERE "appointment_types"."id" IN (?, ?)[0m  [["id", 3], ["id", 4]]
  ↳ app/controllers/appointment_types_controller.rb:8:in `index'
  ↳ app/controllers/appointments_controller.rb:8:in `index'
Completed 200 OK in 2ms (Views: 1.6ms | ActiveRecord: 0.0ms (1 query, 0 cached) | GC: 0.0ms)


Completed 200 OK in 5ms (Views: 4.3ms | ActiveRecord: 0.2ms (2 queries, 0 cached) | GC: 0.0ms)


Started GET "/appointment_types" for 192.168.65.1 at 2026-09-13 01:55:20 +0000
Started GET "/appointments" for 192.168.65.1 at 2026-09-13 01:55:20 +0000
Processing by AppointmentTypesController#index as HTML
  Parameters: {"appointment_type"=>{}}
  [1m[36mAppointmentType Load (0.1ms)[0m  [1m[34mSELECT "appointment_types".* FROM "appointment_types"[0m
Processing by AppointmentsController#index as HTML
  ↳ app/controllers/appointment_types_controller.rb:8:in `index'
  Parameters: {"appointment"=>{}}
Completed 200 OK in 1ms (Views: 1.1ms | ActiveRecord: 0.1ms (1 query, 0 cached) | GC: 0.0ms)


  [1m[36mAppointment Load (0.0ms)[0m  [1m[34mSELECT "appointments".* FROM "appointments" ORDER BY "appointments"."starts_at" ASC[0m
  ↳ app/controllers/appointments_controller.rb:8:in `index'
  [1m[36mAppointmentType Load (0.1ms)[0m  [1m[34mSELECT "appointment_types".* FROM "appointment_types" WHERE "appointment_types"."id" IN (?, ?)[0m  [["id", 3], ["id", 4]]
  ↳ app/controllers/appointments_controller.rb:8:in `index'
Completed 200 OK in 2ms (Views: 1.9ms | ActiveRecord: 0.1ms (2 queries, 0 cached) | GC: 0.0ms)


Started GET "/appointments" for 192.168.65.1 at 2026-09-13 01:55:28 +0000
Started GET "/appointment_types" for 192.168.65.1 at 2026-09-13 01:55:28 +0000
Processing by AppointmentsController#index as HTML
  Parameters: {"appointment"=>{}}
  [1m[36mAppointment Load (0.1ms)[0m  [1m[34mSELECT "appointments".* FROM "appointments" ORDER BY "appointments"."starts_at" ASC[0m
  ↳ app/controllers/appointments_controller.rb:8:in `index'
  [1m[36mAppointmentType Load (0.1ms)[0m  [1m[34mSELECT "appointment_types".* FROM "appointment_types" WHERE "appointment_types"."id" IN (?, ?)[0m  [["id", 3], ["id", 4]]
  ↳ app/controllers/appointments_controller.rb:8:in `index'
Completed 200 OK in 2ms (Views: 1.7ms | ActiveRecord: 0.2ms (2 queries, 0 cached) | GC: 0.2ms)


Processing by AppointmentTypesController#index as HTML
  Parameters: {"appointment_type"=>{}}
  [1m[36mAppointmentType Load (0.0ms)[0m  [1m[34mSELECT "appointment_types".* FROM "appointment_types"[0m
  ↳ app/controllers/appointment_types_controller.rb:8:in `index'
Completed 200 OK in 1ms (Views: 0.6ms | ActiveRecord: 0.0ms (1 query, 0 cached) | GC: 0.0ms)


Started GET "/appointment_types" for 192.168.65.1 at 2026-09-13 01:55:55 +0000
Started GET "/appointments" for 192.168.65.1 at 2026-09-13 01:55:55 +0000
Processing by AppointmentTypesController#index as HTML
  Parameters: {"appointment_type"=>{}}
Processing by AppointmentsController#index as HTML
  [1m[36mAppointmentType Load (0.1ms)[0m  [1m[34mSELECT "appointment_types".* FROM "appointment_types"[0m
  Parameters: {"appointment"=>{}}
  ↳ app/controllers/appointment_types_controller.rb:8:in `index'
  [1m[36mAppointment Load (0.1ms)[0m  [1m[34mSELECT "appointments".* FROM "appointments" ORDER BY "appointments"."starts_at" ASC[0m
Completed 200 OK in 2ms (Views: 2.0ms | ActiveRecord: 0.1ms (1 query, 0 cached) | GC: 0.3ms)


  ↳ app/controllers/appointments_controller.rb:8:in `index'
  [1m[36mAppointmentType Load (0.1ms)[0m  [1m[34mSELECT "appointment_types".* FROM "appointment_types" WHERE "appointment_types"."id" IN (?, ?)[0m  [["id", 3], ["id", 4]]
  ↳ app/controllers/appointments_controller.rb:8:in `index'
Completed 200 OK in 3ms (Views: 2.8ms | ActiveRecord: 0.2ms (2 queries, 0 cached) | GC: 0.0ms)


Started GET "/appointment_types" for 192.168.65.1 at 2026-09-13 01:56:10 +0000
Started GET "/appointments" for 192.168.65.1 at 2026-09-13 01:56:10 +0000
Processing by AppointmentTypesController#index as HTML
  Parameters: {"appointment_type"=>{}}
Processing by AppointmentsController#index as HTML
  [1m[36mAppointmentType Load (0.1ms)[0m  [1m[34mSELECT "appointment_types".* FROM "appointment_types"[0m
  Parameters: {"appointment"=>{}}
  ↳ app/controllers/appointment_types_controller.rb:8:in `index'
  [1m[36mAppointment Load (0.1ms)[0m  [1m[34mSELECT "appointments".* FROM "appointments" ORDER BY "appointments"."starts_at" ASC[0m
Completed 200 OK in 2ms (Views: 1.5ms | ActiveRecord: 0.1ms (1 query, 0 cached) | GC: 0.0ms)


  ↳ app/controllers/appointments_controller.rb:8:in `index'
  [1m[36mAppointmentType Load (0.1ms)[0m  [1m[34mSELECT "appointment_types".* FROM "appointment_types" WHERE "appointment_types"."id" IN (?, ?)[0m  [["id", 3], ["id", 4]]
  ↳ app/controllers/appointments_controller.rb:8:in `index'
Completed 200 OK in 2ms (Views: 2.2ms | ActiveRecord: 0.1ms (2 queries, 0 cached) | GC: 0.0ms)


Started GET "/appointment_types" for 192.168.65.1 at 2026-09-13 01:56:26 +0000
Started GET "/appointments" for 192.168.65.1 at 2026-09-13 01:56:26 +0000
Processing by AppointmentTypesController#index as HTML
  Parameters: {"appointment_type"=>{}}
Processing by AppointmentsController#index as HTML
  [1m[36mAppointmentType Load (0.1ms)[0m  [1m[34mSELECT "appointment_types".* FROM "appointment_types"[0m
  Parameters: {"appointment"=>{}}
  ↳ app/controllers/appointment_types_controller.rb:8:in `index'
  [1m[36mAppointment Load (0.0ms)[0m  [1m[34mSELECT "appointments".* FROM "appointments" ORDER BY "appointments"."starts_at" ASC[0m
Completed 200 OK in 2ms (Views: 1.6ms | ActiveRecord: 0.1ms (1 query, 0 cached) | GC: 0.0ms)


  ↳ app/controllers/appointments_controller.rb:8:in `index'
  [1m[36mAppointmentType Load (0.1ms)[0m  [1m[34mSELECT "appointment_types".* FROM "appointment_types" WHERE "appointment_types"."id" IN (?, ?)[0m  [["id", 3], ["id", 4]]
  ↳ app/controllers/appointments_controller.rb:8:in `index'
Completed 200 OK in 4ms (Views: 3.8ms | ActiveRecord: 0.1ms (2 queries, 0 cached) | GC: 1.4ms)


Started GET "/appointment_types" for 192.168.65.1 at 2026-09-13 01:56:37 +0000
Started GET "/appointments" for 192.168.65.1 at 2026-09-13 01:56:37 +0000
Processing by AppointmentTypesController#index as HTML
  Parameters: {"appointment_type"=>{}}
Processing by AppointmentsController#index as HTML
  [1m[36mAppointmentType Load (0.1ms)[0m  [1m[34mSELECT "appointment_types".* FROM "appointment_types"[0m
  Parameters: {"appointment"=>{}}
  ↳ app/controllers/appointment_types_controller.rb:8:in `index'
  [1m[36mAppointment Load (0.1ms)[0m  [1m[34mSELECT "appointments".* FROM "appointments" ORDER BY "appointments"."starts_at" ASC[0m
Completed 200 OK in 2ms (Views: 1.5ms | ActiveRecord: 0.1ms (1 query, 0 cached) | GC: 0.0ms)


  ↳ app/controllers/appointments_controller.rb:8:in `index'
  [1m[36mAppointmentType Load (0.1ms)[0m  [1m[34mSELECT "appointment_types".* FROM "appointment_types" WHERE "appointment_types"."id" IN (?, ?)[0m  [["id", 3], ["id", 4]]
  ↳ app/controllers/appointments_controller.rb:8:in `index'
Completed 200 OK in 3ms (Views: 2.5ms | ActiveRecord: 0.1ms (2 queries, 0 cached) | GC: 0.0ms)


Started GET "/appointment_types" for 192.168.65.1 at 2026-09-13 01:56:55 +0000
Started GET "/appointments" for 192.168.65.1 at 2026-09-13 01:56:55 +0000
Processing by AppointmentsController#index as HTML
  Parameters: {"appointment"=>{}}
  [1m[36mAppointment Load (0.1ms)[0m  [1m[34mSELECT "appointments".* FROM "appointments" ORDER BY "appointments"."starts_at" ASC[0m
Processing by AppointmentTypesController#index as HTML
  ↳ app/controllers/appointments_controller.rb:8:in `index'
  Parameters: {"appointment_type"=>{}}
  [1m[36mAppointmentType Load (0.1ms)[0m  [1m[34mSELECT "appointment_types".* FROM "appointment_types" WHERE "appointment_types"."id" IN (?, ?)[0m  [["id", 3], ["id", 4]]
  [1m[36mAppointmentType Load (0.2ms)[0m  [1m[34mSELECT "appointment_types".* FROM "appointment_types"[0m
  ↳ app/controllers/appointments_controller.rb:8:in `index'
  ↳ app/controllers/appointment_types_controller.rb:8:in `index'
Completed 200 OK in 3ms (Views: 3.0ms | ActiveRecord: 0.2ms (2 queries, 0 cached) | GC: 0.0ms)


Completed 200 OK in 2ms (Views: 1.8ms | ActiveRecord: 0.1ms (1 query, 0 cached) | GC: 0.0ms)


Started GET "/appointment_types" for 192.168.65.1 at 2026-09-13 01:57:09 +0000
Started GET "/appointments" for 192.168.65.1 at 2026-09-13 01:57:09 +0000
Processing by AppointmentTypesController#index as HTML
  Parameters: {"appointment_type"=>{}}
  [1m[36mAppointmentType Load (0.1ms)[0m  [1m[34mSELECT "appointment_types".* FROM "appointment_types"[0m
Processing by AppointmentsController#index as HTML
  ↳ app/controllers/appointment_types_controller.rb:8:in `index'
  Parameters: {"appointment"=>{}}
Completed 200 OK in 1ms (Views: 1.2ms | ActiveRecord: 0.1ms (1 query, 0 cached) | GC: 0.0ms)


  [1m[36mAppointment Load (0.0ms)[0m  [1m[34mSELECT "appointments".* FROM "appointments" ORDER BY "appointments"."starts_at" ASC[0m
  ↳ app/controllers/appointments_controller.rb:8:in `index'
  [1m[36mAppointmentType Load (0.1ms)[0m  [1m[34mSELECT "appointment_types".* FROM "appointment_types" WHERE "appointment_types"."id" IN (?, ?)[0m  [["id", 3], ["id", 4]]
  ↳ app/controllers/appointments_controller.rb:8:in `index'
Completed 200 OK in 2ms (Views: 2.0ms | ActiveRecord: 0.1ms (2 queries, 0 cached) | GC: 0.0ms)


Started GET "/appointments" for 192.168.65.1 at 2026-09-13 01:57:18 +0000
Started GET "/appointment_types" for 192.168.65.1 at 2026-09-13 01:57:18 +0000
Processing by AppointmentTypesController#index as HTML
  Parameters: {"appointment_type"=>{}}
  [1m[36mAppointmentType Load (0.1ms)[0m  [1m[34mSELECT "appointment_types".* FROM "appointment_types"[0m
Processing by AppointmentsController#index as HTML
  ↳ app/controllers/appointment_types_controller.rb:8:in `index'
  Parameters: {"appointment"=>{}}
Completed 200 OK in 1ms (Views: 1.3ms | ActiveRecord: 0.1ms (1 query, 0 cached) | GC: 0.0ms)


  [1m[36mAppointment Load (0.0ms)[0m  [1m[34mSELECT "appointments".* FROM "appointments" ORDER BY "appointments"."starts_at" ASC[0m
  ↳ app/controllers/appointments_controller.rb:8:in `index'
  [1m[36mAppointmentType Load (0.1ms)[0m  [1m[34mSELECT "appointment_types".* FROM "appointment_types" WHERE "appointment_types"."id" IN (?, ?)[0m  [["id", 3], ["id", 4]]
  ↳ app/controllers/appointments_controller.rb:8:in `index'
Completed 200 OK in 2ms (Views: 1.8ms | ActiveRecord: 0.1ms (2 queries, 0 cached) | GC: 0.0ms)


Started GET "/appointments" for 192.168.65.1 at 2026-09-13 01:57:25 +0000
Started GET "/appointment_types" for 192.168.65.1 at 2026-09-13 01:57:25 +0000
Processing by AppointmentsController#index as HTML
  Parameters: {"appointment"=>{}}
  [1m[36mAppointment Load (0.1ms)[0m  [1m[34mSELECT "appointments".* FROM "appointments" ORDER BY "appointments"."starts_at" ASC[0m
  ↳ app/controllers/appointments_controller.rb:8:in `index'
  [1m[36mAppointmentType Load (0.1ms)[0m  [1m[34mSELECT "appointment_types".* FROM "appointment_types" WHERE "appointment_types"."id" IN (?, ?)[0m  [["id", 3], ["id", 4]]
  ↳ app/controllers/appointments_controller.rb:8:in `index'
Completed 200 OK in 2ms (Views: 1.8ms | ActiveRecord: 0.2ms (2 queries, 0 cached) | GC: 0.0ms)


Processing by AppointmentTypesController#index as HTML
  Parameters: {"appointment_type"=>{}}
  [1m[36mAppointmentType Load (0.0ms)[0m  [1m[34mSELECT "appointment_types".* FROM "appointment_types"[0m
  ↳ app/controllers/appointment_types_controller.rb:8:in `index'
Completed 200 OK in 1ms (Views: 0.7ms | ActiveRecord: 0.0ms (1 query, 0 cached) | GC: 0.0ms)


Started GET "/appointment_types" for 192.168.65.1 at 2026-09-13 01:57:36 +0000
Started GET "/appointments" for 192.168.65.1 at 2026-09-13 01:57:36 +0000
Processing by AppointmentTypesController#index as HTML
  Parameters: {"appointment_type"=>{}}
Processing by AppointmentsController#index as HTML
  [1m[36mAppointmentType Load (0.1ms)[0m  [1m[34mSELECT "appointment_types".* FROM "appointment_types"[0m
  Parameters: {"appointment"=>{}}
  ↳ app/controllers/appointment_types_controller.rb:8:in `index'
  [1m[36mAppointment Load (0.1ms)[0m  [1m[34mSELECT "appointments".* FROM "appointments" ORDER BY "appointments"."starts_at" ASC[0m
Completed 200 OK in 2ms (Views: 2.3ms | ActiveRecord: 0.1ms (1 query, 0 cached) | GC: 0.0ms)


  ↳ app/controllers/appointments_controller.rb:8:in `index'
  [1m[36mAppointmentType Load (0.1ms)[0m  [1m[34mSELECT "appointment_types".* FROM "appointment_types" WHERE "appointment_types"."id" IN (?, ?)[0m  [["id", 3], ["id", 4]]
  ↳ app/controllers/appointments_controller.rb:8:in `index'
Completed 200 OK in 3ms (Views: 2.3ms | ActiveRecord: 0.2ms (2 queries, 0 cached) | GC: 0.0ms)


Started GET "/appointments" for 192.168.65.1 at 2026-09-13 01:57:43 +0000
Started GET "/appointment_types" for 192.168.65.1 at 2026-09-13 01:57:43 +0000
Processing by AppointmentsController#index as HTML
  Parameters: {"appointment"=>{}}
Processing by AppointmentTypesController#index as HTML
  [1m[36mAppointment Load (0.1ms)[0m  [1m[34mSELECT "appointments".* FROM "appointments" ORDER BY "appointments"."starts_at" ASC[0m
  Parameters: {"appointment_type"=>{}}
  ↳ app/controllers/appointments_controller.rb:8:in `index'
  [1m[36mAppointmentType Load (0.0ms)[0m  [1m[34mSELECT "appointment_types".* FROM "appointment_types"[0m
  [1m[36mAppointmentType Load (0.1ms)[0m  [1m[34mSELECT "appointment_types".* FROM "appointment_types" WHERE "appointment_types"."id" IN (?, ?)[0m  [["id", 3], ["id", 4]]
  ↳ app/controllers/appointment_types_controller.rb:8:in `index'
  ↳ app/controllers/appointments_controller.rb:8:in `index'
Completed 200 OK in 2ms (Views: 2.0ms | ActiveRecord: 0.0ms (1 query, 0 cached) | GC: 0.0ms)


Completed 200 OK in 4ms (Views: 4.1ms | ActiveRecord: 0.2ms (2 queries, 0 cached) | GC: 1.0ms)


Started GET "/appointment_types" for 192.168.65.1 at 2026-09-13 01:57:56 +0000
Started GET "/appointments" for 192.168.65.1 at 2026-09-13 01:57:56 +0000
Processing by AppointmentTypesController#index as HTML
  Parameters: {"appointment_type"=>{}}
  [1m[36mAppointmentType Load (0.1ms)[0m  [1m[34mSELECT "appointment_types".* FROM "appointment_types"[0m
Processing by AppointmentsController#index as HTML
  ↳ app/controllers/appointment_types_controller.rb:8:in `index'
  Parameters: {"appointment"=>{}}
Completed 200 OK in 2ms (Views: 1.7ms | ActiveRecord: 0.1ms (1 query, 0 cached) | GC: 0.0ms)


  [1m[36mAppointment Load (0.1ms)[0m  [1m[34mSELECT "appointments".* FROM "appointments" ORDER BY "appointments"."starts_at" ASC[0m
  ↳ app/controllers/appointments_controller.rb:8:in `index'
  [1m[36mAppointmentType Load (0.1ms)[0m  [1m[34mSELECT "appointment_types".* FROM "appointment_types" WHERE "appointment_types"."id" IN (?, ?)[0m  [["id", 3], ["id", 4]]
  ↳ app/controllers/appointments_controller.rb:8:in `index'
Completed 200 OK in 3ms (Views: 2.3ms | ActiveRecord: 0.1ms (2 queries, 0 cached) | GC: 0.4ms)


Started GET "/appointment_types" for 192.168.65.1 at 2026-09-13 01:58:03 +0000
Started GET "/appointments" for 192.168.65.1 at 2026-09-13 01:58:03 +0000
Processing by AppointmentTypesController#index as HTML
  Parameters: {"appointment_type"=>{}}
Processing by AppointmentsController#index as HTML
  [1m[36mAppointmentType Load (0.1ms)[0m  [1m[34mSELECT "appointment_types".* FROM "appointment_types"[0m
  Parameters: {"appointment"=>{}}
  ↳ app/controllers/appointment_types_controller.rb:8:in `index'
  [1m[36mAppointment Load (0.0ms)[0m  [1m[34mSELECT "appointments".* FROM "appointments" ORDER BY "appointments"."starts_at" ASC[0m
Completed 200 OK in 2ms (Views: 1.9ms | ActiveRecord: 0.1ms (1 query, 0 cached) | GC: 0.3ms)


  ↳ app/controllers/appointments_controller.rb:8:in `index'
  [1m[36mAppointmentType Load (0.1ms)[0m  [1m[34mSELECT "appointment_types".* FROM "appointment_types" WHERE "appointment_types"."id" IN (?, ?)[0m  [["id", 3], ["id", 4]]
  ↳ app/controllers/appointments_controller.rb:8:in `index'
Completed 200 OK in 3ms (Views: 2.9ms | ActiveRecord: 0.1ms (2 queries, 0 cached) | GC: 0.3ms)


Started GET "/appointment_types" for 192.168.65.1 at 2026-09-13 01:58:12 +0000
Started GET "/appointments" for 192.168.65.1 at 2026-09-13 01:58:12 +0000
Processing by AppointmentTypesController#index as HTML
  Parameters: {"appointment_type"=>{}}
Processing by AppointmentsController#index as HTML
  [1m[36mAppointmentType Load (0.1ms)[0m  [1m[34mSELECT "appointment_types".* FROM "appointment_types"[0m
  Parameters: {"appointment"=>{}}
  ↳ app/controllers/appointment_types_controller.rb:8:in `index'
  [1m[36mAppointment Load (0.0ms)[0m  [1m[34mSELECT "appointments".* FROM "appointments" ORDER BY "appointments"."starts_at" ASC[0m
Completed 200 OK in 2ms (Views: 1.3ms | ActiveRecord: 0.1ms (1 query, 0 cached) | GC: 0.0ms)


  ↳ app/controllers/appointments_controller.rb:8:in `index'
  [1m[36mAppointmentType Load (0.1ms)[0m  [1m[34mSELECT "appointment_types".* FROM "appointment_types" WHERE "appointment_types"."id" IN (?, ?)[0m  [["id", 3], ["id", 4]]
  ↳ app/controllers/appointments_controller.rb:8:in `index'
Completed 200 OK in 3ms (Views: 2.4ms | ActiveRecord: 0.1ms (2 queries, 0 cached) | GC: 0.1ms)


Started GET "/appointment_types" for 192.168.65.1 at 2026-09-13 01:58:21 +0000
Started GET "/appointments" for 192.168.65.1 at 2026-09-13 01:58:21 +0000
Processing by AppointmentTypesController#index as HTML
  Parameters: {"appointment_type"=>{}}
Processing by AppointmentsController#index as HTML
  [1m[36mAppointmentType Load (0.1ms)[0m  [1m[34mSELECT "appointment_types".* FROM "appointment_types"[0m
  Parameters: {"appointment"=>{}}
  ↳ app/controllers/appointment_types_controller.rb:8:in `index'
  [1m[36mAppointment Load (0.1ms)[0m  [1m[34mSELECT "appointments".* FROM "appointments" ORDER BY "appointments"."starts_at" ASC[0m
Completed 200 OK in 2ms (Views: 1.7ms | ActiveRecord: 0.1ms (1 query, 0 cached) | GC: 0.3ms)


  ↳ app/controllers/appointments_controller.rb:8:in `index'
  [1m[36mAppointmentType Load (0.1ms)[0m  [1m[34mSELECT "appointment_types".* FROM "appointment_types" WHERE "appointment_types"."id" IN (?, ?)[0m  [["id", 3], ["id", 4]]
  ↳ app/controllers/appointments_controller.rb:8:in `index'
Completed 200 OK in 3ms (Views: 2.3ms | ActiveRecord: 0.4ms (2 queries, 0 cached) | GC: 0.3ms)


Started GET "/appointments" for 192.168.65.1 at 2026-09-13 01:58:30 +0000
Started GET "/appointment_types" for 192.168.65.1 at 2026-09-13 01:58:30 +0000
Processing by AppointmentTypesController#index as HTML
  Parameters: {"appointment_type"=>{}}
  [1m[36mAppointmentType Load (0.1ms)[0m  [1m[34mSELECT "appointment_types".* FROM "appointment_types"[0m
Processing by AppointmentsController#index as HTML
  ↳ app/controllers/appointment_types_controller.rb:8:in `index'
  Parameters: {"appointment"=>{}}
Completed 200 OK in 2ms (Views: 1.3ms | ActiveRecord: 0.1ms (1 query, 0 cached) | GC: 0.0ms)


  [1m[36mAppointment Load (0.0ms)[0m  [1m[34mSELECT "appointments".* FROM "appointments" ORDER BY "appointments"."starts_at" ASC[0m
  ↳ app/controllers/appointments_controller.rb:8:in `index'
  [1m[36mAppointmentType Load (0.1ms)[0m  [1m[34mSELECT "appointment_types".* FROM "appointment_types" WHERE "appointment_types"."id" IN (?, ?)[0m  [["id", 3], ["id", 4]]
  ↳ app/controllers/appointments_controller.rb:8:in `index'
Completed 200 OK in 2ms (Views: 1.9ms | ActiveRecord: 0.1ms (2 queries, 0 cached) | GC: 0.0ms)


Started GET "/appointment_types" for 192.168.65.1 at 2026-09-13 01:58:48 +0000
Started GET "/appointments" for 192.168.65.1 at 2026-09-13 01:58:48 +0000
Processing by AppointmentTypesController#index as HTML
  Parameters: {"appointment_type"=>{}}
Processing by AppointmentsController#index as HTML
  [1m[36mAppointmentType Load (0.1ms)[0m  [1m[34mSELECT "appointment_types".* FROM "appointment_types"[0m
  Parameters: {"appointment"=>{}}
  ↳ app/controllers/appointment_types_controller.rb:8:in `index'
  [1m[36mAppointment Load (0.0ms)[0m  [1m[34mSELECT "appointments".* FROM "appointments" ORDER BY "appointments"."starts_at" ASC[0m
Completed 200 OK in 1ms (Views: 1.2ms | ActiveRecord: 0.1ms (1 query, 0 cached) | GC: 0.0ms)


  ↳ app/controllers/appointments_controller.rb:8:in `index'
  [1m[36mAppointmentType Load (0.1ms)[0m  [1m[34mSELECT "appointment_types".* FROM "appointment_types" WHERE "appointment_types"."id" IN (?, ?)[0m  [["id", 3], ["id", 4]]
  ↳ app/controllers/appointments_controller.rb:8:in `index'
Completed 200 OK in 2ms (Views: 1.9ms | ActiveRecord: 0.1ms (2 queries, 0 cached) | GC: 0.0ms)


Started GET "/appointments" for 192.168.65.1 at 2026-09-13 01:59:00 +0000
Started GET "/appointment_types" for 192.168.65.1 at 2026-09-13 01:59:00 +0000
Processing by AppointmentsController#index as HTML
  Parameters: {"appointment"=>{}}
Processing by AppointmentTypesController#index as HTML
  [1m[36mAppointment Load (0.1ms)[0m  [1m[34mSELECT "appointments".* FROM "appointments" ORDER BY "appointments"."starts_at" ASC[0m
  Parameters: {"appointment_type"=>{}}
  ↳ app/controllers/appointments_controller.rb:8:in `index'
  [1m[36mAppointmentType Load (0.0ms)[0m  [1m[34mSELECT "appointment_types".* FROM "appointment_types"[0m
  [1m[36mAppointmentType Load (0.1ms)[0m  [1m[34mSELECT "appointment_types".* FROM "appointment_types" WHERE "appointment_types"."id" IN (?, ?)[0m  [["id", 3], ["id", 4]]
  ↳ app/controllers/appointment_types_controller.rb:8:in `index'
  ↳ app/controllers/appointments_controller.rb:8:in `index'
Completed 200 OK in 2ms (Views: 1.5ms | ActiveRecord: 0.0ms (1 query, 0 cached) | GC: 0.0ms)


Completed 200 OK in 3ms (Views: 2.7ms | ActiveRecord: 0.2ms (2 queries, 0 cached) | GC: 0.0ms)


Started GET "/appointment_types" for 192.168.65.1 at 2026-09-13 01:59:32 +0000
Started GET "/appointments" for 192.168.65.1 at 2026-09-13 01:59:32 +0000
Processing by AppointmentTypesController#index as HTML
  Parameters: {"appointment_type"=>{}}
Processing by AppointmentsController#index as HTML
  [1m[36mAppointmentType Load (0.1ms)[0m  [1m[34mSELECT "appointment_types".* FROM "appointment_types"[0m
  Parameters: {"appointment"=>{}}
  ↳ app/controllers/appointment_types_controller.rb:8:in `index'
  [1m[36mAppointment Load (0.1ms)[0m  [1m[34mSELECT "appointments".* FROM "appointments" ORDER BY "appointments"."starts_at" ASC[0m
Completed 200 OK in 1ms (Views: 1.3ms | ActiveRecord: 0.1ms (1 query, 0 cached) | GC: 0.0ms)


  ↳ app/controllers/appointments_controller.rb:8:in `index'
  [1m[36mAppointmentType Load (0.1ms)[0m  [1m[34mSELECT "appointment_types".* FROM "appointment_types" WHERE "appointment_types"."id" IN (?, ?)[0m  [["id", 3], ["id", 4]]
  ↳ app/controllers/appointments_controller.rb:8:in `index'
Completed 200 OK in 2ms (Views: 2.3ms | ActiveRecord: 0.1ms (2 queries, 0 cached) | GC: 0.0ms)


Started GET "/appointment_types" for 192.168.65.1 at 2026-09-13 01:59:42 +0000
Started GET "/appointments" for 192.168.65.1 at 2026-09-13 01:59:42 +0000
Processing by AppointmentTypesController#index as HTML
  Parameters: {"appointment_type"=>{}}
Processing by AppointmentsController#index as HTML
  [1m[36mAppointmentType Load (0.1ms)[0m  [1m[34mSELECT "appointment_types".* FROM "appointment_types"[0m
  Parameters: {"appointment"=>{}}
  ↳ app/controllers/appointment_types_controller.rb:8:in `index'
  [1m[36mAppointment Load (0.0ms)[0m  [1m[34mSELECT "appointments".* FROM "appointments" ORDER BY "appointments"."starts_at" ASC[0m
Completed 200 OK in 2ms (Views: 1.6ms | ActiveRecord: 0.1ms (1 query, 0 cached) | GC: 0.0ms)


  ↳ app/controllers/appointments_controller.rb:8:in `index'
  [1m[36mAppointmentType Load (0.1ms)[0m  [1m[34mSELECT "appointment_types".* FROM "appointment_types" WHERE "appointment_types"."id" IN (?, ?)[0m  [["id", 3], ["id", 4]]
  ↳ app/controllers/appointments_controller.rb:8:in `index'
Completed 200 OK in 3ms (Views: 2.7ms | ActiveRecord: 0.1ms (2 queries, 0 cached) | GC: 0.0ms)


Started GET "/appointments" for 192.168.65.1 at 2026-09-13 01:59:45 +0000
Started GET "/appointment_types" for 192.168.65.1 at 2026-09-13 01:59:45 +0000
Processing by AppointmentTypesController#index as HTML
  Parameters: {"appointment_type"=>{}}
Processing by AppointmentsController#index as HTML
  [1m[36mAppointmentType Load (0.1ms)[0m  [1m[34mSELECT "appointment_types".* FROM "appointment_types"[0m
  Parameters: {"appointment"=>{}}
  ↳ app/controllers/appointment_types_controller.rb:8:in `index'
  [1m[36mAppointment Load (0.1ms)[0m  [1m[34mSELECT "appointments".* FROM "appointments" ORDER BY "appointments"."starts_at" ASC[0m
Completed 200 OK in 2ms (Views: 2.0ms | ActiveRecord: 0.1ms (1 query, 0 cached) | GC: 0.0ms)


  ↳ app/controllers/appointments_controller.rb:8:in `index'
  [1m[36mAppointmentType Load (0.1ms)[0m  [1m[34mSELECT "appointment_types".* FROM "appointment_types" WHERE "appointment_types"."id" IN (?, ?)[0m  [["id", 3], ["id", 4]]
  ↳ app/controllers/appointments_controller.rb:8:in `index'
Completed 200 OK in 4ms (Views: 3.3ms | ActiveRecord: 0.2ms (2 queries, 0 cached) | GC: 0.0ms)


Started GET "/appointments" for 192.168.65.1 at 2026-09-13 01:59:52 +0000
Started GET "/appointment_types" for 192.168.65.1 at 2026-09-13 01:59:52 +0000
Processing by AppointmentTypesController#index as HTML
  Parameters: {"appointment_type"=>{}}
  [1m[36mAppointmentType Load (0.3ms)[0m  [1m[34mSELECT "appointment_types".* FROM "appointment_types"[0m
Processing by AppointmentsController#index as HTML
  ↳ app/controllers/appointment_types_controller.rb:8:in `index'
  Parameters: {"appointment"=>{}}
Completed 200 OK in 2ms (Views: 2.1ms | ActiveRecord: 0.3ms (1 query, 0 cached) | GC: 0.0ms)


  [1m[36mAppointment Load (0.1ms)[0m  [1m[34mSELECT "appointments".* FROM "appointments" ORDER BY "appointments"."starts_at" ASC[0m
  ↳ app/controllers/appointments_controller.rb:8:in `index'
  [1m[36mAppointmentType Load (0.1ms)[0m  [1m[34mSELECT "appointment_types".* FROM "appointment_types" WHERE "appointment_types"."id" IN (?, ?)[0m  [["id", 3], ["id", 4]]
  ↳ app/controllers/appointments_controller.rb:8:in `index'
Completed 200 OK in 3ms (Views: 3.0ms | ActiveRecord: 0.2ms (2 queries, 0 cached) | GC: 0.0ms)


Started GET "/appointments" for 192.168.65.1 at 2026-09-13 01:59:56 +0000
Started GET "/appointment_types" for 192.168.65.1 at 2026-09-13 01:59:56 +0000
Processing by AppointmentsController#index as HTML
  Parameters: {"appointment"=>{}}
Processing by AppointmentTypesController#index as HTML
  [1m[36mAppointment Load (0.1ms)[0m  [1m[34mSELECT "appointments".* FROM "appointments" ORDER BY "appointments"."starts_at" ASC[0m
  Parameters: {"appointment_type"=>{}}
  ↳ app/controllers/appointments_controller.rb:8:in `index'
  [1m[36mAppointmentType Load (0.0ms)[0m  [1m[34mSELECT "appointment_types".* FROM "appointment_types"[0m
  [1m[36mAppointmentType Load (0.1ms)[0m  [1m[34mSELECT "appointment_types".* FROM "appointment_types" WHERE "appointment_types"."id" IN (?, ?)[0m  [["id", 3], ["id", 4]]
  ↳ app/controllers/appointment_types_controller.rb:8:in `index'
  ↳ app/controllers/appointments_controller.rb:8:in `index'
Completed 200 OK in 2ms (Views: 2.0ms | ActiveRecord: 0.0ms (1 query, 0 cached) | GC: 0.0ms)


Completed 200 OK in 4ms (Views: 3.4ms | ActiveRecord: 0.2ms (2 queries, 0 cached) | GC: 0.0ms)


Started GET "/appointment_types" for 192.168.65.1 at 2026-09-13 01:59:59 +0000
Processing by AppointmentTypesController#index as HTML
  Parameters: {"appointment_type"=>{}}
  [1m[36mAppointmentType Load (0.3ms)[0m  [1m[34mSELECT "appointment_types".* FROM "appointment_types"[0m
  ↳ app/controllers/appointment_types_controller.rb:8:in `index'
Completed 200 OK in 2ms (Views: 1.9ms | ActiveRecord: 0.3ms (1 query, 0 cached) | GC: 0.0ms)


